-- phpMyAdmin SQL Dump
-- version 4.1.12
-- http://www.phpmyadmin.net
--
-- Host: localhost
-- Generation Time: Mar 10, 2016 at 01:49 PM
-- Server version: 5.6.16
-- PHP Version: 5.5.11

SET SQL_MODE = "NO_AUTO_VALUE_ON_ZERO";
SET time_zone = "+00:00";


/*!40101 SET @OLD_CHARACTER_SET_CLIENT=@@CHARACTER_SET_CLIENT */;
/*!40101 SET @OLD_CHARACTER_SET_RESULTS=@@CHARACTER_SET_RESULTS */;
/*!40101 SET @OLD_COLLATION_CONNECTION=@@COLLATION_CONNECTION */;
/*!40101 SET NAMES utf8 */;

--
-- Database: `igniter`
--

-- --------------------------------------------------------

--
-- Table structure for table `account`
--

CREATE TABLE IF NOT EXISTS `account` (
  `account_id` int(10) unsigned NOT NULL AUTO_INCREMENT,
  `identity` varchar(16) COLLATE utf8_unicode_ci NOT NULL DEFAULT 'user' COMMENT 'user/staff/store 用户员工或者商家',
  `identity_id` int(10) unsigned NOT NULL DEFAULT '0' COMMENT '对应身份的ID',
  `alipay_name` varchar(128) COLLATE utf8_unicode_ci NOT NULL DEFAULT '' COMMENT '支付宝账户名称',
  `alipay_account` varchar(64) COLLATE utf8_unicode_ci NOT NULL DEFAULT '' COMMENT '支付宝账户',
  `verify_status` int(11) NOT NULL DEFAULT '0' COMMENT '0:待审核,1:审核通过,2:审核不通过',
  `verify_note` varchar(512) COLLATE utf8_unicode_ci NOT NULL DEFAULT '' COMMENT '审核说明',
  `is_enable` enum('0','1') COLLATE utf8_unicode_ci NOT NULL DEFAULT '1' COMMENT '是否可用',
  `updated_at` timestamp NOT NULL DEFAULT CURRENT_TIMESTAMP COMMENT '更新账户的时间',
  `created_at` timestamp NULL DEFAULT NULL COMMENT '帐号关联时间',
  PRIMARY KEY (`account_id`),
  KEY `idx_id_id` (`identity`,`identity_id`),
  KEY `idx_created_at` (`created_at`)
) ENGINE=InnoDB  DEFAULT CHARSET=utf8 COLLATE=utf8_unicode_ci COMMENT='账户表（支付宝账户）' AUTO_INCREMENT=4 ;

--
-- Dumping data for table `account`
--

INSERT INTO `account` (`account_id`, `identity`, `identity_id`, `alipay_name`, `alipay_account`, `verify_status`, `verify_note`, `is_enable`, `updated_at`, `created_at`) VALUES
(1, 'user', 1, '支付宝', '15882112001', 1, '', '1', '2016-01-17 04:09:08', '2015-12-09 16:00:00'),
(2, 'staff', 11, '和毛好', '112453@qq', 1, '', '1', '2016-01-05 07:40:08', '2015-12-15 15:28:55'),
(3, 'staff', 10, '记录了', '太可怜了', 1, '', '1', '2015-12-25 14:02:06', '2015-12-16 13:32:31');

-- --------------------------------------------------------

--
-- Table structure for table `account_auth`
--

CREATE TABLE IF NOT EXISTS `account_auth` (
  `id` int(10) unsigned NOT NULL AUTO_INCREMENT,
  `account` varchar(20) COLLATE utf8_unicode_ci NOT NULL,
  `auth_code` varchar(12) COLLATE utf8_unicode_ci NOT NULL,
  `customer_id` int(10) unsigned NOT NULL,
  PRIMARY KEY (`id`),
  KEY `fk_account_auth_customer1_idx` (`customer_id`)
) ENGINE=InnoDB DEFAULT CHARSET=utf8 COLLATE=utf8_unicode_ci AUTO_INCREMENT=1 ;

-- --------------------------------------------------------

--
-- Table structure for table `address_area`
--

CREATE TABLE IF NOT EXISTS `address_area` (
  `area_id` int(10) unsigned NOT NULL AUTO_INCREMENT,
  `area_name` varchar(128) COLLATE utf8_unicode_ci NOT NULL,
  `increment_id` int(11) NOT NULL COMMENT '地名自增唯一值，9位数字',
  `city_increment_id` int(11) NOT NULL COMMENT '对应城市的自增increment id',
  `area_key` varchar(128) COLLATE utf8_unicode_ci DEFAULT NULL,
  `city_id` int(10) unsigned NOT NULL,
  PRIMARY KEY (`area_id`)
) ENGINE=InnoDB  DEFAULT CHARSET=utf8 COLLATE=utf8_unicode_ci COMMENT='地址-区' AUTO_INCREMENT=30 ;

--
-- Dumping data for table `address_area`
--

INSERT INTO `address_area` (`area_id`, `area_name`, `increment_id`, `city_increment_id`, `area_key`, `city_id`) VALUES
(26, '海淀区', 291406358, 51836942, NULL, 30),
(27, '东城区', 603142578, 51836942, NULL, 30),
(28, '东城区', 368495021, 648179520, NULL, 22),
(29, '宣武区', 826954170, 648179520, NULL, 22);

-- --------------------------------------------------------

--
-- Table structure for table `address_city`
--

CREATE TABLE IF NOT EXISTS `address_city` (
  `city_id` int(10) unsigned NOT NULL AUTO_INCREMENT,
  `city_name` varchar(128) COLLATE utf8_unicode_ci NOT NULL,
  `increment_id` int(11) NOT NULL COMMENT '地名自增唯一值，9位数字',
  `province_increment_id` int(11) NOT NULL COMMENT '对应省的自增increment id',
  `city_key` varchar(128) COLLATE utf8_unicode_ci DEFAULT NULL,
  `province_id` int(10) unsigned NOT NULL,
  PRIMARY KEY (`city_id`)
) ENGINE=InnoDB  DEFAULT CHARSET=utf8 COLLATE=utf8_unicode_ci COMMENT='地址-市' AUTO_INCREMENT=30 ;

--
-- Dumping data for table `address_city`
--

INSERT INTO `address_city` (`city_id`, `city_name`, `increment_id`, `province_increment_id`, `city_key`, `province_id`) VALUES
(21, '北京市', 961524738, 672984351, NULL, 8),
(29, '成都市', 582190643, 456091327, NULL, 7);

-- --------------------------------------------------------

--
-- Table structure for table `address_province`
--

CREATE TABLE IF NOT EXISTS `address_province` (
  `province_id` int(10) unsigned NOT NULL AUTO_INCREMENT,
  `province_name` varchar(128) COLLATE utf8_unicode_ci NOT NULL,
  `increment_id` int(11) NOT NULL COMMENT '地名自增唯一值，9位数字',
  `province_key` varchar(128) COLLATE utf8_unicode_ci NOT NULL,
  PRIMARY KEY (`province_id`),
  UNIQUE KEY `province_name` (`province_name`)
) ENGINE=InnoDB  DEFAULT CHARSET=utf8 COLLATE=utf8_unicode_ci COMMENT='地址-省' AUTO_INCREMENT=16 ;

--
-- Dumping data for table `address_province`
--

INSERT INTO `address_province` (`province_id`, `province_name`, `increment_id`, `province_key`) VALUES
(2, '贵州省', 362790581, ''),
(3, '云南省', 487306259, ''),
(5, '上海市', 149785306, ''),
(6, '重庆市', 56314729, ''),
(7, '四川省', 456091327, ''),
(8, '北京市', 672984351, ''),
(10, '黑龙江省', 257619430, ''),
(15, '内蒙古自治区', 925610478, '');

-- --------------------------------------------------------

--
-- Table structure for table `admin_role`
--

CREATE TABLE IF NOT EXISTS `admin_role` (
  `admin_role_id` int(10) unsigned NOT NULL AUTO_INCREMENT,
  `admin_role_name` varchar(128) COLLATE utf8_unicode_ci NOT NULL COMMENT '账户管理员的权限分组',
  PRIMARY KEY (`admin_role_id`)
) ENGINE=InnoDB  DEFAULT CHARSET=utf8 COLLATE=utf8_unicode_ci COMMENT='管理员角色表' AUTO_INCREMENT=3 ;

--
-- Dumping data for table `admin_role`
--

INSERT INTO `admin_role` (`admin_role_id`, `admin_role_name`) VALUES
(1, '超级管理员'),
(2, '普通商家');

-- --------------------------------------------------------

--
-- Table structure for table `admin_user`
--

CREATE TABLE IF NOT EXISTS `admin_user` (
  `admin_user_id` int(10) unsigned NOT NULL AUTO_INCREMENT COMMENT '自增主键',
  `admin_role_id` int(10) unsigned NOT NULL COMMENT '管理员角色ID,关联admin_role表',
  `store_id` int(10) unsigned NOT NULL DEFAULT '0' COMMENT '账户所属商家ID,关联sales_store表',
  `account` varchar(64) COLLATE utf8_unicode_ci NOT NULL COMMENT '账号',
  `password` varchar(256) COLLATE utf8_unicode_ci NOT NULL DEFAULT '' COMMENT '密码',
  `email` varchar(64) COLLATE utf8_unicode_ci DEFAULT NULL COMMENT '电子邮箱地址',
  `phone` varchar(32) COLLATE utf8_unicode_ci NOT NULL DEFAULT '' COMMENT '电话号码',
  `created_at` timestamp NULL DEFAULT NULL COMMENT '账户创建时间',
  `updated_at` timestamp NULL DEFAULT NULL COMMENT '账户更新时间',
  `last_login_time` timestamp NULL DEFAULT NULL COMMENT '最后一次登录时间',
  `last_login_ip` varchar(16) COLLATE utf8_unicode_ci NOT NULL DEFAULT '127.0.0.1' COMMENT '最后一次登录IP',
  `login_times` int(10) unsigned NOT NULL DEFAULT '0' COMMENT '总共登录次数',
  `is_enable` enum('0','1') COLLATE utf8_unicode_ci NOT NULL DEFAULT '1' COMMENT '账户是否可用，默认为1:可用',
  `notes` varchar(1024) COLLATE utf8_unicode_ci DEFAULT '' COMMENT '备注信息',
  PRIMARY KEY (`admin_user_id`),
  UNIQUE KEY `account_UNIQUE` (`account`),
  KEY `idx_created_at` (`created_at`),
  KEY `idx_updated_at` (`updated_at`)
) ENGINE=InnoDB  DEFAULT CHARSET=utf8 COLLATE=utf8_unicode_ci COMMENT='管理员用户表' AUTO_INCREMENT=13 ;

--
-- Dumping data for table `admin_user`
--

INSERT INTO `admin_user` (`admin_user_id`, `admin_role_id`, `store_id`, `account`, `password`, `email`, `phone`, `created_at`, `updated_at`, `last_login_time`, `last_login_ip`, `login_times`, `is_enable`, `notes`) VALUES
(1, 1, 1, '15208305698', '$2y$10$3osv83s3NSXyIS24MrxWye8oxkDJdJrO3MHOmZl9icDD1T93xPJLC', NULL, '15208305698', '2015-11-05 18:43:55', '2015-11-05 18:43:55', '2016-02-25 06:46:18', '221.237.113.129', 335, '1', ''),
(2, 1, 2, '15208205232', '$2y$10$Zg4BJnRiqjWmcwIB98rCBe5EIvjYp6pI/PtSiP0L35PBX7alrL5su', NULL, '15208205232', '2015-11-05 23:46:16', '2016-01-17 14:04:31', '2016-01-12 03:38:34', '125.71.77.41', 153, '0', ''),
(3, 1, 3, '15208305699', '431be3a6c9f5cef3ed11a804225eeec6', NULL, '15208305699', '2015-11-06 00:42:23', '2015-11-06 00:42:23', '2015-11-06 00:42:23', '127.0.0.1', 0, '1', ''),
(4, 2, 1, 'first_store', '$2y$10$BIlfuiLnygCFjiUuatGqmuwR56PvjrgNP/siQKZTOjQEtfVNuY6tm', 'xuechaoc@qq.com', '15882112001', NULL, '2016-01-22 05:59:18', '2016-02-03 16:18:26', '175.153.41.54', 260, '1', ''),
(5, 1, 0, 'root', '$2y$10$wTjwDsnlXY74MYNHYMhuGOVDzVUdt3cCsk.9QWM2vNw74yKNflbTS', NULL, '18780208888', '2015-11-15 07:42:47', '2015-11-15 07:42:47', '2016-02-03 13:58:55', '175.153.41.54', 370, '1', ''),
(6, 2, 1, 'store1', '$2y$10$vpK6s5gdfBtC2pbsQeQZ/ueEs.4K1l8Di7YSIOw8jRMiIp.kXhBYG', NULL, '18780204298', '2015-11-17 01:12:42', '2015-11-17 01:12:42', '2016-01-22 07:44:27', '125.70.56.39', 669, '1', ''),
(7, 2, 1, '辜晓', '$2y$10$kq6IkSUZRSE9NARNAjQYgOancLj3I/UmvvAfLTMwrAuOvSrJnXf7.', '123@qq.com', '15311111111', '2016-01-13 13:18:40', '2016-01-20 07:47:02', '2016-01-27 06:41:07', '222.211.214.239', 20, '1', ''),
(8, 2, 10, '15212344321', '$2y$10$3cuv1lI9uVzKzdNn8Zsx5eKqBLH4i2EHntH/Mzkx43b6fIYLOo5LK', '1243@qq.com', '15212344321', '2016-01-13 13:19:48', '2016-01-20 07:03:21', '2016-01-27 06:59:00', '222.211.214.239', 39, '1', ''),
(9, 1, 8, '15211111111', '$2y$10$uk2C71SoKU88Q4qD6qSsMuZnuCysHuDvIt9rMzAm4L0Z8xJig7DLm', '124@qq.com', '15212344321', '2016-01-13 13:37:12', '2016-01-17 14:04:27', NULL, '127.0.0.1', 0, '0', ''),
(10, 2, 1, 'test_dave', '$2y$10$g4fX.QNppYe4dJwC.fwzs.ifGJQllIKzyyvvGeddnlCV6xwz.gpA.', 'hhxsv5@sina.com', '18780207350', '2016-01-17 11:29:52', '2016-01-21 13:06:01', '2016-01-26 02:17:26', '118.122.119.107', 7, '1', 'dave'),
(11, 2, 10, 'store_dave', '$2y$10$u0FhnlP4PGCJ0gGJScBm8.hgVeBpe8PD8E0HGpHhwp3Knm.HsZycO', 'hhxsv5@sina.com', '18780207350', '2016-01-17 11:30:56', '2016-01-21 14:11:59', '2016-01-21 14:15:17', '171.221.144.5', 2, '1', 'dave store'),
(12, 2, 11, '15211112222', '$2y$10$kHqINj/gM19QVGRFvoWH4.IWA3RRLMMwiRPmcojq.fVuGP4w4UZpG', '1@qq.com', '15211112222', '2016-01-22 13:47:25', '2016-01-22 13:47:25', '2016-01-22 13:54:41', '118.116.87.145', 2, '1', '');

-- --------------------------------------------------------

--
-- Table structure for table `app_upgrade`
--

CREATE TABLE IF NOT EXISTS `app_upgrade` (
  `id` int(10) unsigned NOT NULL AUTO_INCREMENT,
  `platform` varchar(16) COLLATE utf8_unicode_ci DEFAULT NULL COMMENT 'guider表示导购端，cashier代表收银端',
  `type_id` int(10) unsigned NOT NULL COMMENT 'andriod是100，ios是300',
  `version_name` varchar(64) COLLATE utf8_unicode_ci DEFAULT NULL COMMENT '版本名称',
  `version_pic_x` varchar(128) COLLATE utf8_unicode_ci NOT NULL COMMENT '启动加载横图',
  `version_pic_y` varchar(128) COLLATE utf8_unicode_ci NOT NULL COMMENT '启动加载竖图',
  `verify` enum('0','1') COLLATE utf8_unicode_ci NOT NULL DEFAULT '0' COMMENT '是否开启',
  `platform_id` int(10) unsigned DEFAULT NULL COMMENT '100：表示android客户端；200表示iphone客户端, 300表示ipad',
  `version` varchar(32) COLLATE utf8_unicode_ci NOT NULL DEFAULT '' COMMENT '版本号',
  `subversion` int(10) unsigned NOT NULL DEFAULT '0' COMMENT '子版本号',
  `download_url` varchar(255) COLLATE utf8_unicode_ci DEFAULT NULL COMMENT '下载地址',
  `upgrade_info` text COLLATE utf8_unicode_ci COMMENT '升级详细内容',
  `is_force_upgrade` enum('0','1') COLLATE utf8_unicode_ci NOT NULL DEFAULT '0' COMMENT '是否强制更新',
  `ios_is_verify` enum('0','1') COLLATE utf8_unicode_ci DEFAULT '0' COMMENT 'ios是否需要鉴别？',
  PRIMARY KEY (`id`)
) ENGINE=InnoDB  DEFAULT CHARSET=utf8 COLLATE=utf8_unicode_ci COMMENT='系统版本升级表' AUTO_INCREMENT=9 ;

--
-- Dumping data for table `app_upgrade`
--

INSERT INTO `app_upgrade` (`id`, `platform`, `type_id`, `version_name`, `version_pic_x`, `version_pic_y`, `verify`, `platform_id`, `version`, `subversion`, `download_url`, `upgrade_info`, `is_force_upgrade`, `ios_is_verify`) VALUES
(1, 'cashier', 100, '测试版本', '', '', '0', 100, '3', 20151104, 'http://mapps.m1905.com/service/Html/Pack/androidpad/2.4/M1905AndroidPadHD_49_wap.apk', '检测到一个新版本，建议升级\r\n1.此版本新增**功能\r\n2.修改bug\r\n', '0', NULL),
(2, 'guider', 300, 'v1.0', '', '', '0', NULL, '10', 20150925, 'http://baidu.com', 'test', '1', '0'),
(4, 'guider', 100, '', '', '', '0', NULL, '', 0, '', '', '', NULL),
(7, 'fans', 300, 'fans_ios', '', '', '0', NULL, '19', 20151025, 'http://www.baidu.com', 'test', '1', '1'),
(8, 'fans', 100, '', '', '', '0', NULL, '', 0, '', '', '', NULL);

-- --------------------------------------------------------

--
-- Table structure for table `balance_customer`
--

CREATE TABLE IF NOT EXISTS `balance_customer` (
  `balance_customer_id` int(10) unsigned NOT NULL AUTO_INCREMENT,
  `customer_id` int(10) unsigned NOT NULL COMMENT '客户ID',
  `card_number` varchar(32) COLLATE utf8_unicode_ci NOT NULL DEFAULT '' COMMENT '会员卡号',
  `store_id` int(10) unsigned NOT NULL COMMENT '商家ID',
  `staff_id` int(11) NOT NULL DEFAULT '0' COMMENT '如果是充值此处有收银员ID',
  `type` varchar(16) COLLATE utf8_unicode_ci DEFAULT NULL COMMENT '流水类型 **(consume:消费, withdraw:提现, charge:充值)**',
  `charge_type` enum('cash','balance','balance_platform') COLLATE utf8_unicode_ci NOT NULL DEFAULT 'cash' COMMENT '充值支付方式(现金/余额/平台余额)',
  `source_id` varchar(16) COLLATE utf8_unicode_ci NOT NULL DEFAULT '' COMMENT '来源Id,如果是消费,关联订单号，如果是提现则关联提现单号，如果是退货则关联退货单号',
  `amount` decimal(12,2) NOT NULL DEFAULT '0.00' COMMENT '金额',
  `created_at` timestamp NULL DEFAULT NULL COMMENT '流水创建时间',
  PRIMARY KEY (`balance_customer_id`),
  KEY `idx_store_id` (`store_id`),
  KEY `idx_created_at` (`created_at`),
  KEY `idx_customer_id` (`customer_id`)
) ENGINE=InnoDB  DEFAULT CHARSET=utf8 COLLATE=utf8_unicode_ci COMMENT='用户余额流水表' AUTO_INCREMENT=177 ;

--
-- Dumping data for table `balance_customer`
--

INSERT INTO `balance_customer` (`balance_customer_id`, `customer_id`, `card_number`, `store_id`, `staff_id`, `type`, `charge_type`, `source_id`, `amount`, `created_at`) VALUES
(6, 1, '1000001', 0, 1, 'charge', 'cash', '0', '300.00', '2015-11-25 09:47:49'),
(7, 1, '1000001', 1, 1, 'charge', 'balance_platform', '0', '300.00', '2015-11-25 09:48:41'),
(8, 1, '1000001', 0, 1, 'consume', 'balance_platform', '7', '300.00', '2015-11-25 09:48:41'),
(9, 1, '1000001', 1, 1, 'charge', 'cash', '0', '300.00', '2015-11-25 09:49:35'),
(10, 1, '1000001', 0, 1, 'charge', 'balance', '0', '300.00', '2015-11-25 09:50:28'),
(11, 1, '1000001', 1, 1, 'consume', 'balance', '10', '300.00', '2015-11-25 09:50:28'),
(12, 1, '1000001', 0, 1, 'charge', 'balance', '0', '300.00', '2015-11-25 09:57:38'),
(13, 1, '1000001', 1, 1, 'consume', 'balance', '12', '300.00', '2015-11-25 09:57:38'),
(14, 1, '1000001', 1, 1, 'charge', 'cash', '0', '300.00', '2015-11-26 08:47:30'),
(15, 1, '1000001', 1, 1, 'consume', 'balance', '151126607090016', '78.00', '2015-11-26 08:51:49'),
(17, 1, '1000001', 1, 1, 'charge', 'cash', '0', '300.00', '2015-11-26 08:56:33'),
(18, 1, '1000001', 1, 1, 'consume', 'balance', '151126610300017', '78.00', '2015-11-26 08:57:10'),
(19, 1, '1000001', 1, 1, 'consume', 'balance', '151126610320018', '78.00', '2015-11-26 08:57:12'),
(20, 1, '1000001', 1, 1, 'consume', 'balance', '151126610330019', '78.00', '2015-11-26 08:57:13'),
(21, 1, '1000001', 1, 1, 'consume', 'balance', '151126610340020', '78.00', '2015-11-26 08:57:14'),
(22, 1, '1000001', 1, 1, 'consume', 'balance', '151126610350021', '78.00', '2015-11-26 08:57:16'),
(23, 1, '1000001', 1, 1, 'consume', 'balance', '151126610370022', '78.00', '2015-11-26 08:57:17'),
(24, 1, '1000001', 1, 1, 'charge', 'cash', '0', '300.00', '2015-11-26 08:58:10'),
(25, 1, '1000001', 0, 1, 'charge', 'cash', '0', '300.00', '2015-11-26 08:58:24'),
(26, 1, '1000001', 0, 1, 'consume', 'balance', '151126611310025', '78.00', '2015-11-26 08:58:51'),
(27, 1, '1000001', 0, 1, 'consume', 'balance', '151126617770035', '78.00', '2015-11-26 09:09:37'),
(28, 1, '1000001', 0, 1, 'consume', 'balance', '151126620970039', '70.20', '2015-11-26 09:14:57'),
(29, 1, '1000001', 0, 1, 'consume', 'balance', '151126621470040', '78.00', '2015-11-26 09:15:47'),
(30, 1, '1000001', 1, 1, 'charge', 'cash', '0', '300.00', '2015-11-26 09:35:08'),
(33, 1, '1000001', 1, 1, 'charge', 'cash', '0', '300.00', '2015-11-26 09:36:25'),
(37, 1, '1000001', 1, 1, 'charge', 'cash', '0', '300.00', '2015-11-28 03:54:48'),
(38, 1, '1000001', 1, 1, 'charge', 'cash', '0', '300.00', '2015-11-28 03:56:33'),
(39, 1, '1000001', 1, 1, 'charge', 'cash', '0', '300.00', '2015-11-28 04:23:04'),
(40, 1, '1000001', 1, 1, 'charge', 'cash', '0', '300.00', '2015-11-28 04:24:48'),
(41, 12, '01000007', 1, 1, 'charge', 'cash', '0', '100.00', '2015-12-14 12:48:48'),
(42, 12, '01000007', 1, 1, 'consume', 'balance', '151214749410010', '70.80', '2015-12-14 12:49:01'),
(43, 12, '01000007', 1, 12, 'charge', 'cash', '0', '100.00', '2015-12-14 13:09:13'),
(44, 12, '01000007', 1, 12, 'donate', '', '43', '10.00', '2015-12-14 13:09:13'),
(45, 12, '01000007', 1, 12, 'charge', 'cash', '0', '550.00', '2015-12-14 14:08:53'),
(46, 12, '01000007', 1, 12, 'donate', '', '45', '50.00', '2015-12-14 14:08:53'),
(47, 12, '01000007', 1, 12, 'consume', 'balance', '151214797560022', '311.55', '2015-12-14 14:09:16'),
(48, 12, '01000007', 1, 12, 'consume', 'balance', '151214804950023', '14.00', '2015-12-14 14:21:35'),
(49, 12, '01000007', 1, 12, 'consume', 'balance', '151214809970024', '28.00', '2015-12-14 14:29:57'),
(50, 14, '01000009', 1, 1, 'charge', 'cash', '0', '10000.00', '2015-12-15 06:45:08'),
(51, 14, '01000009', 1, 1, 'donate', '', '50', '10.00', '2015-12-15 06:45:08'),
(52, 14, '01000009', 1, 1, 'consume', 'balance', '151215533780003', '91.92', '2015-12-15 06:49:38'),
(53, 12, '01000007', 1, 1, 'charge', 'cash', '0', '1000.00', '2015-12-15 08:07:33'),
(54, 12, '01000007', 1, 1, 'consume', 'balance', '151215582760008', '56.00', '2015-12-15 08:11:16'),
(55, 14, '01000009', 1, 1, 'consume', 'balance', '151215592810012', '316.00', '2015-12-15 08:28:01'),
(56, 1, '1000001', 1, 1, 'charge', 'cash', '0', '500.00', '2015-12-15 09:16:07'),
(57, 1, '1000001', 1, 1, 'charge', 'cash', '0', '300.00', '2015-12-15 09:17:11'),
(58, 12, '01000007', 1, 12, 'consume', 'balance', '151215632070018', '28.00', '2015-12-15 09:33:27'),
(59, 14, '01000009', 1, 1, 'consume', 'balance', '151215827920020', '144.57', '2015-12-15 14:59:52'),
(60, 23, '01000010', 1, 12, 'charge', 'cash', '0', '100.00', '2015-12-16 07:49:22'),
(61, 1, '1000001', 1, 1, 'consume', 'balance', '151216575180004', '144.00', '2015-12-16 07:58:38'),
(62, 1, '1000001', 1, 1, 'refund', '', '21', '144.00', '2015-12-16 07:59:08'),
(63, 23, '01000010', 1, 12, 'consume', 'balance', '151216575710005', '13.33', '2015-12-16 07:59:31'),
(64, 1, '1000001', 1, 1, 'consume', 'balance', '151216576220006', '66.80', '2015-12-16 08:00:22'),
(65, 1, '1000001', 1, 1, 'refund', '', '22', '66.80', '2015-12-16 08:01:22'),
(66, 23, '01000010', 1, 12, 'charge', 'cash', '0', '100.00', '2015-12-16 09:15:52'),
(67, 23, '01000010', 1, 12, 'donate', '', '66', '50.00', '2015-12-16 09:15:52'),
(68, 23, '01000010', 1, 12, 'consume', 'balance', '151216621750008', '56.00', '2015-12-16 09:16:15'),
(69, 23, '01000010', 1, 12, 'refund', '', '26', '28.00', '2015-12-16 09:18:06'),
(70, 23, '01000010', 1, 12, 'consume', 'balance', '151216625790012', '30.16', '2015-12-16 09:22:59'),
(71, 23, '01000010', 1, 12, 'refund', '', '27', '7.76', '2015-12-16 09:23:34'),
(72, 12, '01000007', 1, 12, 'consume', 'balance', '151216650020014', '42.00', '2015-12-16 10:03:22'),
(73, 23, '01000010', 1, 1, 'refund', '', '29', '6.60', '2015-12-16 13:23:39'),
(74, 12, '01000007', 1, 1, 'refund', '', '30', '21.00', '2015-12-16 13:24:25'),
(75, 1, '1000001', 1, 1, 'consume', 'balance', '151217386310001', '112.20', '2015-12-17 02:43:51'),
(76, 1, '1000001', 1, 1, 'consume', 'balance', '151217401960002', '188.60', '2015-12-17 03:09:56'),
(77, 1, '1000001', 1, 12, 'refund', '', '35', '112.20', '2015-12-17 03:11:00'),
(78, 1, '1000001', 1, 12, 'refund', '', '36', '188.60', '2015-12-17 03:11:19'),
(79, 1, '1000001', 1, 12, 'consume', 'balance', '151217403090003', '107.00', '2015-12-17 03:11:49'),
(80, 1, '1000001', 1, 12, 'consume', 'balance', '151217403290004', '160.00', '2015-12-17 03:12:09'),
(81, 1, '1000001', 1, 1, 'refund', '', '37', '107.00', '2015-12-17 03:12:35'),
(82, 1, '1000001', 1, 1, 'consume', 'balance', '151217500050005', '70.70', '2015-12-17 05:53:25'),
(83, 12, '01000007', 1, 12, 'charge', 'cash', '0', '10.00', '2015-12-18 02:20:38'),
(84, 12, '01000007', 1, 12, 'charge', 'cash', '0', '10.00', '2015-12-18 02:20:46'),
(85, 12, '01000007', 1, 12, 'donate', '', '84', '5.00', '2015-12-18 02:20:46'),
(86, 12, '01000007', 1, 12, 'consume', 'balance', '151218374580002', '30.00', '2015-12-18 02:24:18'),
(87, 12, '01000007', 1, 12, 'refund', '', '39', '30.00', '2015-12-18 02:24:49'),
(88, 12, '01000007', 1, 12, 'consume', 'balance', '151218508820007', '60.20', '2015-12-18 06:08:02'),
(89, 12, '01000007', 1, 12, 'consume', 'balance', '151218564090009', '9.70', '2015-12-18 07:40:09'),
(90, 26, '01000013', 1, 12, 'charge', 'cash', '0', '100.00', '2015-12-18 09:03:38'),
(91, 26, '01000013', 1, 12, 'donate', '', '90', '50.00', '2015-12-18 09:03:38'),
(92, 26, '01000013', 1, 12, 'consume', 'balance', '151218615060012', '40.00', '2015-12-18 09:05:06'),
(93, 26, '01000013', 1, 12, 'refund', '', '44', '40.00', '2015-12-18 09:11:51'),
(94, 26, '01000013', 1, 1, 'consume', 'balance', '151218622400016', '40.00', '2015-12-18 09:17:20'),
(95, 26, '01000013', 1, 12, 'refund', '', '49', '40.00', '2015-12-18 09:19:21'),
(96, 26, '01000013', 1, 12, 'consume', 'balance', '151218625460021', '40.00', '2015-12-18 09:22:26'),
(97, 26, '01000013', 1, 12, 'refund', '', '54', '40.00', '2015-12-18 09:23:42'),
(98, 23, '01000010', 1, 12, 'consume', 'balance', '151222746080001', '49.98', '2015-12-22 12:43:28'),
(99, 23, '01000010', 1, 12, 'consume', 'balance', '151222746430002', '46.65', '2015-12-22 12:44:03'),
(100, 23, '01000010', 1, 12, 'charge', 'cash', '0', '100.00', '2015-12-24 12:35:46'),
(101, 23, '01000010', 1, 12, 'consume', 'balance', '151224741670002', '43.40', '2015-12-24 12:36:07'),
(102, 23, '01000010', 1, 12, 'refund', '', '56', '43.40', '2015-12-24 12:41:49'),
(103, 23, '01000010', 1, 1, 'consume', 'balance', '151225377260002', '40.00', '2015-12-25 02:28:46'),
(104, 23, '01000010', 1, 12, 'consume', 'balance', '151226808590007', '28.00', '2015-12-26 14:27:39'),
(105, 23, '01000010', 1, 12, 'consume', 'balance', '151226809040008', '56.00', '2015-12-26 14:28:24'),
(106, 23, '01000010', 1, 12, 'consume', 'balance', '151226809410009', '28.00', '2015-12-26 14:29:01'),
(107, 23, '01000010', 1, 12, 'consume', 'balance', '151226809770010', '10.00', '2015-12-26 14:29:37'),
(108, 23, '01000010', 1, 12, 'consume', 'balance', '151226810040011', '10.00', '2015-12-26 14:30:04'),
(109, 23, '01000010', 1, 1, 'charge', 'cash', '0', '1000.00', '2015-12-27 03:53:39'),
(110, 23, '01000010', 1, 1, 'consume', 'balance', '151227428430001', '28.00', '2015-12-27 03:54:03'),
(111, 25, '01000012', 1, 12, 'charge', 'cash', '0', '100.00', '2015-12-27 06:17:18'),
(112, 25, '01000012', 1, 12, 'consume', 'balance', '151227514440004', '13.80', '2015-12-27 06:17:24'),
(113, 25, '01000012', 1, 12, 'consume', 'balance', '151227516890007', '6.90', '2015-12-27 06:21:29'),
(114, 23, '01000010', 1, 12, 'consume', 'balance', '151227518950011', '28.00', '2015-12-27 06:24:55'),
(115, 23, '01000010', 1, 12, 'consume', 'balance', '151227523150014', '26.60', '2015-12-27 06:31:55'),
(116, 23, '01000010', 1, 12, 'refund', '', '67', '26.60', '2015-12-27 06:34:48'),
(117, 23, '01000010', 1, 12, 'refund', '', '70', '28.00', '2015-12-27 06:35:16'),
(118, 25, '01000012', 1, 12, 'refund', '', '74', '6.90', '2015-12-27 06:35:29'),
(119, 25, '01000012', 1, 12, 'consume', 'balance', '151229583000007', '25.00', '2015-12-29 08:11:40'),
(120, 25, '01000012', 1, 12, 'consume', 'balance', '151229583210008', '12.50', '2015-12-29 08:12:01'),
(121, 25, '01000012', 1, 12, 'refund', '', '76', '12.50', '2015-12-29 08:12:36'),
(122, 25, '01000012', 1, 12, 'charge', 'cash', '0', '100.00', '2015-12-29 08:13:47'),
(123, 25, '01000012', 1, 12, 'donate', '', '122', '10.00', '2015-12-29 08:13:47'),
(124, 25, '01000012', 1, 12, 'consume', 'balance', '160105544490003', '50.00', '2016-01-05 07:07:29'),
(125, 12, '01000007', 1, 12, 'consume', 'balance', '160105545780004', '44.00', '2016-01-05 07:09:38'),
(126, 25, '01000012', 1, 12, 'charge', 'cash', '0', '100.00', '2016-01-05 08:09:31'),
(127, 25, '01000012', 1, 12, 'donate', '', '126', '50.00', '2016-01-05 08:09:31'),
(128, 25, '01000012', 1, 12, 'charge', 'cash', '0', '100.00', '2016-01-05 08:10:50'),
(129, 25, '01000012', 1, 12, 'consume', 'balance', '160105589000014', '30.00', '2016-01-05 08:21:40'),
(130, 25, '01000012', 1, 12, 'consume', 'balance', '160105589410015', '24.00', '2016-01-05 08:22:21'),
(131, 25, '01000012', 1, 1, 'consume', 'balance', '160111771950002', '38.00', '2016-01-11 13:26:35'),
(132, 25, '01000012', 1, 1, 'charge', 'cash', '0', '100.00', '2016-01-11 13:29:34'),
(133, 25, '01000012', 1, 1, 'consume', 'balance', '160111774050005', '38.00', '2016-01-11 13:30:05'),
(134, 25, '01000012', 1, 1, 'refund', '', '79', '19.00', '2016-01-11 13:30:17'),
(135, 25, '01000012', 1, 1, 'consume', 'balance', '160111774810006', '38.00', '2016-01-11 13:31:21'),
(136, 25, '01000012', 1, 1, 'refund', '', '80', '19.00', '2016-01-11 13:31:32'),
(137, 25, '01000012', 1, 12, 'consume', 'balance', '160111784280009', '21.80', '2016-01-11 13:47:08'),
(138, 25, '01000012', 1, 12, 'refund', '', '83', '10.90', '2016-01-11 13:47:34'),
(139, 25, '01000012', 1, 12, 'charge', 'cash', '0', '100.00', '2016-01-11 13:50:14'),
(140, 25, '01000012', 1, 12, 'donate', '', '139', '50.00', '2016-01-11 13:50:14'),
(141, 25, '01000012', 1, 12, 'charge', 'cash', '0', '100.00', '2016-01-11 13:50:24'),
(142, 23, '01000010', 1, 12, 'charge', 'cash', '0', '100.00', '2016-01-11 13:50:42'),
(143, 25, '01000012', 1, 12, 'consume', 'balance', '160117779350002', '28.50', '2016-01-17 13:38:55'),
(144, 25, '01000012', 1, 12, 'consume', 'balance', '160117789260006', '60.00', '2016-01-17 13:55:26'),
(145, 25, '01000012', 1, 12, 'refund', '', '89', '30.00', '2016-01-17 13:55:36'),
(146, 31, '1111', 1, 12, 'charge', 'cash', '0', '100.00', '2016-01-17 14:20:22'),
(147, 31, '1111', 1, 12, 'donate', '', '146', '100.00', '2016-01-17 14:20:22'),
(148, 31, '1111', 1, 12, 'charge', 'cash', '0', '100.00', '2016-01-17 14:20:39'),
(149, 31, '1111', 1, 12, 'consume', 'balance', '160117804640008', '60.00', '2016-01-17 14:21:04'),
(150, 31, '1111', 1, 12, 'refund', '', '91', '60.00', '2016-01-17 14:22:26'),
(151, 31, '1111', 1, 12, 'charge', 'cash', '0', '100.00', '2016-01-17 14:23:53'),
(152, 31, '1111', 1, 12, 'consume', 'balance', '160117806400009', '60.00', '2016-01-17 14:24:00'),
(153, 25, '01000012', 1, 12, 'consume', 'balance', '160120519410004', '56.00', '2016-01-20 06:25:41'),
(154, 25, '01000012', 1, 12, 'refund', '', '95', '56.00', '2016-01-20 06:26:42'),
(155, 25, '01000012', 1, 12, 'consume', 'balance', '160120561040008', '60.00', '2016-01-20 07:35:04'),
(156, 25, '01000012', 1, 12, 'refund', '', '98', '30.00', '2016-01-20 07:35:33'),
(157, 25, '01000012', 1, 12, 'consume', 'balance', '160120562720013', '30.00', '2016-01-20 07:37:52'),
(158, 25, '01000012', 1, 12, 'refund', '', '103', '30.00', '2016-01-20 07:38:24'),
(159, 23, '01000010', 1, 12, 'consume', 'balance', '160127537000003', '27.00', '2016-01-27 06:55:00'),
(160, 23, '01000010', 1, 12, 'consume', 'balance', '160127538070004', '30.00', '2016-01-27 06:56:47'),
(161, 1, '1000001', 1, 1, 'consume', 'balance', '160130641370002', '40.00', '2016-01-30 09:48:57'),
(162, 1, '1000001', 1, 1, 'consume', 'balance', '160130643040003', '30.00', '2016-01-30 09:51:44'),
(163, 1, '1000001', 0, 4, 'charge', 'balance', '0', '300.00', '2016-01-30 14:20:42'),
(164, 1, '1000001', 1, 4, 'consume', 'balance', '163', '300.00', '2016-01-30 14:20:42'),
(165, 1, '1000001', 1, 4, 'consume', 'balance', '160130809690012', '16.25', '2016-01-30 14:29:29'),
(166, 1, '1000001', 1, 4, 'consume', 'balance', '160130813690013', '16.25', '2016-01-30 14:36:09'),
(167, 1, '1000001', 1, 4, 'consume', 'balance', '160130816220014', '16.25', '2016-01-30 14:40:22'),
(168, 1, '1000001', 1, 4, 'consume', 'balance', '160130817540015', '16.25', '2016-01-30 14:42:34'),
(169, 1, '1000001', 1, 4, 'consume', 'balance', '160130817620016', '16.25', '2016-01-30 14:42:42'),
(170, 1, '1000001', 1, 4, 'refund', '', '107', '16.25', '2016-01-30 14:45:29'),
(171, 1, '1000001', 1, 4, 'refund', '', '108', '16.25', '2016-01-30 14:47:22'),
(172, 1, '1000001', 1, 4, 'refund', '', '109', '16.25', '2016-01-30 14:48:17'),
(173, 1, '1000001', 1, 4, 'refund', '', '110', '16.25', '2016-01-30 14:48:36'),
(174, 1, '1000001', 1, 4, 'refund', '', '111', '16.25', '2016-01-30 14:49:06'),
(175, 14, '01000009', 1, 1, 'charge', 'cash', '0', '10000000.00', '2016-02-03 14:27:49'),
(176, 14, '01000009', 1, 1, 'consume', 'balance', '160203809500002', '139.75', '2016-02-03 14:29:10');

-- --------------------------------------------------------

--
-- Table structure for table `balance_staff`
--

CREATE TABLE IF NOT EXISTS `balance_staff` (
  `balance_staff_id` int(10) unsigned NOT NULL AUTO_INCREMENT,
  `staff_id` int(10) unsigned NOT NULL COMMENT '员工ID',
  `type` varchar(16) COLLATE utf8_unicode_ci DEFAULT NULL COMMENT '流水类型 **(rebate:返点，withdraw:提现)**',
  `source_id` varchar(16) COLLATE utf8_unicode_ci NOT NULL DEFAULT '' COMMENT '来源Id,如果是收入,关联订单号，如果是提现则关联提现单号',
  `amount` decimal(12,2) NOT NULL DEFAULT '0.00' COMMENT '金额',
  `created_at` timestamp NULL DEFAULT NULL COMMENT '流水创建时间',
  PRIMARY KEY (`balance_staff_id`),
  KEY `idx_staff_id` (`staff_id`),
  KEY `idx_created_at` (`created_at`)
) ENGINE=InnoDB  DEFAULT CHARSET=utf8 COLLATE=utf8_unicode_ci COMMENT='员工余额流水表' AUTO_INCREMENT=26 ;

--
-- Dumping data for table `balance_staff`
--

INSERT INTO `balance_staff` (`balance_staff_id`, `staff_id`, `type`, `source_id`, `amount`, `created_at`) VALUES
(3, 1, 'rebate', '151126617770035', '3.90', '2015-11-26 09:09:37'),
(4, 1, 'rebate', '151126620970039', '3.51', '2015-11-26 09:14:57'),
(5, 0, 'rebate', '151216575710005', '0.40', '2015-12-16 07:59:31'),
(6, 0, 'rebate', '151216579060007', '0.92', '2015-12-16 08:05:06'),
(7, 2, 'rebate', '151217500050005', '2.12', '2015-12-17 05:53:25'),
(8, 11, 'rebate', '151224777570065', '3.33', '2015-12-24 13:35:57'),
(9, 3, 'rebate', '151224780270066', '0.80', '2015-12-24 13:40:27'),
(10, 3, 'rebate', '151224782160067', '0.80', '2015-12-24 13:43:36'),
(11, 3, 'rebate', '151224783950068', '1.93', '2015-12-24 13:46:35'),
(12, 3, 'rebate', '151224784700069', '0.80', '2015-12-24 13:47:50'),
(13, 3, 'rebate', '151224789560070', '1.60', '2015-12-24 13:55:56'),
(14, 11, 'withdraw_back', '3', '2.00', '2016-01-12 13:59:35'),
(15, 33, 'rebate', '160117766050001', '26.60', '2016-01-17 13:16:45'),
(16, 33, 'rebate', '160117779350002', '28.50', '2016-01-17 13:38:55'),
(17, 33, 'rebate', '160117781310003', '28.50', '2016-01-17 13:42:11'),
(18, 33, 'rebate', '160120559830006', '0.54', '2016-01-20 07:33:03'),
(19, 34, 'rebate', '160120566080015', '1.08', '2016-01-20 07:43:28'),
(20, 34, 'rebate', '160125790840001', '1.08', '2016-01-25 13:58:04'),
(21, 33, 'rebate', '160125793670002', '0.18', '2016-01-25 14:02:47'),
(22, 33, 'rebate', '160125799910003', '0.54', '2016-01-25 14:13:11'),
(23, 33, 'rebate', '160127424320001', '0.54', '2016-01-27 03:47:12'),
(24, 33, 'rebate', '160127511310002', '0.54', '2016-01-27 06:12:11'),
(25, 33, 'rebate', '160127537000003', '0.81', '2016-01-27 06:55:00');

-- --------------------------------------------------------

--
-- Table structure for table `balance_store`
--

CREATE TABLE IF NOT EXISTS `balance_store` (
  `balance_store_id` int(10) unsigned NOT NULL AUTO_INCREMENT,
  `store_id` int(10) unsigned NOT NULL COMMENT '商家ID',
  `type` varchar(16) COLLATE utf8_unicode_ci DEFAULT NULL COMMENT '流水类型 **(charge:充值，charge_debate:充值返点押金,refund:退款，withdraw:提现，etc..)**',
  `source_id` varchar(16) COLLATE utf8_unicode_ci NOT NULL DEFAULT '' COMMENT '来源Id,如果是收入,关联订单号，如果是提现则关联提现单号，如果是支出则关联订单号',
  `amount` decimal(12,2) NOT NULL DEFAULT '0.00' COMMENT '金额',
  `created_at` timestamp NULL DEFAULT NULL COMMENT '流水创建时间',
  PRIMARY KEY (`balance_store_id`),
  KEY `idx_store_id` (`store_id`),
  KEY `idx_created_at` (`created_at`)
) ENGINE=InnoDB  DEFAULT CHARSET=utf8 COLLATE=utf8_unicode_ci COMMENT='商家余额流水表' AUTO_INCREMENT=119 ;

--
-- Dumping data for table `balance_store`
--

INSERT INTO `balance_store` (`balance_store_id`, `store_id`, `type`, `source_id`, `amount`, `created_at`) VALUES
(1, 1, 'earn', '0', '300.00', '2015-11-26 08:56:33'),
(2, 1, 'earn', '0', '300.00', '2015-11-26 08:58:10'),
(3, 1, 'earn', '0', '78.00', '2015-11-26 08:58:51'),
(9, 1, 'rebate', '151126617770035', '7.80', '2015-11-26 09:09:37'),
(10, 1, 'consume', '151126617770035', '11.70', '2015-11-26 09:09:37'),
(11, 1, 'earn', '0', '78.00', '2015-11-26 09:09:37'),
(12, 1, 'rebate', '151126620970039', '7.02', '2015-11-26 09:14:57'),
(13, 1, 'consume', '151126620970039', '10.53', '2015-11-26 09:14:57'),
(14, 1, 'earn', '0', '70.20', '2015-11-26 09:14:57'),
(15, 1, 'earn', '0', '78.00', '2015-11-26 09:15:47'),
(16, 1, 'earn', '0', '300.00', '2015-11-26 09:35:08'),
(17, 1, 'earn', '0', '300.00', '2015-11-26 09:36:25'),
(18, 1, 'earn', '0', '300.00', '2015-11-28 03:54:48'),
(19, 1, 'earn', '0', '300.00', '2015-11-28 03:56:33'),
(20, 1, 'earn', '0', '300.00', '2015-11-28 04:23:04'),
(21, 1, 'earn', '0', '300.00', '2015-11-28 04:24:48'),
(22, 1, 'earn', '0', '100.00', '2015-12-14 12:48:48'),
(23, 1, 'earn', '0', '100.00', '2015-12-14 13:09:13'),
(24, 1, 'earn', '0', '550.00', '2015-12-14 14:08:53'),
(25, 1, 'earn', '0', '10000.00', '2015-12-15 06:45:08'),
(26, 1, 'earn', '0', '1000.00', '2015-12-15 08:07:33'),
(27, 1, 'earn', '0', '500.00', '2015-12-15 09:16:07'),
(28, 1, 'earn', '0', '300.00', '2015-12-15 09:17:11'),
(29, 1, 'earn', '0', '100.00', '2015-12-16 07:49:22'),
(30, 1, 'refund', '151216575180004', '144.00', '2015-12-16 07:59:08'),
(31, 0, 'rebate', '151216575710005', '0.27', '2015-12-16 07:59:31'),
(32, 1, 'consume', '151216575710005', '0.67', '2015-12-16 07:59:31'),
(33, 1, 'refund', '151216576220006', '66.80', '2015-12-16 08:01:22'),
(34, 0, 'rebate', '151216579060007', '0.62', '2015-12-16 08:05:06'),
(35, 1, 'consume', '151216579060007', '1.54', '2015-12-16 08:05:06'),
(36, 1, 'earn', '0', '100.00', '2015-12-16 09:15:52'),
(37, 1, 'refund', '151216621750008', '28.00', '2015-12-16 09:18:06'),
(38, 1, 'refund', '151216625790012', '7.76', '2015-12-16 09:23:34'),
(39, 1, 'refund', '151216575710005', '6.60', '2015-12-16 13:23:39'),
(40, 1, 'refund', '151216650020014', '21.00', '2015-12-16 13:24:25'),
(41, 1, 'refund', '151217386310001', '112.20', '2015-12-17 03:11:00'),
(42, 1, 'refund', '151217401960002', '188.60', '2015-12-17 03:11:19'),
(43, 1, 'refund', '151217403090003', '107.00', '2015-12-17 03:12:35'),
(44, 1, 'rebate', '151217500050005', '1.41', '2015-12-17 05:53:25'),
(45, 1, 'consume', '151217500050005', '3.53', '2015-12-17 05:53:25'),
(46, 1, 'earn', '0', '10.00', '2015-12-18 02:20:38'),
(47, 1, 'earn', '0', '10.00', '2015-12-18 02:20:46'),
(48, 1, 'refund', '151218374580002', '30.00', '2015-12-18 02:24:49'),
(49, 1, 'earn', '0', '100.00', '2015-12-18 09:03:38'),
(50, 1, 'refund', '151218615060012', '40.00', '2015-12-18 09:11:51'),
(51, 1, 'refund', '151218622400016', '40.00', '2015-12-18 09:19:21'),
(52, 1, 'refund', '151218625460021', '40.00', '2015-12-18 09:23:42'),
(53, 1, 'earn', '0', '100.00', '2015-12-24 12:35:46'),
(54, 1, 'refund', '151224741670002', '43.40', '2015-12-24 12:41:49'),
(55, 2, 'rebate', '151224777570065', '2.22', '2015-12-24 13:35:57'),
(56, 1, 'consume', '151224777570065', '5.55', '2015-12-24 13:35:57'),
(57, 2, 'rebate', '151224780270066', '0.53', '2015-12-24 13:40:27'),
(58, 1, 'consume', '151224780270066', '1.33', '2015-12-24 13:40:27'),
(59, 2, 'rebate', '151224782160067', '0.53', '2015-12-24 13:43:36'),
(60, 1, 'consume', '151224782160067', '1.33', '2015-12-24 13:43:36'),
(61, 2, 'rebate', '151224783950068', '1.29', '2015-12-24 13:46:35'),
(62, 1, 'consume', '151224783950068', '3.22', '2015-12-24 13:46:35'),
(63, 2, 'rebate', '151224784700069', '0.53', '2015-12-24 13:47:50'),
(64, 1, 'consume', '151224784700069', '1.33', '2015-12-24 13:47:50'),
(65, 2, 'rebate', '151224789560070', '1.06', '2015-12-24 13:55:56'),
(66, 1, 'consume', '151224789560070', '2.66', '2015-12-24 13:55:56'),
(67, 1, 'earn', '0', '1000.00', '2015-12-27 03:53:39'),
(68, 1, 'earn', '0', '100.00', '2015-12-27 06:17:18'),
(69, 1, 'refund', '151227523150014', '26.60', '2015-12-27 06:34:48'),
(70, 1, 'refund', '151227518950011', '28.00', '2015-12-27 06:35:16'),
(71, 1, 'refund', '151227516890007', '6.90', '2015-12-27 06:35:29'),
(72, 1, 'refund', '151229583210008', '12.50', '2015-12-29 08:12:36'),
(73, 1, 'earn', '0', '100.00', '2015-12-29 08:13:47'),
(74, 1, 'earn', '0', '100.00', '2016-01-05 08:09:31'),
(75, 1, 'earn', '0', '100.00', '2016-01-05 08:10:50'),
(76, 1, 'earn', '0', '100.00', '2016-01-11 13:29:34'),
(77, 1, 'refund', '160111774050005', '19.00', '2016-01-11 13:30:17'),
(78, 1, 'refund', '160111774810006', '19.00', '2016-01-11 13:31:32'),
(79, 1, 'refund', '160111784280009', '10.90', '2016-01-11 13:47:34'),
(80, 1, 'earn', '0', '100.00', '2016-01-11 13:50:14'),
(81, 1, 'earn', '0', '100.00', '2016-01-11 13:50:24'),
(82, 1, 'earn', '0', '100.00', '2016-01-11 13:50:42'),
(83, 10, 'rebate', '160117766050001', '26.60', '2016-01-17 13:16:45'),
(84, 1, 'consume', '160117766050001', '53.20', '2016-01-17 13:16:45'),
(85, 10, 'rebate', '160117779350002', '28.50', '2016-01-17 13:38:55'),
(86, 1, 'consume', '160117779350002', '57.00', '2016-01-17 13:38:55'),
(87, 10, 'rebate', '160117781310003', '28.50', '2016-01-17 13:42:11'),
(88, 1, 'consume', '160117781310003', '57.00', '2016-01-17 13:42:11'),
(89, 1, 'refund', '160117789260006', '30.00', '2016-01-17 13:55:36'),
(90, 1, 'earn', '0', '100.00', '2016-01-17 14:20:22'),
(91, 1, 'earn', '0', '100.00', '2016-01-17 14:20:39'),
(92, 1, 'refund', '160117804640008', '60.00', '2016-01-17 14:22:26'),
(93, 1, 'earn', '0', '100.00', '2016-01-17 14:23:53'),
(94, 1, 'refund', '160120519410004', '56.00', '2016-01-20 06:26:42'),
(95, 10, 'rebate', '160120559830006', '0.54', '2016-01-20 07:33:03'),
(96, 1, 'consume', '160120559830006', '1.08', '2016-01-20 07:33:03'),
(97, 1, 'refund', '160120561040008', '30.00', '2016-01-20 07:35:33'),
(98, 1, 'refund', '160120562720013', '30.00', '2016-01-20 07:38:24'),
(99, 10, 'rebate', '160120566080015', '1.08', '2016-01-20 07:43:28'),
(100, 1, 'consume', '160120566080015', '2.16', '2016-01-20 07:43:28'),
(101, 10, 'rebate', '160125790840001', '1.08', '2016-01-25 13:58:04'),
(102, 1, 'consume', '160125790840001', '2.16', '2016-01-25 13:58:04'),
(103, 10, 'rebate', '160125793670002', '0.18', '2016-01-25 14:02:47'),
(104, 1, 'consume', '160125793670002', '0.36', '2016-01-25 14:02:47'),
(105, 10, 'rebate', '160125799910003', '0.54', '2016-01-25 14:13:11'),
(106, 1, 'consume', '160125799910003', '1.08', '2016-01-25 14:13:11'),
(107, 10, 'rebate', '160127424320001', '0.54', '2016-01-27 03:47:12'),
(108, 1, 'consume', '160127424320001', '1.08', '2016-01-27 03:47:12'),
(109, 10, 'rebate', '160127511310002', '0.54', '2016-01-27 06:12:11'),
(110, 1, 'consume', '160127511310002', '1.08', '2016-01-27 06:12:11'),
(111, 10, 'rebate', '160127537000003', '0.54', '2016-01-27 06:55:00'),
(112, 1, 'consume', '160127537000003', '1.35', '2016-01-27 06:55:00'),
(113, 1, 'refund', '160130817620016', '16.25', '2016-01-30 14:45:29'),
(114, 1, 'refund', '160130816220014', '16.25', '2016-01-30 14:47:22'),
(115, 1, 'refund', '160130817540015', '16.25', '2016-01-30 14:48:17'),
(116, 1, 'refund', '160130813690013', '16.25', '2016-01-30 14:48:36'),
(117, 1, 'refund', '160130809690012', '16.25', '2016-01-30 14:49:06'),
(118, 1, 'earn', '0', '10000000.00', '2016-02-03 14:27:49');

-- --------------------------------------------------------

--
-- Table structure for table `check_stock`
--

CREATE TABLE IF NOT EXISTS `check_stock` (
  `check_stock_id` int(10) unsigned NOT NULL AUTO_INCREMENT,
  `staff_id` int(11) NOT NULL COMMENT '员工Id',
  `store_id` int(11) NOT NULL COMMENT '商家Id',
  `product_id` int(11) NOT NULL COMMENT '商品ID',
  `old_stock` int(10) unsigned NOT NULL DEFAULT '0' COMMENT '旧库存',
  `new_stock` int(11) NOT NULL DEFAULT '0' COMMENT '新库存',
  `check_time` timestamp NULL DEFAULT NULL COMMENT '盘点时间',
  PRIMARY KEY (`check_stock_id`)
) ENGINE=InnoDB  DEFAULT CHARSET=utf8 COLLATE=utf8_unicode_ci COMMENT='盘点表' AUTO_INCREMENT=71 ;

--
-- Dumping data for table `check_stock`
--

INSERT INTO `check_stock` (`check_stock_id`, `staff_id`, `store_id`, `product_id`, `old_stock`, `new_stock`, `check_time`) VALUES
(1, 1, 1, 1, 8, 10, '2015-11-22 15:40:09'),
(2, 1, 1, 1, 1, 1, '2015-11-23 04:41:09'),
(3, 1, 1, 1, 1, 1, '2015-11-23 04:41:37'),
(4, 1, 1, 2, 2, 2, '2015-11-23 04:41:37'),
(5, 1, 1, 1, 1, 10, '2015-11-23 16:10:43'),
(6, 1, 1, 2, 2, 21, '2015-11-23 16:10:43'),
(7, 1, 1, 1, 1, 10, '2015-11-23 16:12:18'),
(8, 1, 1, 2, 2, 21, '2015-11-23 16:12:18'),
(9, 1, 1, 1, 1, 10, '2015-11-23 16:12:57'),
(10, 1, 1, 2, 2, 21, '2015-11-23 16:12:57'),
(11, 1, 1, 1, 1, 10, '2015-11-23 16:13:11'),
(12, 1, 1, 2, 2, 21, '2015-11-23 16:13:11'),
(13, 1, 1, 1, 1, 10, '2015-11-23 16:14:01'),
(14, 1, 1, 2, 2, 21, '2015-11-23 16:14:01'),
(15, 1, 1, 1, 1, 10, '2015-11-23 16:14:17'),
(16, 1, 1, 2, 2, 21, '2015-11-23 16:14:17'),
(17, 1, 1, 1, 1, 10, '2015-11-23 16:16:46'),
(18, 1, 1, 2, 2, 21, '2015-11-23 16:16:46'),
(19, 1, 1, 1, 1, 10, '2015-11-23 16:22:10'),
(20, 1, 1, 2, 2, 21, '2015-11-23 16:22:10'),
(21, 1, 1, 1, 1, 10, '2015-11-23 16:22:23'),
(22, 1, 1, 2, 2, 21, '2015-11-23 16:22:23'),
(23, 1, 1, 1, 1, 10, '2015-11-23 16:23:06'),
(24, 1, 1, 2, 2, 21, '2015-11-23 16:23:06'),
(25, 1, 1, 1, 1, 10, '2015-11-23 16:24:03'),
(26, 1, 1, 2, 2, 21, '2015-11-23 16:24:03'),
(27, 1, 1, 1, 1, 10, '2015-11-23 16:26:01'),
(28, 1, 1, 2, 2, 21, '2015-11-23 16:26:01'),
(29, 1, 1, 1, 1, 10, '2015-11-23 16:27:27'),
(30, 1, 1, 2, 2, 21, '2015-11-23 16:27:27'),
(31, 1, 1, 1, 1, 10, '2015-11-23 16:32:46'),
(32, 1, 1, 2, 2, 21, '2015-11-23 16:32:46'),
(33, 1, 1, 1, 1, 10, '2015-11-23 16:35:43'),
(34, 1, 1, 2, 2, 21, '2015-11-23 16:35:43'),
(35, 1, 1, 1, 1, 10, '2015-11-23 16:36:01'),
(36, 1, 1, 2, 2, 21, '2015-11-23 16:36:01'),
(37, 1, 1, 1, 1, 10, '2015-11-23 16:40:49'),
(38, 1, 1, 2, 2, 21, '2015-11-23 16:40:49'),
(39, 1, 1, 1, 1, 10, '2015-11-23 16:41:10'),
(40, 1, 1, 2, 2, 21, '2015-11-23 16:41:10'),
(41, 1, 1, 1, 1, 10, '2015-11-23 16:41:34'),
(42, 1, 1, 2, 2, 21, '2015-11-23 16:41:34'),
(43, 1, 1, 1, 0, 2, '2015-12-14 12:46:03'),
(44, 1, 1, 1, 0, 10, '2015-12-14 12:48:03'),
(45, 12, 1, 1, 5, 30, '2015-12-14 13:33:49'),
(46, 12, 1, 1, 30, 2, '2015-12-14 13:34:01'),
(47, 12, 1, 1, 2, 30, '2015-12-14 13:34:51'),
(48, 12, 1, 2, 8, 30, '2015-12-14 13:35:00'),
(49, 12, 1, 4, 5, 0, '2015-12-16 09:45:37'),
(50, 12, 1, 6, 0, 3, '2015-12-18 06:47:44'),
(51, 12, 1, 10, 5, 0, '2015-12-18 07:08:24'),
(52, 12, 1, 11, 6, 0, '2015-12-18 07:08:24'),
(53, 12, 1, 11, 0, 3, '2015-12-18 07:10:06'),
(54, 12, 1, 10, 0, 5, '2015-12-18 07:10:26'),
(55, 12, 1, 11, 3, 6, '2015-12-18 07:10:26'),
(56, 12, 1, 11, 6, 0, '2015-12-18 07:11:58'),
(57, 12, 1, 10, 5, 0, '2015-12-18 07:11:58'),
(58, 12, 1, 11, 0, 20, '2015-12-22 12:45:06'),
(59, 12, 1, 10, 0, 0, '2015-12-24 13:14:26'),
(60, 12, 1, 10, 0, 10, '2015-12-24 13:14:57'),
(61, 12, 1, 10, 10, 20, '2015-12-24 13:15:08'),
(62, 12, 1, 21, 0, 20, '2015-12-24 13:20:32'),
(63, 12, 1, 21, 18, 2, '2015-12-26 13:47:50'),
(64, 12, 1, 14, 16, 0, '2015-12-29 06:07:22'),
(65, 12, 1, 14, 0, 1, '2015-12-29 06:08:16'),
(66, 12, 1, 5, 0, 20, '2016-01-05 07:04:45'),
(67, 12, 1, 14, 0, 30, '2016-01-05 07:23:47'),
(68, 12, 1, 5, 0, 10, '2016-01-27 03:46:29'),
(69, 2, 1, 6, 0, 0, '2016-02-03 04:41:11'),
(70, 1, 1, 5, 2, 123, '2016-02-03 14:32:54');

-- --------------------------------------------------------

--
-- Table structure for table `consume_code`
--

CREATE TABLE IF NOT EXISTS `consume_code` (
  `consume_id` int(10) unsigned NOT NULL AUTO_INCREMENT COMMENT '自增主键',
  `consume_code` varchar(16) COLLATE utf8_unicode_ci NOT NULL COMMENT '消费码',
  `store_id` int(10) unsigned NOT NULL COMMENT '商家ID',
  `recommend_store_id` int(11) NOT NULL DEFAULT '0' COMMENT '发放消费码的商家ID',
  `recommend_staff_id` int(11) NOT NULL DEFAULT '0' COMMENT '发放消费码的员工ID',
  `binded_uid` int(10) unsigned NOT NULL COMMENT '用户ID',
  `created_at` timestamp NULL DEFAULT NULL COMMENT '消费码创建时间',
  `expire_time` timestamp NULL DEFAULT NULL COMMENT '消费码过期时间',
  `discount` int(10) unsigned NOT NULL DEFAULT '100' COMMENT '折扣率',
  `is_used` enum('0','1') COLLATE utf8_unicode_ci NOT NULL DEFAULT '0' COMMENT '是否已被使用',
  `used_time` timestamp NULL DEFAULT NULL COMMENT '使用时间',
  `is_enable` enum('0','1') COLLATE utf8_unicode_ci NOT NULL DEFAULT '1' COMMENT '是否可用',
  `updated_at` timestamp NOT NULL DEFAULT CURRENT_TIMESTAMP COMMENT '更新时间',
  PRIMARY KEY (`consume_id`),
  UNIQUE KEY `consume_code` (`consume_code`)
) ENGINE=InnoDB  DEFAULT CHARSET=utf8 COLLATE=utf8_unicode_ci COMMENT='用户消费码表' AUTO_INCREMENT=66 ;

--
-- Dumping data for table `consume_code`
--

INSERT INTO `consume_code` (`consume_id`, `consume_code`, `store_id`, `recommend_store_id`, `recommend_staff_id`, `binded_uid`, `created_at`, `expire_time`, `discount`, `is_used`, `used_time`, `is_enable`, `updated_at`) VALUES
(27, '2180-4368-6739', 3, 2, 11, 14, '2015-12-16 13:08:52', '2016-01-29 16:00:00', 87, '0', '0000-00-00 00:00:00', '1', '2015-12-16 13:08:52'),
(28, '1917-2846-6205', 1, 2, 11, 16, '2015-12-16 13:10:09', '2016-03-30 16:00:00', 95, '1', '2015-12-24 13:35:57', '1', '2015-12-24 13:35:57'),
(29, '0394-2611-3776', 1, 2, 10, 14, '2015-12-16 13:49:39', '2016-03-30 16:00:00', 95, '0', '0000-00-00 00:00:00', '1', '2015-12-16 13:49:39'),
(30, '2783-4911-2695', 1, 1, 2, 1, '2015-12-17 02:44:24', '2016-01-29 16:00:00', 86, '1', '2015-12-17 05:53:25', '1', '2015-12-17 05:53:25'),
(31, '0641-5428-6972', 18, 1, 2, 22, '2015-12-17 03:45:04', '2016-01-29 16:00:00', 30, '0', '0000-00-00 00:00:00', '1', '2015-12-17 03:45:04'),
(32, '6175-9384-2571', 2, 1, 2, 22, '2015-12-17 03:58:21', '2016-01-29 16:00:00', 85, '0', '0000-00-00 00:00:00', '1', '2015-12-17 03:58:21'),
(33, '0169-3474-5790', 9, 1, 2, 22, '2015-12-17 04:00:43', '2016-01-29 16:00:00', 60, '0', '0000-00-00 00:00:00', '1', '2015-12-17 04:00:43'),
(34, '4367-2961-8079', 20, 1, 2, 22, '2015-12-17 04:04:15', '2016-01-29 16:00:00', 55, '0', '0000-00-00 00:00:00', '1', '2015-12-17 04:04:15'),
(35, '6536-3854-2991', 6, 1, 2, 22, '2015-12-17 04:08:25', '2016-01-29 16:00:00', 88, '0', '0000-00-00 00:00:00', '1', '2015-12-17 04:08:25'),
(36, '8550-6716-3174', 12, 1, 2, 22, '2015-12-17 04:10:59', '2016-01-29 16:00:00', 92, '0', '0000-00-00 00:00:00', '1', '2015-12-17 04:10:59'),
(37, '2624-3063-7758', 5, 1, 2, 22, '2015-12-17 04:12:35', '2016-01-29 16:00:00', 82, '0', '0000-00-00 00:00:00', '1', '2015-12-17 04:12:35'),
(38, '4086-3397-1225', 20, 1, 2, 21, '2015-12-17 04:14:31', '2016-01-29 16:00:00', 55, '0', '0000-00-00 00:00:00', '1', '2015-12-17 04:14:31'),
(39, '2173-0956-7241', 1, 2, 3, 23, '2015-12-18 07:32:28', '2016-03-30 16:00:00', 95, '1', '2015-12-24 13:40:27', '1', '2015-12-24 13:40:27'),
(40, '5425-1260-0438', 6, 2, 11, 16, '2015-12-19 01:30:01', '2016-01-29 16:00:00', 88, '0', '0000-00-00 00:00:00', '1', '2015-12-19 01:30:01'),
(41, '8412-0686-7397', 12, 2, 11, 16, '2015-12-19 10:33:55', '2016-01-29 16:00:00', 92, '0', '0000-00-00 00:00:00', '1', '2015-12-19 10:33:55'),
(42, '1081-9746-7456', 18, 2, 11, 16, '2015-12-19 11:34:35', '2016-01-29 16:00:00', 30, '0', '0000-00-00 00:00:00', '1', '2015-12-19 11:34:35'),
(43, '2278-9119-0573', 3, 2, 11, 16, '2015-12-21 12:01:51', '2016-01-29 16:00:00', 87, '0', '0000-00-00 00:00:00', '1', '2015-12-21 12:01:51'),
(44, '3659-8406-1597', 17, 2, 11, 16, '2015-12-21 12:02:14', '2016-01-29 16:00:00', 58, '0', '0000-00-00 00:00:00', '1', '2015-12-21 12:02:14'),
(45, '5437-9301-2471', 1, 2, 3, 23, '2015-12-24 13:43:04', '2016-03-30 16:00:00', 95, '1', '2015-12-24 13:43:36', '1', '2015-12-24 13:43:36'),
(46, '5951-9460-8702', 1, 2, 3, 23, '2015-12-24 13:45:59', '2016-03-30 16:00:00', 95, '1', '2015-12-24 13:46:35', '1', '2015-12-24 13:46:35'),
(47, '5744-3503-6091', 1, 2, 3, 23, '2015-12-24 13:47:14', '2016-03-30 16:00:00', 95, '1', '2015-12-24 13:47:50', '1', '2015-12-24 13:47:50'),
(48, '2106-3989-8534', 1, 2, 3, 23, '2015-12-24 13:55:11', '2016-03-30 16:00:00', 95, '1', '2015-12-24 13:55:56', '1', '2015-12-24 13:55:56'),
(50, '1022-4647-7159', 1, 2, 11, 16, '2015-12-24 14:25:14', '2016-03-30 16:00:00', 95, '0', '0000-00-00 00:00:00', '1', '2015-12-24 14:25:14'),
(51, '0598-9830-7126', 1, 2, 11, 22, '2015-12-28 09:41:51', '2016-03-30 16:00:00', 95, '0', '0000-00-00 00:00:00', '1', '2015-12-28 09:41:51'),
(52, '8791-4602-6579', 18, 2, 11, 21, '2015-12-28 09:49:33', '2016-01-29 16:00:00', 30, '0', '0000-00-00 00:00:00', '1', '2015-12-28 09:49:33'),
(53, '7008-2661-4517', 9, 1, 2, 21, '2015-12-28 09:53:08', '2016-01-29 16:00:00', 60, '0', '0000-00-00 00:00:00', '1', '2015-12-28 09:53:08'),
(54, '4202-5137-0469', 21, 2, 10, 14, '2015-12-30 03:52:36', '2016-01-29 16:00:00', 69, '0', '0000-00-00 00:00:00', '1', '2015-12-30 03:52:36'),
(55, '2704-8156-1369', 1, 10, 33, 23, '2016-01-13 13:57:39', '2016-03-30 16:00:00', 95, '1', '2016-01-17 13:16:45', '1', '2016-01-17 13:16:45'),
(56, '8296-0671-4293', 1, 10, 33, 23, '2016-01-17 13:37:43', '2016-03-30 16:00:00', 95, '1', '2016-01-17 13:38:55', '1', '2016-01-17 13:38:55'),
(57, '7854-5192-6278', 1, 10, 33, 23, '2016-01-17 13:39:54', '2016-03-30 16:00:00', 95, '1', '2016-01-17 13:42:11', '1', '2016-01-17 13:42:11'),
(58, '9402-3496-7018', 1, 10, 33, 23, '2016-01-20 07:31:15', '2016-03-30 16:00:00', 90, '1', '2016-01-20 07:33:03', '1', '2016-01-20 07:33:03'),
(59, '1149-0665-0235', 1, 10, 34, 23, '2016-01-20 07:42:27', '2016-03-30 16:00:00', 90, '1', '2016-01-20 07:43:28', '1', '2016-01-20 07:43:28'),
(60, '8693-4471-2670', 1, 10, 34, 23, '2016-01-20 07:48:57', '2016-03-30 16:00:00', 90, '1', '2016-01-25 13:58:04', '1', '2016-01-25 13:58:04'),
(61, '5526-4421-0799', 1, 10, 33, 23, '2016-01-25 14:01:56', '2016-03-30 16:00:00', 90, '1', '2016-01-25 14:02:47', '1', '2016-01-25 14:02:47'),
(62, '6937-5084-9046', 1, 10, 33, 23, '2016-01-25 14:12:06', '2016-03-30 16:00:00', 90, '1', '2016-01-25 14:13:11', '1', '2016-01-25 14:13:11'),
(63, '4804-6958-9701', 1, 10, 33, 23, '2016-01-25 14:41:56', '2016-03-30 16:00:00', 90, '1', '2016-01-27 03:47:12', '1', '2016-01-27 03:47:12'),
(64, '1097-6292-5453', 1, 10, 33, 23, '2016-01-27 06:10:23', '2016-03-30 16:00:00', 90, '1', '2016-01-27 06:12:11', '1', '2016-01-27 06:12:11'),
(65, '9695-1206-3475', 1, 10, 33, 23, '2016-01-27 06:54:21', '2016-03-30 16:00:00', 90, '1', '2016-01-27 06:55:00', '1', '2016-01-27 06:55:00');

-- --------------------------------------------------------

--
-- Table structure for table `count_card`
--

CREATE TABLE IF NOT EXISTS `count_card` (
  `count_card_id` int(10) unsigned NOT NULL AUTO_INCREMENT,
  `store_id` int(10) unsigned NOT NULL DEFAULT '0' COMMENT '商家ID',
  `card_number` int(10) unsigned NOT NULL DEFAULT '1' COMMENT '次卡编号',
  `product_id` int(11) NOT NULL COMMENT '商品Id',
  `product_name` varchar(256) COLLATE utf8_unicode_ci DEFAULT NULL COMMENT '商品名称',
  `product_price` decimal(12,2) NOT NULL COMMENT '商品价格',
  `count` int(10) unsigned NOT NULL DEFAULT '1' COMMENT '次数',
  `product_description` varchar(1024) COLLATE utf8_unicode_ci DEFAULT NULL COMMENT '商品详情',
  `sku` varchar(16) COLLATE utf8_unicode_ci DEFAULT NULL COMMENT 'sku',
  `created_at` timestamp NULL DEFAULT NULL COMMENT '创建时间',
  `updated_at` timestamp NULL DEFAULT NULL COMMENT '更新时间',
  `is_enable` enum('0','1') COLLATE utf8_unicode_ci NOT NULL DEFAULT '1' COMMENT '是否可用，默认1:可用',
  `price` decimal(12,2) DEFAULT NULL COMMENT '总价',
  PRIMARY KEY (`count_card_id`)
) ENGINE=InnoDB  DEFAULT CHARSET=utf8 COLLATE=utf8_unicode_ci COMMENT='商家次卡列表' AUTO_INCREMENT=14 ;

--
-- Dumping data for table `count_card`
--

INSERT INTO `count_card` (`count_card_id`, `store_id`, `card_number`, `product_id`, `product_name`, `product_price`, `count`, `product_description`, `sku`, `created_at`, `updated_at`, `is_enable`, `price`) VALUES
(1, 1, 1, 1, '红苹果', '28.00', 10, '10', NULL, NULL, NULL, '1', '260.00'),
(2, 1, 2, 2, '青苹果', '28.00', 5, '青苹果', NULL, '2015-11-24 16:00:00', '2015-11-24 16:00:00', '1', '130.00'),
(3, 1, 1, 1, '红苹果', '28.00', 100, NULL, NULL, '2015-11-24 16:00:00', '2016-01-05 06:28:40', '0', '2500.00'),
(4, 1, 1004, 23, '香菇炖鸡', '40.00', 90, '香菇炖鸡', '香菇炖鸡', '2015-12-24 12:57:17', '2016-01-05 06:22:51', '0', '7200.00'),
(5, 1, 1005, 14, '柿子', '8.80', 3, '', '', '2015-12-26 14:15:14', '2015-12-26 14:15:14', '1', '60.00'),
(6, 1, 1006, 1, '红苹果5', '25.00', 2, '5', '5', '2015-12-26 14:20:25', '2016-01-05 06:19:36', '0', '20.00'),
(7, 1, 1007, 2, '青苹果', '28.00', 40, '', '', '2015-12-28 15:52:51', '2015-12-28 15:52:51', '1', '2000.00'),
(8, 1, 1008, 2, '青苹果', '28.00', 1, '', '', '2015-12-28 15:56:07', '2015-12-28 15:56:07', '1', '0.01'),
(9, 1, 1009, 27, '苹果', '13.00', 4294967295, '', '', '2015-12-29 08:06:59', '2016-01-04 02:22:16', '0', '9999999999.99'),
(10, 1, 1010, 27, '蓝色苹果', '13.90', 11, '苹果（Malus pumila Mill.）：是落叶乔木，通常树木可高至15米，但栽培树木一般只高3-5米左右。树干呈灰褐色，树皮有一定程度的脱落。苹果树开花期是基于各地气候而定，但一般集中在4-5月份。苹果是异花授粉植物，大部分品种自花不能结成果实。', '', '2015-12-30 15:20:43', '2016-01-04 02:21:26', '0', '242.00'),
(11, 1, 1011, 2, '青苹果', '28.00', 13, '青苹果', '', '2016-01-04 12:13:57', '2016-01-05 06:28:33', '0', '78.13'),
(12, 1, 1012, 24, '鸡腿', '10.00', 5, '鸡肉肉质细嫩，滋味鲜美，由于其味较淡，因此可使用于各种料理中。蛋白质的含量颇多，在肉之中，可以说是蛋白质最高的肉类之一，是属于高蛋白低脂肪的食品。钾硫酸氨基酸的含量颇多，因此可弥补牛及猪肉的不足。同时也由于鸡肉比其他肉类的维生素A含量多，而在量方面虽比蔬菜或肝脏差，但和牛肉和猪肉相比，其维生素A的含量却高出许多。 腿肉是从脚到腿的部位，及腿根一带的肉，其肉质颇坚硬，连皮一起摄取时，脂肪的含量较多，也是在整只鸡中铁分含量最多的一部分，鸡肉肉质细嫩，滋味鲜美，由于其味较淡，因此可使用于各种料理中。蛋白质的含量颇多，在肉之中，可以说是蛋白质最高的肉类之一，是属于高蛋白低脂肪的食品。钾硫酸氨基酸的含量颇多，因此可弥补牛及猪肉的不足。同时也由于鸡肉比其他肉类的维生素A含量多，而在量方面虽比蔬菜或肝脏差，但和牛肉和猪肉相比，其维生素A的含量却高出许多。 腿肉是从脚到腿的部位，及腿根一带的肉，其肉质颇坚硬，连皮一起摄取时，脂肪的含量较多，也是在整只鸡中铁分含量最多的一部分', '千克', '2016-01-05 06:15:47', '2016-01-05 06:15:47', '1', '50.00'),
(13, 1, 1013, 32, '西红柿', '5.00', 5, '', '', '2016-01-05 07:28:02', '2016-01-11 12:46:08', '1', '40.00');

-- --------------------------------------------------------

--
-- Table structure for table `count_card_user`
--

CREATE TABLE IF NOT EXISTS `count_card_user` (
  `count_card_user_id` int(10) unsigned NOT NULL AUTO_INCREMENT,
  `store_id` int(10) unsigned NOT NULL COMMENT '商家ID',
  `card_number` varchar(32) COLLATE utf8_unicode_ci NOT NULL DEFAULT '' COMMENT '商家会员卡号',
  `product_id` int(11) DEFAULT NULL COMMENT '商品ID',
  `sku` varchar(16) COLLATE utf8_unicode_ci DEFAULT NULL COMMENT 'sku',
  `total_count` int(10) unsigned NOT NULL DEFAULT '0' COMMENT '总次数',
  `consume_count` int(10) unsigned NOT NULL DEFAULT '0' COMMENT '消费次数',
  `rest_count` int(10) unsigned NOT NULL DEFAULT '0' COMMENT '剩余次数',
  `total_amount` decimal(12,2) DEFAULT NULL COMMENT '充值总花费',
  `created_at` timestamp NULL DEFAULT NULL COMMENT '创建时间',
  `updated_at` timestamp NULL DEFAULT NULL COMMENT '更新时间',
  PRIMARY KEY (`count_card_user_id`),
  KEY `idx_store_product` (`store_id`,`product_id`),
  KEY `idx_created_at` (`created_at`),
  KEY `idx_updated_at` (`updated_at`)
) ENGINE=InnoDB  DEFAULT CHARSET=utf8 COLLATE=utf8_unicode_ci COMMENT='用户次卡表' AUTO_INCREMENT=18 ;

--
-- Dumping data for table `count_card_user`
--

INSERT INTO `count_card_user` (`count_card_user_id`, `store_id`, `card_number`, `product_id`, `sku`, `total_count`, `consume_count`, `rest_count`, `total_amount`, `created_at`, `updated_at`) VALUES
(3, 1, '1000001', 1, '', 140, 14, 126, '3540.00', '2015-11-25 05:29:38', '2016-01-30 14:24:28'),
(4, 1, '1000002', 2, '', 5, 0, 5, '130.00', '2015-11-25 05:29:38', '2015-11-25 05:29:38'),
(5, 1, '01000007', 1, '', 210, 5, 205, '5260.00', '2015-12-14 12:36:06', '2015-12-24 13:06:42'),
(6, 1, '01000007', 2, '', 25, 10, 15, '650.00', '2015-12-14 12:36:15', '2015-12-24 13:06:38'),
(7, 1, '01000009', 2, '', 45, 1, 44, '2130.00', '2015-12-15 06:45:24', '2016-02-03 14:28:02'),
(8, 1, '1000001', 2, '', 5, 2, 3, '130.00', '2015-12-15 09:15:43', '2015-12-15 09:17:21'),
(9, 1, '01000011', 1, '', 110, 0, 110, '2760.00', '2015-12-16 13:34:05', '2015-12-16 13:36:42'),
(10, 1, '01000012', 1, '', 120, 1, 119, '3020.00', '2015-12-18 02:54:32', '2015-12-29 08:14:45'),
(11, 1, '01000012', 2, '', 5, 1, 4, '130.00', '2015-12-18 02:55:34', '2015-12-18 05:21:53'),
(12, 1, '01000013', 1, '', 10, 0, 10, '260.00', '2015-12-18 09:05:38', '2015-12-18 09:23:35'),
(13, 1, '01000007', 23, '', 90, 0, 90, '7200.00', '2015-12-24 13:07:01', '2015-12-24 13:21:24'),
(14, 1, '01000012', 14, '', 6, 3, 3, '120.00', '2015-12-27 06:18:22', '2016-01-11 13:51:52'),
(15, 1, '01000007', 14, '', 3, 0, 3, '60.00', '2016-01-05 07:21:45', '2016-01-05 07:21:45'),
(16, 1, '01000012', 32, '', 15, 4, 11, '120.00', '2016-01-05 07:28:26', '2016-01-11 13:29:27'),
(17, 1, '01000012', 24, '', 10, 0, 10, '100.00', '2016-01-11 13:29:43', '2016-01-20 07:39:05');

-- --------------------------------------------------------

--
-- Table structure for table `count_card_user_record`
--

CREATE TABLE IF NOT EXISTS `count_card_user_record` (
  `count_card_user_record_id` int(10) unsigned NOT NULL AUTO_INCREMENT COMMENT '流水ID,自增',
  `card_id` int(10) unsigned NOT NULL COMMENT '次卡ID',
  `price` decimal(12,2) NOT NULL DEFAULT '0.00' COMMENT '金额',
  `store_id` int(10) unsigned NOT NULL COMMENT '店铺ID',
  `card_number` varchar(32) COLLATE utf8_unicode_ci NOT NULL DEFAULT '' COMMENT '商家会员卡号',
  `payment_method_id` int(11) NOT NULL DEFAULT '0' COMMENT '充值付款方式',
  `product_id` int(10) unsigned NOT NULL COMMENT '商品ID',
  `sku` varchar(16) COLLATE utf8_unicode_ci DEFAULT NULL COMMENT 'sku',
  `staff_id` int(10) unsigned NOT NULL COMMENT '收银员ID',
  `charge_time` timestamp NOT NULL DEFAULT CURRENT_TIMESTAMP COMMENT '充值时间',
  PRIMARY KEY (`count_card_user_record_id`),
  KEY `idx_user_store` (`store_id`),
  KEY `idx_store` (`store_id`),
  KEY `idx_staff` (`staff_id`),
  KEY `idx_time` (`charge_time`)
) ENGINE=InnoDB  DEFAULT CHARSET=utf8 COLLATE=utf8_unicode_ci COMMENT='用户次卡充值流水表' AUTO_INCREMENT=36 ;

--
-- Dumping data for table `count_card_user_record`
--

INSERT INTO `count_card_user_record` (`count_card_user_record_id`, `card_id`, `price`, `store_id`, `card_number`, `payment_method_id`, `product_id`, `sku`, `staff_id`, `charge_time`) VALUES
(3, 1, '260.00', 1, '1000001', 1, 1, '', 1, '2015-11-25 05:29:38'),
(4, 2, '130.00', 1, '1000001', 1, 2, '', 1, '2015-11-25 05:29:38'),
(5, 1, '260.00', 1, '1000001', 1, 1, '', 1, '2015-11-25 05:31:23'),
(6, 1, '260.00', 1, '1000001', 1, 1, '', 1, '2015-11-25 05:33:34'),
(7, 3, '2500.00', 1, '1000001', 1, 1, '', 1, '2015-11-25 05:33:34'),
(8, 1, '260.00', 1, '1000001', 1, 1, '', 1, '2015-11-25 05:35:49'),
(9, 3, '2500.00', 1, '01000007', 1, 1, '', 1, '2015-12-14 12:36:06'),
(10, 2, '130.00', 1, '01000007', 1, 2, '', 1, '2015-12-14 12:36:15'),
(11, 2, '130.00', 1, '01000007', 1, 2, '', 1, '2015-12-14 13:01:49'),
(12, 1, '260.00', 1, '01000007', 1, 1, '', 12, '2015-12-14 13:11:08'),
(13, 2, '130.00', 1, '01000007', 1, 2, '', 12, '2015-12-14 13:11:14'),
(14, 2, '130.00', 1, '01000009', 1, 2, '', 1, '2015-12-15 06:45:24'),
(15, 3, '2500.00', 1, '01000007', 1, 1, '', 1, '2015-12-15 08:07:41'),
(16, 2, '130.00', 1, '1000001', 1, 2, '', 1, '2015-12-15 09:15:43'),
(17, 2, '130.00', 1, '01000007', 1, 2, '', 12, '2015-12-15 09:31:18'),
(18, 2, '130.00', 1, '01000007', 1, 2, '', 12, '2015-12-16 09:19:47'),
(19, 1, '260.00', 1, '01000011', 1, 1, '', 1, '2015-12-16 13:34:05'),
(20, 3, '2500.00', 1, '01000011', 1, 1, '', 1, '2015-12-16 13:34:05'),
(21, 1, '260.00', 1, '01000012', 1, 1, '', 12, '2015-12-18 02:54:32'),
(22, 1, '260.00', 1, '01000012', 1, 1, '', 12, '2015-12-18 02:55:27'),
(23, 2, '130.00', 1, '01000012', 1, 2, '', 12, '2015-12-18 02:55:34'),
(24, 1, '260.00', 1, '01000013', 1, 1, '', 12, '2015-12-18 09:05:38'),
(25, 4, '7200.00', 1, '01000007', 1, 23, '', 12, '2015-12-24 13:07:01'),
(26, 5, '60.00', 1, '01000012', 1, 14, '', 12, '2015-12-27 06:18:22'),
(27, 3, '2500.00', 1, '01000012', 1, 1, '', 12, '2015-12-29 08:14:45'),
(28, 5, '60.00', 1, '01000007', 1, 14, '', 12, '2016-01-05 07:21:45'),
(29, 13, '40.00', 1, '01000012', 1, 32, '', 12, '2016-01-05 07:28:26'),
(30, 13, '40.00', 1, '01000012', 1, 32, '', 12, '2016-01-05 08:09:48'),
(31, 13, '40.00', 1, '01000012', 1, 32, '', 12, '2016-01-05 08:18:11'),
(32, 12, '50.00', 1, '01000012', 1, 24, '', 1, '2016-01-11 13:29:43'),
(33, 12, '50.00', 1, '01000012', 1, 24, '', 12, '2016-01-11 13:51:19'),
(34, 5, '60.00', 1, '01000012', 1, 14, '', 12, '2016-01-11 13:51:52'),
(35, 7, '2000.00', 1, '01000009', 1, 2, '', 1, '2016-02-03 14:28:02');

-- --------------------------------------------------------

--
-- Table structure for table `coupon_code`
--

CREATE TABLE IF NOT EXISTS `coupon_code` (
  `coupon_id` int(10) unsigned NOT NULL AUTO_INCREMENT COMMENT '自增主键',
  `coupon_code` varchar(16) COLLATE utf8_unicode_ci NOT NULL COMMENT '优惠券号',
  `store_id` int(10) unsigned NOT NULL COMMENT '商家ID',
  `binded_uid` int(10) unsigned NOT NULL COMMENT '用户ID',
  `batch_no` varchar(32) COLLATE utf8_unicode_ci DEFAULT NULL COMMENT '优惠券批次号',
  `created_at` timestamp NULL DEFAULT NULL COMMENT '优惠券创建时间',
  `expire_time` timestamp NULL DEFAULT NULL COMMENT '优惠券过期时间',
  `discount` int(10) unsigned NOT NULL DEFAULT '100' COMMENT '折扣率',
  `minimal_order_amount` decimal(12,2) NOT NULL DEFAULT '0.00' COMMENT '最小订单金额',
  `category_ids` varchar(128) COLLATE utf8_unicode_ci DEFAULT NULL COMMENT '允许消费的商品分类',
  `skus` varchar(256) COLLATE utf8_unicode_ci DEFAULT NULL COMMENT '允许使用的商品',
  `is_used` enum('0','1') COLLATE utf8_unicode_ci NOT NULL DEFAULT '0' COMMENT '是否已被使用',
  `used_time` timestamp NULL DEFAULT NULL COMMENT '使用时间',
  `is_enable` enum('0','1') COLLATE utf8_unicode_ci NOT NULL DEFAULT '1' COMMENT '是否可用',
  PRIMARY KEY (`coupon_id`),
  UNIQUE KEY `coupon_code` (`coupon_code`)
) ENGINE=InnoDB  DEFAULT CHARSET=utf8 COLLATE=utf8_unicode_ci COMMENT='用户优惠券表' AUTO_INCREMENT=2 ;

--
-- Dumping data for table `coupon_code`
--

INSERT INTO `coupon_code` (`coupon_id`, `coupon_code`, `store_id`, `binded_uid`, `batch_no`, `created_at`, `expire_time`, `discount`, `minimal_order_amount`, `category_ids`, `skus`, `is_used`, `used_time`, `is_enable`) VALUES
(1, 'abcdefg', 1, 1, NULL, '2015-10-31 16:00:00', '2015-11-29 16:00:00', 98, '0.00', NULL, NULL, '0', NULL, '1');

-- --------------------------------------------------------

--
-- Table structure for table `customer`
--

CREATE TABLE IF NOT EXISTS `customer` (
  `customer_id` int(10) unsigned NOT NULL AUTO_INCREMENT COMMENT '用户ID',
  `account` varchar(32) COLLATE utf8_unicode_ci NOT NULL COMMENT '帐号',
  `password` varchar(256) COLLATE utf8_unicode_ci NOT NULL COMMENT '密码',
  `name` varchar(64) COLLATE utf8_unicode_ci NOT NULL DEFAULT '' COMMENT '客户姓名',
  `gender` enum('0','1','2') COLLATE utf8_unicode_ci NOT NULL DEFAULT '0' COMMENT '性别,0:女，1：男,2：保密',
  `email` varchar(64) COLLATE utf8_unicode_ci DEFAULT NULL COMMENT '电子邮件地址',
  `created_at` timestamp NULL DEFAULT NULL COMMENT '用户创建时间',
  `updated_at` timestamp NULL DEFAULT NULL COMMENT '用户信息更新时间',
  `last_login_time` timestamp NULL DEFAULT NULL COMMENT '最后一次登录时间',
  `login_times` int(10) unsigned NOT NULL DEFAULT '0' COMMENT '总共登录次数',
  `is_available` enum('0','1') COLLATE utf8_unicode_ci NOT NULL DEFAULT '1' COMMENT '账户是否可用',
  `default_address_id` int(10) unsigned DEFAULT NULL COMMENT '默认收货地址',
  `total_scores` int(10) unsigned NOT NULL DEFAULT '0' COMMENT '用户累计积分',
  `consume_scores` int(10) unsigned NOT NULL DEFAULT '0' COMMENT '消费积分',
  `rest_scores` int(10) unsigned NOT NULL DEFAULT '0' COMMENT '剩余积分',
  `charge_amount` int(10) unsigned NOT NULL DEFAULT '0' COMMENT '总共充值金额',
  `consume_amount` decimal(12,2) NOT NULL DEFAULT '0.00' COMMENT '消费金额',
  `rest_amount` decimal(12,2) unsigned NOT NULL COMMENT '剩余金额',
  `vip_level` tinyint(3) unsigned NOT NULL DEFAULT '0' COMMENT '不是会员为0，会员等级1-7',
  `sign_earn_amount` decimal(12,2) NOT NULL DEFAULT '0.00' COMMENT '有赚签到获取的金额',
  `task_earn_amount` decimal(12,2) NOT NULL DEFAULT '0.00' COMMENT '有赚做任务获取的金额',
  PRIMARY KEY (`customer_id`)
) ENGINE=InnoDB  DEFAULT CHARSET=utf8 COLLATE=utf8_unicode_ci COMMENT='用户信息表' AUTO_INCREMENT=37 ;

--
-- Dumping data for table `customer`
--

INSERT INTO `customer` (`customer_id`, `account`, `password`, `name`, `gender`, `email`, `created_at`, `updated_at`, `last_login_time`, `login_times`, `is_available`, `default_address_id`, `total_scores`, `consume_scores`, `rest_scores`, `charge_amount`, `consume_amount`, `rest_amount`, `vip_level`, `sign_earn_amount`, `task_earn_amount`) VALUES
(1, '15882112001', '', '陈', '0', NULL, NULL, NULL, NULL, 0, '1', NULL, 0, 0, 0, 1500, '604.20', '895.80', 0, '0.00', '0.00'),
(4, '18180918332', '$2y$10$ubJluejW8gFaXWZkh8.NpOjzjWI87MdlCAuMXdwqQZRCxTIG5GrUK', '', '', NULL, '2015-11-23 07:15:58', '2015-11-23 07:15:58', NULL, 0, '1', NULL, 0, 0, 0, 0, '0.00', '0.00', 0, '0.00', '0.00'),
(5, '18180913987', '$2y$10$2yqenawSM4MEeCKai2iWv.riRs9OgaYmkOuSJ4ZHloYag/F3v4P/q', '', '1', '', '2015-11-23 07:43:08', '2015-11-23 07:43:08', NULL, 0, '1', NULL, 0, 0, 0, 0, '0.00', '0.00', 0, '0.00', '0.00'),
(6, '18180918333', '$2y$10$gQVCi74zArkJ4Dz6tpwuAet57ydaROmydUAjaj4vS8J6MsJY5oXoC', '', '1', '', '2015-12-04 07:07:15', '2015-12-04 07:07:15', NULL, 0, '1', NULL, 0, 0, 0, 0, '0.00', '0.00', 0, '0.00', '0.00'),
(7, '18180918334', '$2y$10$D9rDxkJMZCr6Fl5XOio6LesNUa09rpGVHeI2ly66hU5BWz1Y5R3OO', '', '1', '', '2015-12-04 07:10:56', '2015-12-04 07:10:56', NULL, 0, '1', NULL, 0, 0, 0, 0, '0.00', '0.00', 0, '0.00', '0.00'),
(8, '18180918335', '$2y$10$bDZqo.Cz1Zyem0.XusZAH.JIsrPT4TU9T7R/MsFnzbi9h5PTKaiqO', '', '1', '', '2015-12-04 07:34:30', '2015-12-04 07:34:30', NULL, 0, '1', NULL, 0, 0, 0, 0, '0.00', '0.00', 0, '0.00', '0.00'),
(9, '18180918336', '$2y$10$GvMNFZ0EFeVGmzv/IpLUFeb4W3QpHGFmbmhIz0.w/8X71kCbr864S', '', '1', '', '2015-12-04 07:37:49', '2015-12-04 07:37:49', NULL, 0, '1', NULL, 0, 0, 0, 0, '0.00', '0.00', 0, '0.00', '0.00'),
(10, '18180918337', '$2y$10$DQb0.lxH4nWCvuGgT1u6W.yl4W3br5HXH4S807og9yuncuaLovOzy', '', '1', '', '2015-12-04 07:53:31', '2015-12-04 07:53:31', NULL, 0, '1', NULL, 0, 0, 0, 0, '0.00', '0.00', 0, '0.00', '0.00'),
(11, '18180918331', '$2y$10$4dqxR6GmSzc0VAKv32ea0epCit3ose7.IRtrKVpaWjhk6gKGPzOIq', '', '1', '', '2015-12-04 07:53:52', '2015-12-04 07:53:52', NULL, 0, '1', NULL, 0, 0, 0, 0, '0.00', '0.00', 0, '0.00', '0.00'),
(12, '15311111111', '$2y$10$85FwiGCIrV6ypQNHA49BK.SQQD/kTTt074kzAhITY/5e6K1BHCBIm', 'good', '', '', '2015-12-14 12:35:35', '2015-12-14 12:35:35', NULL, 0, '1', NULL, 0, 0, 0, 0, '0.00', '0.00', 0, '0.00', '0.00'),
(13, '15312345678', '$2y$10$tl9his0aqFn3mFUANGpCNO.CdsFOy.mW/yTSUnNGZCerck/AwvcAG', '，，。。。！！！！！！！！！！！！！！！', '1', '', '2015-12-14 12:37:04', '2015-12-14 12:37:04', NULL, 0, '1', NULL, 0, 0, 0, 0, '0.00', '0.00', 0, '0.00', '0.00'),
(14, '15108250868', '$2y$10$tl9his0aqFn3mFUANGpCNO.CdsFOy.mW/yTSUnNGZCerck/AwvcAG', 'sss', '0', NULL, NULL, NULL, NULL, 0, '1', NULL, 0, 0, 0, 0, '0.00', '0.00', 0, '0.00', '0.00'),
(15, '15108250868', '111', '', '0', NULL, '2015-12-15 03:22:42', '2015-12-15 03:22:42', '2015-12-15 03:22:42', 0, '1', NULL, 0, 0, 0, 0, '0.00', '0.00', 0, '0.00', '0.00'),
(16, '15982391282', '111', '', '0', NULL, '2015-12-15 03:24:03', '2015-12-15 03:24:03', '2015-12-15 03:24:03', 0, '1', NULL, 0, 0, 0, 0, '0.00', '0.01', 0, '0.00', '0.00'),
(17, '17784235105', '1111', '', '0', NULL, '2015-12-15 03:25:52', '2015-12-15 03:25:52', '2015-12-15 03:25:52', 0, '1', NULL, 0, 0, 0, 0, '0.00', '0.00', 0, '0.00', '0.00'),
(18, '15680703296', '1111', '', '0', NULL, '2015-12-15 03:26:43', '2015-12-15 03:26:43', '2015-12-15 03:26:43', 0, '1', NULL, 0, 0, 0, 0, '0.00', '0.00', 0, '0.00', '0.00'),
(19, '18983823588', '1111', '', '0', NULL, '2015-12-15 03:27:18', '2015-12-15 03:27:18', '2015-12-15 03:27:18', 0, '1', NULL, 0, 0, 0, 0, '0.00', '0.00', 0, '0.00', '0.00'),
(20, '18996060608', '1111', '', '0', NULL, '2015-12-15 03:27:49', '2015-12-15 03:27:49', '2015-12-15 03:27:49', 0, '1', NULL, 0, 0, 0, 0, '0.00', '0.00', 0, '0.00', '0.00'),
(21, '15208205232', '1111', '', '0', NULL, '2015-12-15 03:28:28', '2015-12-15 03:28:28', '2015-12-15 03:28:28', 0, '1', NULL, 0, 0, 0, 0, '0.00', '0.00', 0, '0.00', '0.00'),
(22, '15208305698', '1111', '', '0', NULL, '2015-12-15 03:29:43', '2015-12-15 03:29:43', '2015-12-15 03:29:43', 0, '1', NULL, 0, 0, 0, 0, '0.00', '0.00', 0, '0.00', '0.00'),
(23, '15390072142', '$2y$10$SFDBP6m.f841P6My8e01u.jJ/5kmOLXGPhboAoLPIrR8e6UOWgc5e', '小燕', '', '', '2015-12-15 06:52:43', '2015-12-15 06:52:43', NULL, 0, '1', NULL, 0, 0, 0, 0, '0.00', '0.00', 0, '0.00', '0.00'),
(24, '15982236701', '$2y$10$cUYtGhAEVC2XvUSkhzrC4uRkC6wvPKsk8rlKcyqzzQ5xQGm8VwVVS', '钤殇', '0', '', '2015-12-15 07:54:38', '2015-12-15 07:54:38', NULL, 0, '1', NULL, 0, 0, 0, 0, '0.00', '0.00', 0, '0.00', '0.00'),
(25, '15211111111', '$2y$10$810xbKfpmhhVXbcOAa.uv.Vmd1rAIPZZAkewI0HgjB8lxnqCwkSem', '人体宴发给别人惹不起眼神秘宝鸡爪机党加油腻腻歪歪', '', '', '2015-12-18 02:27:59', '2015-12-18 02:27:59', NULL, 0, '1', NULL, 0, 0, 0, 0, '0.00', '0.00', 0, '0.00', '0.00'),
(26, '15312344321', '$2y$10$2QwkkgBgpDE14yCm2Cz9KuOMMZTkFk1WNrMTvZdioAtEN0t76nQha', '这是', '1', '', '2015-12-18 09:02:18', '2015-12-18 09:02:18', NULL, 0, '1', NULL, 0, 0, 0, 0, '0.00', '0.00', 0, '0.00', '0.00'),
(27, '15212341234', '$2y$10$mW1CVpV.cotSKJdboIDpZ.hPI07C0Pl8QQXMeEojzVVjgR.ftzuJy', '我', '1', '', '2015-12-24 13:08:16', '2015-12-24 13:08:16', NULL, 0, '1', NULL, 0, 0, 0, 0, '0.00', '0.00', 0, '0.00', '0.00'),
(28, '18780207350', '$2y$10$WdeZtH8TQsvHImEN4dxiyeWizakL26qF2NlMZVrxf8psludpZiJbW', '', '1', 'hhxsv5@sina.com', '2015-12-27 12:58:20', '2015-12-27 12:58:20', NULL, 0, '1', NULL, 0, 0, 0, 0, '0.00', '0.00', 0, '0.00', '0.00'),
(29, '15223323652', '$2y$10$nLbYQDsNEUpmj8f6TTYBHerBNgk6cFwN/PE7b8sebxlHfYneCl9fy', '', '0', '35226411@112.com', '2015-12-28 02:39:10', '2015-12-28 02:39:10', NULL, 0, '1', NULL, 0, 0, 0, 0, '0.00', '0.00', 0, '0.00', '0.00'),
(30, '17778273111', '$2y$10$p2poCAnwpsZgfxIRa23.sOIn9oWztLpOZ2BCkCBrHvwZ9pX3LdDsy', '', '0', '123@qq.com', '2016-01-04 13:08:39', '2016-01-04 13:08:39', NULL, 0, '1', NULL, 0, 0, 0, 0, '0.00', '0.00', 0, '0.00', '0.00'),
(31, '17711111111', '$2y$10$HJ0ZeSzr/AA82xzl.Iml/OWpDGtFOIYWBRnmTjdYZjvF6DsQEqScW', '', '0', '22@qq.com', '2016-01-07 13:34:24', '2016-01-07 13:34:24', NULL, 0, '1', NULL, 0, 0, 0, 0, '0.00', '0.00', 0, '0.00', '0.00'),
(32, '15211111112', '$2y$10$pbcYP6WsQHwkq7M9skhUIeW3AGBFNgjhiNd/NMWq1drnC16SVHkWq', 'xiao', '0', '234@163.com', '2016-01-13 14:15:47', '2016-01-13 14:15:47', NULL, 0, '1', NULL, 0, 0, 0, 0, '0.00', '0.00', 0, '0.00', '0.00'),
(33, '15111111111', '$2y$10$qoTJGqn6ys.wYhDqK3yluOEYgAp32Jpwey/HwjyzuMvxwLn5Tytre', '', '1', '111@163.com', '2016-01-17 14:14:25', '2016-01-17 14:14:25', NULL, 0, '1', NULL, 0, 0, 0, 0, '0.00', '0.00', 0, '0.00', '0.00'),
(34, '15212345678', '$2y$10$F4mvlGySL.tdDnW3XE34mOXgtDctLL1sfL.iufK.kQ82cdaXzxMn.', '', '0', '1@154.com', '2016-01-19 13:00:34', '2016-01-19 13:00:34', NULL, 0, '1', NULL, 0, 0, 0, 0, '0.00', '0.00', 0, '0.00', '0.00'),
(35, '15212312312', '$2y$10$6bOhZ4XlhvImO.wXqwDGq.kvppOiYzHo4UKKf4Jla.Wv7jXe.P3AO', '123', '0', '2@123.com', '2016-01-20 06:19:07', '2016-01-20 06:19:07', NULL, 0, '1', NULL, 0, 0, 0, 0, '0.00', '0.00', 0, '0.00', '0.00'),
(36, '15108250869', '$2y$10$NUr0V2sHuGrYTIijhIA5V.wQafpvlWxeSFruH3JbWNJAANZF7HMXO', 'fff', '1', '', '2016-02-03 14:27:22', '2016-02-03 14:27:22', NULL, 0, '1', NULL, 0, 0, 0, 0, '0.00', '0.00', 0, '0.00', '0.00');

-- --------------------------------------------------------

--
-- Table structure for table `customer_address`
--

CREATE TABLE IF NOT EXISTS `customer_address` (
  `address_id` int(10) unsigned NOT NULL AUTO_INCREMENT,
  `customer_id` int(10) unsigned NOT NULL,
  `regular_name` varchar(128) COLLATE utf8_unicode_ci DEFAULT NULL,
  `street` varchar(128) COLLATE utf8_unicode_ci DEFAULT NULL,
  `address_detail` varchar(256) COLLATE utf8_unicode_ci DEFAULT NULL,
  `postcode` varchar(6) COLLATE utf8_unicode_ci DEFAULT NULL,
  `telephone` varchar(24) COLLATE utf8_unicode_ci DEFAULT NULL,
  `province_id` int(10) unsigned NOT NULL,
  `city_id` int(10) unsigned NOT NULL,
  `area_id` int(10) unsigned NOT NULL,
  `created_at` timestamp NULL DEFAULT NULL COMMENT '创建时间',
  `is_deleted` enum('0','1') COLLATE utf8_unicode_ci NOT NULL DEFAULT '0' COMMENT '是否已删除',
  PRIMARY KEY (`address_id`),
  UNIQUE KEY `street_UNIQUE` (`street`)
) ENGINE=InnoDB DEFAULT CHARSET=utf8 COLLATE=utf8_unicode_ci COMMENT='用户地址表' AUTO_INCREMENT=1 ;

-- --------------------------------------------------------

--
-- Table structure for table `image`
--

CREATE TABLE IF NOT EXISTS `image` (
  `image_id` int(10) unsigned NOT NULL AUTO_INCREMENT COMMENT '图片ID',
  `image_name` varchar(64) NOT NULL DEFAULT '' COMMENT '图片名称',
  `image_url` varchar(128) NOT NULL DEFAULT '' COMMENT '图片地址',
  `image_alt` varchar(1024) NOT NULL DEFAULT '' COMMENT '图片描述',
  `image_md5` varchar(32) NOT NULL DEFAULT '' COMMENT '图片md5,可用于判断图片是否重复上传',
  `height` int(11) NOT NULL DEFAULT '0' COMMENT '图片高度,扩展字段',
  `width` int(11) NOT NULL DEFAULT '0' COMMENT '图片宽度，扩展字段',
  `description` varchar(1024) NOT NULL DEFAULT '' COMMENT '其他说明',
  PRIMARY KEY (`image_id`),
  KEY `md5` (`image_md5`) COMMENT '图片md5的索引'
) ENGINE=InnoDB  DEFAULT CHARSET=utf8 COMMENT='图片表' AUTO_INCREMENT=49 ;

--
-- Dumping data for table `image`
--

INSERT INTO `image` (`image_id`, `image_name`, `image_url`, `image_alt`, `image_md5`, `height`, `width`, `description`) VALUES
(1, '枇杷', '/assets/images/product/2015/12/15/93a51371729e5a19a8371b0451d3837d.jpg', '枇杷', '0765c0fac7b05fb9e6d43d3541d23148', 161, 220, ''),
(2, '枇杷', '/assets/images/product/2015/12/15/5d03d2a30c5e24242adfdb8f6182e675.jpg', '枇杷', 'f2c333275ca988b4cae5ef46f06ba35e', 165, 220, ''),
(3, '枇杷', '/assets/images/product/2015/12/15/3db044330e92c9db0941e0d3f9b42d09.jpg', '枇杷', '81f2bdd898c5f1504aa897d8a897f0b5', 143, 220, ''),
(4, '山竹 ', '/assets/images/product/2015/12/15/1c412f3536ad828f43b7f31f9b078dfd.jpg', '山竹 ', 'b1402d3394a7aa11ed05e86704731c4f', 165, 220, ''),
(5, '山竹 ', '/assets/images/product/2015/12/15/dc18b9107ca408ea84d7ee7a4737adaa.jpg', '山竹 ', '9b5d7da31b6d780b21632f3d08907814', 121, 121, ''),
(6, '山竹 ', '/assets/images/product/2015/12/15/48ef4e581ddff681d40d420e47c8cd40.jpg', '山竹 ', '1e77b870e736e2643fedac432a34d2b6', 146, 220, ''),
(7, '榴莲 ', '/assets/images/product/2015/12/15/a1fa6ad04fc0224ce11b2a6914d9aaaa.jpg', '榴莲 ', '03e0d8b806e7ef6d178c798e0a03affe', 90, 120, ''),
(8, '榴莲 ', '/assets/images/product/2015/12/15/f64d4e3d877244b3a4374781a3832afd.jpg', '榴莲 ', '43c80c70b40958f6d6d78262a951eadc', 220, 330, ''),
(9, '榴莲 ', '/assets/images/product/2015/12/15/f5ada966e3b4aae66ec00179edd53996.jpg', '榴莲 ', '44d7f89b5cc343844ac572917a9deab4', 120, 120, ''),
(10, '椰子', '/assets/images/product/2015/12/15/20a17b16f6507f79ec2d06d7835a11ed.jpg', '椰子', '9e6252c97c3e8917f23689ebc8cafe51', 175, 220, ''),
(11, '椰子', '/assets/images/product/2015/12/15/d627b856d269df196f30136efae8ca45.jpg', '椰子', '85befa31c7a3ea77b8520a04b41a4a4c', 75, 120, ''),
(12, '椰子', '/assets/images/product/2015/12/15/60323357826c97f533c302fbb8aa0261.jpg', '椰子', '66c7dda33a0c9bf78851cc56442d9a59', 146, 220, ''),
(13, '猕猴桃', '/assets/images/product/2015/12/15/603fbbfa40077197e401600f5fe697bb.jpg', '猕猴桃', '1826bde511a524a6191eeb4a16cb8168', 195, 220, ''),
(14, '猕猴桃', '/assets/images/product/2015/12/15/2ecc2937882b5150bb96ffafcd40015d.jpg', '猕猴桃', '37882f3f1f0a97672848f1d4d9b60fcc', 165, 220, ''),
(15, '芒果  ', '/assets/images/product/2015/12/15/0b1dec3e67ab8bbcd6f558809148fa05.jpg', '芒果  ', '5187a0a559a517d10609119da525d4bc', 161, 220, ''),
(16, '荔枝  ', '/assets/images/product/2015/12/15/31bccdfe4af6d701e4ba2aa4b806ba53.jpg', '荔枝  ', '6ebd52ded0a905f44138a93ddf0da1c4', 147, 220, ''),
(17, '柿子', '/assets/images/product/2015/12/15/8d42070092dad970f0cfdb17a06b6b22.jpg', '柿子', '3b723a5792bef71f1575368ead727acc', 147, 220, ''),
(18, '柚子', '/assets/images/product/2015/12/15/7fdf25be1a89446754b55d4ea8b1cd21.jpg', '柚子', '54d82f09e971d09852aeec032ab802f8', 140, 220, ''),
(19, '蓝莓  ', '/assets/images/product/2015/12/15/4149ca3baa48a490659841b07d69f6dc.jpg', '蓝莓  ', '9cdfdabeb22226a519bfe348b3b1642c', 157, 220, ''),
(20, '草莓  ', '/assets/images/product/2015/12/15/b18442b3596dbc76e72618ae7d7fff63.jpg', '草莓  ', '99145f545d03da8c3543080d8e6b116d', 137, 220, ''),
(21, '梅子', '/assets/images/product/2015/12/15/a3e48dbc9fb5c84cff0432d89060174b.jpg', '梅子', '41c760f194733fa5ebfa5a7de14dc880', 165, 220, ''),
(22, '哈密瓜', '/assets/images/product/2015/12/15/907089c7e09dc96e29db37846f05eb5b.jpg', '哈密瓜', 'b67dfa51af6b30d80d99d7bc8616d394', 146, 220, ''),
(23, '西瓜 ', '/assets/images/product/2015/12/15/a378f732c2ddcd0e7e183fb3e6ef85c5.jpg', '西瓜 ', '3c6c0b828d985285d64e091053ff8d5f', 133, 220, ''),
(24, '樱桃  ', '/assets/images/product/2015/12/15/9627ab8da539ef8c8470b54d848250af.jpg', '樱桃  ', '2c21ba19047f6ae2d98194336cd314d5', 147, 220, ''),
(25, '葡萄', '/assets/images/product/2015/12/15/f1469bab2437e898182a171d0fb95532.jpg', '葡萄', '1cf4171350b71f002d1681b1bf563147', 220, 189, ''),
(26, '香蕉  ', '/assets/images/product/2015/12/15/cbd750916bdd9c402bc1f7cf80da51da.jpg', '香蕉  ', '03f2c62763e125099bdf1da3e2d681e2', 159, 220, ''),
(27, '青苹果', '/assets/images/product/2015/12/15/4accf42e036f597ddb9f74ca1c527cb2.jpg', '青苹果', '5e84804c90f9403c4306c9edec98301f', 160, 220, ''),
(28, '红苹果', '/assets/images/product/2015/12/15/ab81a643147236c6d559e35b47bb434f.jpg', '红苹果', 'bc9e7410ad8bf64f18e30a687635a187', 156, 220, ''),
(29, '香菇炖鸡', '/assets/images/product/2015/12/24/dd947682da9d9605cde265891b4c60bc.png', '香菇炖鸡', '2df971ac0e51a650f89f899d5def85be', 672, 742, '香菇炖鸡'),
(30, '苹果', '/assets/images/product/2015/12/29/3f5c138e9c797f49d70c0ca8370f9312.png', '苹果', '5985996c6a4a0b9fa028bbc46c810991', 800, 1280, ''),
(31, '苹果', '/assets/images/product/2015/12/29/e57ecaff5d8ea468c58f32f6274920ea.png', '苹果', '1ecbd036fdc1689dce316e9a33ff6469', 362, 474, ''),
(32, '苹果', '/assets/images/product/2015/12/29/4c2b30a171ff1ae3fa114a61d2176486.png', '苹果', 'c3b2ca613ab867ea0010eab9fcd720bf', 800, 1280, ''),
(33, '苹果', '/assets/images/product/2015/12/29/0046e2b87d0e0bf683813330c7439a1d.png', '苹果', 'c8e0eb30e9e32c46e575aca5dbd924c2', 388, 450, ''),
(34, '苹果', '/assets/images/product/2015/12/29/42682e6092fb1421fabececbbde53706.png', '苹果', '6b1760572f6904b084df400af8c42817', 569, 986, ''),
(35, '苹果', '/assets/images/product/2015/12/29/9bf939916d5279fea7fed27cd9821d23.png', '苹果', 'ad401c8fffc598e7977f16103c774fc1', 355, 491, ''),
(36, '苹果', '/assets/images/product/2015/12/29/1b349ba6a1c4aba37db078f182ffd545.png', '苹果', '9446ded049fe3261c521f811957dc5a8', 653, 1527, ''),
(37, '苹果', '/assets/images/product/2015/12/29/716357bde96fc6009b4b386bff25ca24.png', '苹果', '1e0ccf233bfd8c63c33893015b298039', 618, 1045, ''),
(38, '苹果', '/assets/images/product/2015/12/29/4e8abeb2394353236578faec5bc2c92f.png', '苹果', '2c438450092f9d7f465c626569c395cc', 392, 696, ''),
(39, '苹果', '/assets/images/product/2015/12/29/10e9d7f9a5bc1216be27b85a543a4175.png', '苹果', '22394cacb6574a2d26e29196a361a254', 562, 950, ''),
(40, '苹果', '/assets/images/product/2015/12/29/dfcc603b093fb70dbc03d3703c83ef02.jpg', '苹果', 'eb008b3f7a800df4d4db9a4d5f693be1', 2576, 1936, ''),
(41, '鳕鱼', '/assets/images/product/2015/12/30/5fc6e2c330ec6c88e2f9b86caa90d12c.jpg', '鳕鱼', 'aff7940371ebcdd7b2e269bfdf33fb16', 1200, 1600, ''),
(42, '草鱼', '/assets/images/product/2015/12/30/eba096524cd61604affe5e00bc9b85bc.jpg', '草鱼', '8c7cbc5a99ef09573a3f9fe85a19b2e2', 240, 361, ''),
(43, '开心果', '/assets/images/product/2015/12/30/2e910f0457b25c5a86436c8cbf210318.jpg', '开心果', '2d9dee43437498c62555ec6c3f8e69b2', 400, 400, ''),
(44, '开心果', '/assets/images/product/2015/12/30/46772a11fe436bbd7b8f68ae777ff186.png', '开心果', '3fbac702a7e93f2afd7cdcfc491d6e17', 494, 658, ''),
(45, '大虾', '/assets/images/product/2015/12/31/ecd0a3a482dc145879e7ea0ec8dae816.jpg', '大虾', 'b0ea276db7784730f8a7613830cfbafa', 400, 400, ''),
(46, '大虾', '/assets/images/product/2016/01/05/334e3498d07fb530ebb403e6976e15a6.png', '大虾', '03c11061dac80b2275510c966b16ff9a', 800, 1200, ''),
(47, '大虾', '/assets/images/product/2016/01/05/e32dfc61256b0dab48d58bbfb34dd93a.jpeg', '大虾', '131495041b53c649308680ad31e29b6d', 800, 1200, ''),
(48, '大虾', '/assets/images/product/2016/01/05/775cbee5de54333aec32b9d64d747dbb.jpeg', '大虾', '394dc2b20e4f5e4c8a2fa5fa3f6c5fcf', 800, 1200, '');

-- --------------------------------------------------------

--
-- Table structure for table `image_map`
--

CREATE TABLE IF NOT EXISTS `image_map` (
  `map_id` int(10) unsigned NOT NULL AUTO_INCREMENT COMMENT '映射ID',
  `map_type` varchar(16) NOT NULL DEFAULT '' COMMENT '图片映射类型(store/product/activity)等',
  `source_id` int(11) NOT NULL DEFAULT '0' COMMENT '商店ID,商品ID,活动ID等',
  `image_id` int(11) NOT NULL DEFAULT '0' COMMENT '图片ID',
  `description` varchar(1024) NOT NULL DEFAULT '' COMMENT '说明',
  PRIMARY KEY (`map_id`),
  UNIQUE KEY `map_info` (`map_type`,`source_id`,`image_id`) COMMENT '唯一的一个映射关系',
  KEY `image_id` (`image_id`) COMMENT '如果要查询某张图片的全部使用情况可以用到'
) ENGINE=InnoDB  DEFAULT CHARSET=utf8 COMMENT='图片映射表' AUTO_INCREMENT=62 ;

--
-- Dumping data for table `image_map`
--

INSERT INTO `image_map` (`map_id`, `map_type`, `source_id`, `image_id`, `description`) VALUES
(1, 'product', 21, 1, '商品#21的图片'),
(2, 'product', 21, 2, '商品#21的图片'),
(3, 'product', 21, 3, '商品#21的图片'),
(4, 'product', 20, 4, '商品#20的图片'),
(5, 'product', 20, 5, '商品#20的图片'),
(6, 'product', 20, 6, '商品#20的图片'),
(7, 'product', 19, 7, '商品#19的图片'),
(8, 'product', 19, 8, '商品#19的图片'),
(9, 'product', 19, 9, '商品#19的图片'),
(10, 'product', 18, 10, '商品#18的图片'),
(11, 'product', 18, 11, '商品#18的图片'),
(12, 'product', 18, 12, '商品#18的图片'),
(13, 'product', 17, 13, '商品#17的图片'),
(14, 'product', 17, 14, '商品#17的图片'),
(15, 'product', 16, 15, '商品#16的图片'),
(16, 'product', 15, 16, '商品#15的图片'),
(17, 'product', 14, 17, '商品#14的图片'),
(18, 'product', 13, 18, '商品#13的图片'),
(19, 'product', 12, 19, '商品#12的图片'),
(20, 'product', 11, 20, '商品#11的图片'),
(21, 'product', 10, 21, '商品#10的图片'),
(22, 'product', 9, 22, '商品#9的图片'),
(23, 'product', 8, 23, '商品#8的图片'),
(24, 'product', 7, 23, '商品#7的图片'),
(25, 'product', 6, 24, '商品#6的图片'),
(26, 'product', 5, 22, '商品#5的图片'),
(27, 'product', 4, 25, '商品#4的图片'),
(28, 'product', 3, 26, '商品#3的图片'),
(29, 'product', 2, 27, '商品#2的图片'),
(30, 'product', 1, 28, '商品#1的图片'),
(31, 'product', 23, 29, '商品#23的图片'),
(43, 'product', 27, 30, '商品#27的图片'),
(44, 'product', 27, 32, '商品#27的图片'),
(49, 'product', 27, 35, '商品#27的图片'),
(50, 'product', 27, 31, '商品#27的图片'),
(51, 'product', 27, 36, '商品#27的图片'),
(52, 'product', 27, 38, '商品#27的图片'),
(53, 'product', 27, 33, '商品#27的图片'),
(54, 'product', 27, 37, '商品#27的图片'),
(55, 'product', 27, 39, '商品#27的图片'),
(57, 'product', 28, 41, '商品#28的图片'),
(58, 'product', 29, 42, '商品#29的图片'),
(59, 'product', 30, 43, '商品#30的图片'),
(61, 'product', 31, 45, '商品#31的图片');

-- --------------------------------------------------------

--
-- Table structure for table `notice`
--

CREATE TABLE IF NOT EXISTS `notice` (
  `notice_id` int(10) unsigned NOT NULL AUTO_INCREMENT COMMENT '主键ID',
  `store_id` int(10) unsigned NOT NULL COMMENT '商家ID',
  `short_description` varchar(32) COLLATE utf8_unicode_ci DEFAULT NULL COMMENT '公告简短描述',
  `description` text COLLATE utf8_unicode_ci COMMENT '公告详细描述',
  `status` enum('0','1') COLLATE utf8_unicode_ci NOT NULL DEFAULT '1' COMMENT '公告的状态',
  `created_at` timestamp NOT NULL DEFAULT '0000-00-00 00:00:00' COMMENT '公告创建时间',
  `updated_at` timestamp NOT NULL DEFAULT CURRENT_TIMESTAMP COMMENT '公告更新时间',
  PRIMARY KEY (`notice_id`)
) ENGINE=InnoDB  DEFAULT CHARSET=utf8 COLLATE=utf8_unicode_ci AUTO_INCREMENT=11 ;

--
-- Dumping data for table `notice`
--

INSERT INTO `notice` (`notice_id`, `store_id`, `short_description`, `description`, `status`, `created_at`, `updated_at`) VALUES
(1, 1, '10周年庆', '感恩十载，放飞梦想！亲爱的顾客朋友，欢迎光临美嘉美鞋行！在您的呵护下，我们迎来了十周年华诞。美嘉美的每一步成长，都凝聚着您的支持与厚爱！美嘉美的每一位员工，都衷心感谢您的关心与信赖！十年来，我们坚持“以市场需求为导向、以顾客满意为中心”的服务宗旨，完善的售后服务，让您购鞋无忧；特有的免费护理，让您足下生辉！十年历程，凝聚您我。因为有您，我们才能发展到今天，才有收获的喜悦！十年来，我们坚持“走品牌之路、创行业品牌”的经营理念，坚持“名品进名店、名店销名品”的经营思路，与众多知名品牌建立了战略合作关系，为顾客朋友提供更加时尚、靓丽的鞋品，让您青春常在，美丽依然！十年历程，凝聚着美嘉美人的激情与超越；十载耕耘，充满着美嘉美人的光荣与梦想。在您的支持下，我们已发展成为四川最大的专业鞋类商品零售商之一，我们还将坚定地走“专业经营、连锁发展”的道路，为实现全体美嘉美人共同的梦想而努力！十年关爱，用心感谢！盛世十载，真情回馈！亲爱的顾客朋友，美嘉美鞋行十周年庆典活动期间，全场所有鞋品促销，欢迎光临选购！', '1', '2015-12-14 15:37:21', '2015-12-14 15:37:21'),
(2, 5, '刚开张，赶快来哟，优惠多多', '感恩十载，放飞梦想！亲爱的顾客朋友，欢迎光临美嘉美鞋行！在您的呵护下，我们迎来了十周年华诞。美嘉美的每一步成长，都凝聚着您的支持与厚爱！美嘉美的每一位员工，都衷心感谢您的关心与信赖！十年来，我们坚持“以市场需求为导向、以顾客满意为中心”的服务宗旨，完善的售后服务，让您购鞋无忧；特有的免费护理，让您足下生辉！十年历程，凝聚您我。因为有您，我们才能发展到今天，才有收获的喜悦！十年来，我们坚持“走品牌之路、创行业品牌”的经营理念，坚持“名品进名店、名店销名品”的经营思路，与众多知名品牌建立了战略合作关系，为顾客朋友提供更加时尚、靓丽的鞋品，让您青春常在，美丽依然！十年历程，凝聚着美嘉美人的激情与超越；十载耕耘，充满着美嘉美人的光荣与梦想。在您的支持下，我们已发展成为四川最大的专业鞋类商品零售商之一，我们还将坚定地走“专业经营、连锁发展”的道路，为实现全体美嘉美人共同的梦想而努力！十年关爱，用心感谢！盛世十载，真情回馈！亲爱的顾客朋友，美嘉美鞋行十周年庆典活动期间，全场所有鞋品促销，欢迎光临选购！', '1', '2015-12-14 15:37:21', '2015-12-14 15:37:21'),
(3, 9, '5周年庆', '感恩十载，放飞梦想！亲爱的顾客朋友，欢迎光临美嘉美鞋行！在您的呵护下，我们迎来了十周年华诞。美嘉美的每一步成长，都凝聚着您的支持与厚爱！美嘉美的每一位员工，都衷心感谢您的关心与信赖！十年来，我们坚持“以市场需求为导向、以顾客满意为中心”的服务宗旨，完善的售后服务，让您购鞋无忧；特有的免费护理，让您足下生辉！十年历程，凝聚您我。因为有您，我们才能发展到今天，才有收获的喜悦！十年来，我们坚持“走品牌之路、创行业品牌”的经营理念，坚持“名品进名店、名店销名品”的经营思路，与众多知名品牌建立了战略合作关系，为顾客朋友提供更加时尚、靓丽的鞋品，让您青春常在，美丽依然！十年历程，凝聚着美嘉美人的激情与超越；十载耕耘，充满着美嘉美人的光荣与梦想。在您的支持下，我们已发展成为四川最大的专业鞋类商品零售商之一，我们还将坚定地走“专业经营、连锁发展”的道路，为实现全体美嘉美人共同的梦想而努力！十年关爱，用心感谢！盛世十载，真情回馈！亲爱的顾客朋友，美嘉美鞋行十周年庆典活动期间，全场所有鞋品促销，欢迎光临选购！', '1', '2015-12-14 15:38:19', '2015-12-14 15:38:19'),
(4, 5, '刚开张，赶快来哟，优惠多多', '感恩十载，放飞梦想！亲爱的顾客朋友，欢迎光临美嘉美鞋行！在您的呵护下，我们迎来了十周年华诞。美嘉美的每一步成长，都凝聚着您的支持与厚爱！美嘉美的每一位员工，都衷心感谢您的关心与信赖！十年来，我们坚持“以市场需求为导向、以顾客满意为中心”的服务宗旨，完善的售后服务，让您购鞋无忧；特有的免费护理，让您足下生辉！十年历程，凝聚您我。因为有您，我们才能发展到今天，才有收获的喜悦！十年来，我们坚持“走品牌之路、创行业品牌”的经营理念，坚持“名品进名店、名店销名品”的经营思路，与众多知名品牌建立了战略合作关系，为顾客朋友提供更加时尚、靓丽的鞋品，让您青春常在，美丽依然！十年历程，凝聚着美嘉美人的激情与超越；十载耕耘，充满着美嘉美人的光荣与梦想。在您的支持下，我们已发展成为四川最大的专业鞋类商品零售商之一，我们还将坚定地走“专业经营、连锁发展”的道路，为实现全体美嘉美人共同的梦想而努力！十年关爱，用心感谢！盛世十载，真情回馈！亲爱的顾客朋友，美嘉美鞋行十周年庆典活动期间，全场所有鞋品促销，欢迎光临选购！', '1', '2015-12-14 15:38:19', '2015-12-14 15:38:19'),
(5, 12, '回馈新老客户', '感恩十载，放飞梦想！亲爱的顾客朋友，欢迎光临美嘉美鞋行！在您的呵护下，我们迎来了十周年华诞。美嘉美的每一步成长，都凝聚着您的支持与厚爱！美嘉美的每一位员工，都衷心感谢您的关心与信赖！十年来，我们坚持“以市场需求为导向、以顾客满意为中心”的服务宗旨，完善的售后服务，让您购鞋无忧；特有的免费护理，让您足下生辉！十年历程，凝聚您我。因为有您，我们才能发展到今天，才有收获的喜悦！十年来，我们坚持“走品牌之路、创行业品牌”的经营理念，坚持“名品进名店、名店销名品”的经营思路，与众多知名品牌建立了战略合作关系，为顾客朋友提供更加时尚、靓丽的鞋品，让您青春常在，美丽依然！十年历程，凝聚着美嘉美人的激情与超越；十载耕耘，充满着美嘉美人的光荣与梦想。在您的支持下，我们已发展成为四川最大的专业鞋类商品零售商之一，我们还将坚定地走“专业经营、连锁发展”的道路，为实现全体美嘉美人共同的梦想而努力！十年关爱，用心感谢！盛世十载，真情回馈！亲爱的顾客朋友，美嘉美鞋行十周年庆典活动期间，全场所有鞋品促销，欢迎光临选购！', '1', '2015-12-14 15:39:43', '2015-12-14 15:39:43'),
(6, 20, '跳楼价，跳楼价，跳楼价！重要的事情说三遍', '感恩十载，放飞梦想！亲爱的顾客朋友，欢迎光临美嘉美鞋行！在您的呵护下，我们迎来了十周年华诞。美嘉美的每一步成长，都凝聚着您的支持与厚爱！美嘉美的每一位员工，都衷心感谢您的关心与信赖！十年来，我们坚持“以市场需求为导向、以顾客满意为中心”的服务宗旨，完善的售后服务，让您购鞋无忧；特有的免费护理，让您足下生辉！十年历程，凝聚您我。因为有您，我们才能发展到今天，才有收获的喜悦！十年来，我们坚持“走品牌之路、创行业品牌”的经营理念，坚持“名品进名店、名店销名品”的经营思路，与众多知名品牌建立了战略合作关系，为顾客朋友提供更加时尚、靓丽的鞋品，让您青春常在，美丽依然！十年历程，凝聚着美嘉美人的激情与超越；十载耕耘，充满着美嘉美人的光荣与梦想。在您的支持下，我们已发展成为四川最大的专业鞋类商品零售商之一，我们还将坚定地走“专业经营、连锁发展”的道路，为实现全体美嘉美人共同的梦想而努力！十年关爱，用心感谢！盛世十载，真情回馈！亲爱的顾客朋友，美嘉美鞋行十周年庆典活动期间，全场所有鞋品促销，欢迎光临选购！', '1', '2015-12-14 15:39:43', '2015-12-14 15:39:43'),
(7, 18, '你来或者不来，我就在这里，不离不弃', '感恩十载，放飞梦想！亲爱的顾客朋友，欢迎光临美嘉美鞋行！在您的呵护下，我们迎来了十周年华诞。美嘉美的每一步成长，都凝聚着您的支持与厚爱！美嘉美的每一位员工，都衷心感谢您的关心与信赖！十年来，我们坚持“以市场需求为导向、以顾客满意为中心”的服务宗旨，完善的售后服务，让您购鞋无忧；特有的免费护理，让您足下生辉！十年历程，凝聚您我。因为有您，我们才能发展到今天，才有收获的喜悦！十年来，我们坚持“走品牌之路、创行业品牌”的经营理念，坚持“名品进名店、名店销名品”的经营思路，与众多知名品牌建立了战略合作关系，为顾客朋友提供更加时尚、靓丽的鞋品，让您青春常在，美丽依然！十年历程，凝聚着美嘉美人的激情与超越；十载耕耘，充满着美嘉美人的光荣与梦想。在您的支持下，我们已发展成为四川最大的专业鞋类商品零售商之一，我们还将坚定地走“专业经营、连锁发展”的道路，为实现全体美嘉美人共同的梦想而努力！十年关爱，用心感谢！盛世十载，真情回馈！亲爱的顾客朋友，美嘉美鞋行十周年庆典活动期间，全场所有鞋品促销，欢迎光临选购！', '1', '2015-12-14 15:41:39', '2015-12-14 15:41:39'),
(8, 6, '全网最低，come on!', '感恩十载，放飞梦想！亲爱的顾客朋友，欢迎光临美嘉美鞋行！在您的呵护下，我们迎来了十周年华诞。美嘉美的每一步成长，都凝聚着您的支持与厚爱！美嘉美的每一位员工，都衷心感谢您的关心与信赖！十年来，我们坚持“以市场需求为导向、以顾客满意为中心”的服务宗旨，完善的售后服务，让您购鞋无忧；特有的免费护理，让您足下生辉！十年历程，凝聚您我。因为有您，我们才能发展到今天，才有收获的喜悦！十年来，我们坚持“走品牌之路、创行业品牌”的经营理念，坚持“名品进名店、名店销名品”的经营思路，与众多知名品牌建立了战略合作关系，为顾客朋友提供更加时尚、靓丽的鞋品，让您青春常在，美丽依然！十年历程，凝聚着美嘉美人的激情与超越；十载耕耘，充满着美嘉美人的光荣与梦想。在您的支持下，我们已发展成为四川最大的专业鞋类商品零售商之一，我们还将坚定地走“专业经营、连锁发展”的道路，为实现全体美嘉美人共同的梦想而努力！十年关爱，用心感谢！盛世十载，真情回馈！亲爱的顾客朋友，美嘉美鞋行十周年庆典活动期间，全场所有鞋品促销，欢迎光临选购！', '1', '2015-12-14 15:41:39', '2015-12-14 15:41:39'),
(9, 1, '创建公告不发布', '创建公告不发布创建公告不发布创建公告不发布创建公告不发布创建公告不发布创建公告不发布创建公告不发布创建公告不发布创建公告不发布创建公告不发布创建公告不发布创建公告不发布创建公告不发布创建公告不发布创建公告不发布创建公告不发布创建公告不发布创建公告不发布', '1', '2015-12-26 14:25:01', '2016-01-07 14:37:51');
INSERT INTO `notice` (`notice_id`, `store_id`, `short_description`, `description`, `status`, `created_at`, `updated_at`) VALUES
(10, 1, '11111111111111111111111111111111', '111111111111111111111111111111111111111111111111111111111111111111111111111111111111111111111111111111111111111111111111111111111111111111111111111111111111111111111111111111111111111ssssssssssssssssssssssssssss11111111111111111111111111111111111111111111111111111111111111111111111111111111111111111111111111111111111111111111111111111111111111111111111111111111111111111111111111111111111111111111111111111111111111111111111111111111111111111111111111111111111111111111111111111111111111111111111111111111111111111111111111111111111111111111111111111111111111111111111111111111111111111111111111111111111111111111111111111111111111111111111111111111111111111111111111111111111111111111111111111111111111111111111111111111111111111111111111111111111111111111111111111111111111111111111111111111111111111111111111111111111111111111111111111111111111111111111111111111111111111111111111111111111111111111111111111111111111111111111111111111111111111111111111111111111111111111111111111111111111111111111111111111111111111111111111111111111111111111111111111111111111111111111111111111111111111111111111111111111111111111111111111111111111111111111111111111111111111111111111111111111111111111111111111111111111111111111111111111111111111111111111111111111111111111111111111111111111111111111111111111111111111111111111111111111111111111111111111111111111111111111111111111111111111111111111111111111111111111111111111111111111111111111111111111111111111111111111111111111111111111111111111111111111111111111111111111111111111111111111111111111111111111111111111111111111111111111111111111111111111111111111111111111111111111111111111111111111111111111111111111111111111111111111111111111111111111111111111111111111111111111111111111111111111111111111111111111111111111111111111111111111111111111111111111111111111111111111111111111111111111111111111111111111111111111111111111111111111111111111111111111111111111111111111111111111111111111111111111111111111111111111111111111111111111111111111111111111111111111111111111111111111111111111111111111111111111111111111111111111111111111111111111111111111111111111111111111111111111111111111111111111111111111111111111111111111111111111111111111111111111111111111111111111111111111111111111111111111111111111111111111111111111111111111111111111111111111111111111111111111111111111111111111111111111111111111111111111111111111111111111111111111111111111111111111111111111111111111111111111111111111111111111111111111111111111111111111111111111111111111111111111111111111111111111111111111111111111111111111111111111111111111111111111111111111111111111111111111111111111111111111111111111111111111111111111111111111111111111111111111111111111111111111111111111111111111111111111111111111111111111111111111111111111111111111111111111111111111111111111111111111111111111111111111111111111111111111111111111111111111111111111111111111111111111111111111111111111111111111111111111111111111111111111111111111111111111111111111111111111111111111111111111111111111111111111111111111111111111111111111111111111111111111111111111111111111111111111111111111111111111111111111111111111111111111111111111111111111111111111111111111111111111111111111111111111111111111111111111111111111111111111111111111111111111111111111111111111111111111111111111111111111111111111111111111111111111111111111111111111111111111111111111111111111111111111111111111111111111111111111111111111111111111111111111111111111111111111111111111111111111111111111111111111111111111111111111111111111111111111111111111111111111111111111111111111111111111111111111111111111111111111111111111111111111111111111111111111111111111111111111111111111111111111111111111111111111111111111111111111111111111111111111111111111111111111111111111111111111111111111111111111111111111111111111111111111111111111111111111111111111111111111111111111111111111111111111111111111111111111111111111111111111111111111111111111111111111111111111111111111111111111111111111111111111111111111111111111111111111111111111111111111111111111111111111111111111111111111111111111111111111111111111111111111111111111111111111111111111111111111111111111111111111111111111111111111111111111111111111111111111111111111111111111111111111111111111111111111111111111111111111111111111111111111111111111111111111111111111111111111111111111111111111111111111111111111111111111111111111111111111111111111111111111111111111111111111111111111111111111111111111111111111111111111111111111111111111111111111111111111111111111111111111111111111111111111111111111111111111111111111111111111111111111111111111111111111111111111111111111111111111111111111111111111111111111111111111111111111111111111111111111111111111111111111111111111111111111111111111111111111111111111111111111111111111111111111111111111111111111111111111111111111111111111111111111111111111111111111111111111111111111111111111111111111111111111111111111111111111111111111111111111111111111111111111111111111111111111111111111111111111111111111111111111111111111111111111111111111111111111111111111111111111111111111111111111111111111111111111111111111111111111111111111111111111111111111111111111111111111111111111111111111111111111111111111111111111111111111111111111111111111111111111111111111111111111111111111111111111111111111111111111111111111111111111111111111111111111111111111111111111111111111111111111111111111111111111111111111111111111111111111111111111111111111111111111111111111111111111111111111111111111111111111111111111111111111111111111111111111111111111111111111111111111111111111111111111111111111111111111111111111111111111111111111111111111111111111111111111111111111111111111111111111111111111111111111111111111111111111111111111111111111111111111111111111111111111111111111111111111111111111111111111111111111111111111111111111111111111111111111111111111111111111111111111111111111111111111111111111111111111111111111111111111111111111111111111111111111111111111111111111111111111111111111111111111111111111111111111111111111111111111111111111111111111111111111111111111111111111111111111111111111111111111111111111111111111111111111111111111111111111111111111111111111111111111111111111111111111111111111111111111111111111111111111111111111111111111111111111111111111111111111111111111111111111111111111111111111111111111111111111111111111111111111111111111111111111111111111111111111111111111111111111111111111111111111111111111111111111111111111111111111111111111111111111111111111111111111111111111111111111111111111111111111111111111111111111111111111111111111111111111111111111111111111111111111111111111111111111111111111111111111111111111111111111111111111111111111111111111111111111111111111111111111111111111111111111111111111111111111111111111111111111111111111111111111111111111111111111111111111111111111111111111111111111111111111111111111111111111111111111111111111111111111111111111111111111111111111111111111111111111111111111111111111111111111111111111111111111111111111111111111111111111111111111111111111111111111111111111111111111111111111111111111111111111111111111111111111111111111111111111111111111111111111111111111111111111111111111111111111111111111111111111111111111111111111111111111111111111111111111111111111111111111111111111111111111111111111111111111111111111111111111111111111111111111111111111111111111111111111111111111111111111111111111111111111111111111111111111111111111111111111111111111111111111111111111111111111111111111111111111111111111111111111111111111111111111111111111111111111111111111111111111111111111111111111111111111111111111111111111111111111111111111111111111111111111111111111111111111111111111111111111111111111111111111111111111111111111111111111111111111111111111111111111111111111111111111111111111111111111111111111111111111111111111111111111111111111111111111111111111111111111111111111111111111111111111111111111111111111111111111111111111111111111111111111111111111111111111111111111111111111111111111111111111111111111111111111111111111111111111111111111111111111111111111111111111111111111111111111111111111111111111111111111111111111111111111111111111111111111111111111111111111111111111111111111111111111111111111111111111111111111111111111111111111111111111111111111111111111111111111111111111111111111111111111111111111111111111111111111111111111111111111111111111111111111111111111111111111111111111111111111111111111111111111111111111111111111111111111111111111111111111111111111111111111111111111111111111111111111111111111111111111111111111111111111111111111111111111111111111111111111111111111111111111111111111111111111111111111111111111111111111111111111111111111111111111111111111111111111111111111111111111111111111111111111111111111111111111111111111111111111111111111111111111111111111111111111111111111111111111111111111111111111111111111111111111111111111111111111111111111111111111111111111111111111111111111111111111111111111111111111111111111111111111111111111111111111111111111111111111111111111111111111111111111111111111111111111111111111111111111111111111111111111111111111111111111111111111111111111111111111111111111111111111111111111111111111111111111111111111111111111111111111111111111111111111111111111111111111111111111111111111111111111111111111111111111111111111111111111111111111111111111111111111111111111111111111111111111111111111111111111111111111111111111111111111111111111111111111111111111111111111111111111111111111111111111111111111111111111111111111111111111111111111111111111111111111111111111111111111111111111111111111111111111111111111111111111111111111111111111111111111111111111111111111111111111111111111111111111111111111111111111111111111111111111111111111111111111111111111111111111111111111111111111111111111111111111111111111111111111111111111111111111111111111111111111111111111111111111111111111111111111111111111111111111111111111111111111111111111111111111111111111111111111111111111111111111111111111111111111111111111111111111111111111111111111111111111111111111111111111111111111111111111111111111111111111111111111111111111111111111111111111111111111111111111111111111111111111111111111111111111111111111111111111111111111111111111111111111111111111111111111111111111111111111111111111111111111111111111111111111111111111111111111111111111111111111111111111111111111111111111111111111111111111111111111111111111111111111111111111111111111111111111111111111111111111111111111111111111111111111111111111111111111111111111111111111111111111111111111111111111111111111111111111111111111111111111111111111111111111111111111111111111111111111111111111111111111111111111111111111111111111111111111111111111111111111111111111111111111111111111111111111111111111111111111111111111111111111111111111111111111111111111111111111111111111111111111111111111111111111111111111111111111111111111111111111111111111111111111111111111111111111111111111111111111111111111111111111111111111111111111111111111111111111111111111111111111111111111111111111111111111111111111111111111111111111111111111111111111111111111111111111111111111111111111111111111111111111111111111111111111111111111111111111111111111111111111111111111111111111111111111111111111111111111111111111111111111111111111111111111111111111111111111111111111111111111111111111111111111111111111111111111111111111111111111111111111111111111111111111111111111111111111111111111111111111111111111111111111111111111111111111111111111111111111111111111111111111111111111111111111111111111111111111111111111111111111111111111111111111111111111111111111111111111111111111111111111111111111111111111111111111111111111111111111111111111111111111111111111111111111111111111111111111111111111111111111111111111111111111111111111111111111111111111111111111111111111111111111111111111111111111111111111111111111111111111111111111111111111111111111111111111111111111111111111111111111111111111111111111111111111111111111111111111111111111111111111111111111111111111111111111111111111111111111111111111111111111111111111111111111111111111111111111111111111111111111111111111111111111111111111111111111111111111111111111111111111111111111111111111111111111111111111111111111111111111111111111111111111111111111111111111111111111111111111111111111111111111111111111111111111111111111111111111111111111111111111111111111111111111111111111111111111111111111111111111111111111111111111111111111111111111111111111111111111111111111111111111111111111111111111111111111111111111111111111111111111111111111111111111111111111111111111111111111111111111111111111111111111111111111111111111111111111111111111111111111111111111111111111111111111111111111111111111111111111111111111111111111111111111111111111111111111111111111111111111111111111111111111111111111111111111111111111111111111111111111111111111111111111111111111111111111111111111111111111111111111111111111111111111111111111111111111111111111111111111111111111111111111111111111111111111111111111111111111111111111111111111111111111111111111111111111111111111111111111111111111111111111111111111111111111111111111111111111111111111111111111111111111111111111111111111111111111111111111111111111111111111111111111111111111111111111111111111111111111111111111111111111111111111111111111111111111111111111111111111111111111111111111111111111111111111111111111111111111111111111111111111111111111111111111111111111111111111111111111111111111111111111111111111111111111111111111111111111111111111111111111111111111111111111111111111111111111111111111111111111111111111111111111111111111111111111111111111111111111111111111111111111111111111111111111111111111111111111111111111111111111111111111111111111111111111111111111111111111111111111111111111111111111111111111111111111111111111111111111111111111111111111111111111111111111111111111111111111111111111111111111111111111111111111111111111111111111111111111111111111111111111111111111111111111111111111111111111111111111111111111111111111111111111111111111111111111111111111111111111111111111111111111111111111111111111111111111111111111111111111111111111111111111111111111111111111111111111111111111111111111111111111111111111111111111111111111111111111111111111111111111111111111111111111111111111111111111111111111111111111111111111111111111111111111111111111111111111111111111111111111111111111111111111111111111111111111111111111111111111111111111111111111111111111111111111111111111111111111111111111111111111111111111111111111111111111111111111111111111111111111111111111111111111111111111111111111111111111111111111111111111111111111111111111111111111111111111111111111111111111111111111111111111111111111111111111111111111111111111111111111111111111111111111111111111111111111111111111111111111111111111111111111111111111111111111111111111111111111111111111111111111111111111111111111111111111111111111111111111111111111111111111111111111111111111111111111111111111111111111111111111111111111111111111111111111111111111111111111111111111111111111111111111111111111111111111111111111111111111111111111111111111111111111111111111111111111111111111111111111111111111111111111111111111111111111111111111111111111111111111111111111111111111111111111111111111111111111111111111111111111111111111111111111111111111111111111111111111111111111111111111111111111111111111111111111111111111111111111111111111111111111111111111111111111111111111111111111111111111111111111111111111111111111111111111111111111111111111111111111111111111111111111111111111111111111111111111111111111111111111111111111111111111111111111111111111111111111111111111111111111111111111111111111111111111111111111111111111111111111111111111111111111111111111111111111111111111111111111111111111111111111111111111111111111111111111111111111111111111111111111111111111111111111111111111111111111111111111111111111111111111111111111111111111111111111111111111111111111111111111111111111111111111111111111111111111111111111111111111111111111111111111111111111111111111111111111111111111111111111111111111111111111111111111111111111111111111111111111111111111111111111111111111111111111111111111111111111111111111111111111111111111111111111111111111111111111111111111111111111111111111111111111111111111111111111111111111111111111111111111111111111111111111111111111111111111111111111111111111111111111111111111111111111111111111111111111111111111111111111111111111111111111111111111111111111111111111111111111111111111111111111111111111111111111111111111111111111111111111111111111111111111111111111111111111111111111111111111111111111111111111111111111111111111111111111111111111111111111111111111111111111111111111111111111111111111111111111111111111111111111111111111111111111111111111111111111111111111111111111111111111111111111111111111111111111111111111111111111111111111111111111111111111111111111111111111111111111111111111111111111111111111111111111111111111111111111111111111111111111111111111111111111111111111111111111111111111111111111111111111111111111111111111111111111111111111111111111111111111111111111111111111111111111111111111111111111111111111111111111111111111111111111111111111111111111111111111111111111111111111111111111111111111111111111111111111111111111111111111111111111111111111111111111111111111111111111111111111111111111111111111111111111111111111111111111111111111111111111111111111111111111111111111111111111111111111111111111111111111111111111111111111111111111111111111111111111111111111111111111111111111111111111111111111111111111111111111111111111111111111111111111111111111111111111111111111111111111111111111111111111111111111111111111111111111111111111111111111111111111111111111111111111111111111111111111111111111111111111111111111111111111111111111111111111111111111111111111111111111111111111111111111111111111111111111111111111111111111111111111111111111111111111111111111111111111111111111111111111111111111111111111111111111111111111111111111111111111111111111111111111111111111111111111111111111111111111111111111111111111111111111111111111111111111111111111111111111111111111111111111111111111111111111111111111111111111111111111111111111111111111111111111111111111111111111111111111111111111111111111111111111111111111111111111111111111111111111111111111111111111111111111111111111111111111111111111111111111111111111111111111111111111111111111111111111111111111111111111111111111111111111111111111111111111111111111111111111111111111111111111111111111111111111111111111111111111111111111111111111111111111111111111111111111111111111111111111111111111111111111111111111111111111111111111111111111111111111111111111111111111111111111111111111111111111111111111111111111111111111111111111111111111111111111111111111111111111111111111111111111111111111111111111111111111111111111111111111111111111111111111111111111111111111111111111111111111111111111111111111111111111111111111111111111111111111111111111111111111111111111111111111111111111111111111111111111111111111111111111111111111111111111111111111111111111111111111111111111111111111111111111111111111111111111111111111111111111111111111111111111111111111111111111111111111111111111111111111111111111111111111111111111111111111111111111111111111111111111111111111111111111111111111111111111111111111111111111111111111111111111111111111111111111111111111111111111111111111111111111111111111111111111111111111111111111111111111111111111111111111111111111111111111111111111111111111111111111111111111111111111111111111111111111111111111111111111111111111111111111111111111111111111111111111111111111111111111111111111111111111111111111111111111111111111111111111111111111111111111111111111111111111111111111111111111111111111111111111111111111111111111111111111111111111111111111111111111111111111111111111111111111111111111111111111111111111111111111111111111111111111111111111111111111111111111111111111111111111111111111111111111111111111111111111111111111111111111111111111111111111111111111111111111111111111111111111111111111111111111111111111111111111111111111111111111111111111111111111111111111111111111111111111111111111111111111111111111111111111111111111111111111111111111111111111111111111111111111111111111111111111111111111111111111111111111111111111111111111111111111111111111111111111111111111111111111111111111111111111111111111111111111111111111111111111111111111111111111111111111111111111111111111111111111111111111111111111111111111111111111111111111111111111111111111111111111111111111111111111111111111111111111111111111111111111111111111111111111111111111111111111111111111111111111111111111111111111111111111111111111111111111111111111111111111111111111111111111111111111111111111111111111111111111111111111111111111111111111111111111111111111111111111111111111111111111111111111111111111111111111111111111111111111111111111111111111111111111111111111111111111111111111111111111111111111111111111111111111111111111111111111111111111111111111111111111111111111111111111111111111111111111111111111111111111111111111111111111111111111111111111111111111111111111111111111111111111111111111111111111111111111111111111111111111111111111111111111111111111111111111111111111111111111111111111111111111111111111111111111111111111111111111111111111111111111111111111111111111111111111111111111111111111111111111111111111111111111111111111111111111111111111111111111111111111111111111111111111111111111111111111111111111111111111111111111111111111111111111111111111111111111111111111111111111111111111111111111111111111111111111111111111111111111111111111111111111111111111111111111111111111111111111111111111111111111111111111111111111111111111111111111111111111111111111111111111111111111111111111111111111111111111111111111111111111111111111111111111111111111111111111111111111111111111111111111111111111111111111111111111111111111111111111111111111111111111111111111111111111111111111111111111111111111111111111111111111111111111111111111111111111111111111111111111111111111111111111111111111111111111111111111111111111111111111111111111111111111111111111111111111111111111111111111111111111111111111111111111111111111111111111111111111111111111111111111111111111111111111111111111111111111111111111111111111111111111111111111111111111111111111111111111111111111111111111111111111111111111111111111111111111111111111111111111111111111111111111111111111111111111111111111111111111111111111111111111111111111111111111111111111111111111111111111111111111111111111111111111111111111111111111111111111111111111111111111111111111111111111111111111111111111111111111111111111111111111111111111111111111111111111111111111111111111111111111111111111111111111111111111111111111111111111111111111111111111111111111111111111111111111111111111111111111111111111111111111111111111111111111111111111111111111111111111111111111111111111111111111111111111111111111111111111111111111111111111111111111111111111111111111111111111111111111111111111111111111111111111111111111111111111111111111111111111111111111111111111111111111111111111111111111111111111111111111111111111111111111111111111111111111111111111111111111111111111111111111111111111111111111111111111111111111111111111111111111111111111111111111111111111111111111111111111111111111111111111111111111111111111111111111111111111111111111111111111111111111111111111111111111111111111111111111111111111111111111111111111111111111111111111111111111111111111111111111111111111111111111111111111111111111111111111111111111111111111111111111111111111111111111111111111111111111111111111111111111111111111111111111111111111111111111111111111111111111111111111111111111111111111111111111111111111111111111111111111111111111111111111111111111111111111111111111111111111111111111111111111111111111111111111111111111111111111111111111111111111111111111111111111111111111111111111111111111111111111111111111111111111111111111111111111111111111111111111111111111111111111111111111111111111111111111111111111111111111111111111111111111111111111111111111111111111111111111111111111111111111111111111111111111111111111111111111111111111111111111111111111111111111111111111111111111111111111111111111111111111111111111111111111111111111111111111111111111111111111111111111111111111111111111111111111111111111111111111111111111111111111111111111111111111111111111111111111111111111111111111111111111111111111111111111111111111111111111111111111111111111111111111111111111111111111111111111111111111111111111111111111111111111111111111111111111111111111111111111111111111111111111111111111111111111111111111111111111111111111111111111111111111111111111111111111111111111111111111111111111111111111111111111111111111111111111111111111111111111111111111111111111111111111111111111111111111111111111111111111111111111111111111111111111111111111111111111111111111111111111111111111111111111111111111111111111111111111111111111111111111111111111111111111111111111111111111111111111111111111111111111111111111111111111111111111111111111111111111111111111111111111111111111111111111111111111111111111111111111111111111111111111111111111111111111111111111111111111111111111111111111111111111111111111111111111111111111111111111111111111111111111111111111111111111111111111111111111111111111111111111111111111111111111111111111111111111111111111111111111111111111111111111111111111111111111111111111111111111111111111111111111111111111111111111111111111111111111111111111111111111111111111111111111111111111111111111111111111111111111111111111111111111111111111111111111111111111111111111111111111111111111111111111111111111111111111111111111111111111111111111111111111111111111111111111111111111111111111111111111111111111111111111111111111111111111111111111111111111111111111111111111111111111111111111111111111111111111111111111111111111111111111111111111111111111111111111111111111111111111111111111111111111111111111111111111111111111111111111111111111111111111111111111111111111111111111111111111111111111111111111111111111111111111111111111111111111111111111111111111111111111111111111111111111111111111111111111111111111111111111111111111111111111111111111111111111111111111111111111111111111111111111111111111111111111111111111111111111111111111111111111111111111111111111111111111111111111111111111111111111111111111111111111111111111111111111111111111111111111111111111111111111111111111111111111111111111111111111111111111111111111111111111111111111111111111111111111111111111111111111111111111111111111111111111111111111111111111111111111111111111111111111111111111111111111111111111111111111111111111111111111111111111111111111111111111111111111111111111111111111111111111111111111111111111111111111111111111111111111111111111111111111111111111111111111111111111111111111111111111111111111111111111111111111111111111111111111111111111111111111111111111111111111111111111111111111111111111111111111111111111111111111111111111111111111111111111111111111111111111111111111111111111111111111111111111111111111111111111111111111111111111111111111111111111111111111111111111111111111111111111111111111111111111111111111111111111111111111111111111111111111111111111111111111111111111111111111111111111111111111111111111111111111111111111111111111111111111111111111111111111111111111111111111111111111111111111111111111111111111111111111111111111111111111111111111111111111111111111111111111111111111111111111111111111111111111111111111111111111111111111111111111111111111111111111111111111111111111111111111111111111111111111111111111111111111111111111111111111111111111111111111111111111111111111111111111111111111111111111111111111111111111111111111111111111111111111111111111111111111111111111111111111111111111111111111111111111111111111111111111111111111111111111111111111111111111111111111111111111111111111111111111111111111111111111111111111111111111111111111111111111111111111111111111111111111111111111111111111111111111111111111111111111111111111111111111111111111111111111111111111111111111111111111111111111111111111111111111111111111111111111111111111111111111111111111111111111111111111111111111111111111111111111111111111111111111111111111111111111111111111111111111111111111111111111111111111111111111111111111111111111111111111111111111111111111111111111111111111111111111111111111111111111111111111111111111111111111111111111111111111111111111111111111111111111111111111111111111111111111111111111111111111111111111111111111111111111111111111111111111111111111111111111111111111111111111111111111111111111111111111111111111111111111111111111111111111111111111111111111111111111111111111111111111111111111111111111111111111111111111111111111111111111111111111111111111111111111111111111111111111111111111111111111111111111111111111111111111111111111111111111111111111111111111111111111111111111111111111111111111111111111111111111111111111111111111111111111111111111111111111111111111111111111111111111111111111111111111111111111111111111111111111111111111111111111111111111111111111111111111111111111111111111111111111111111111111111111111111111111111111111111111111111111111111111111111111111111111111111111111111111111111111111111111111111111111111111111111111111111111111111111111111111111111111111111111111111111111111111111111111111111111111111111111111111111111111111111111111111111111111111111111111111111111111111111111111111111111111111111111111111111111111111111111111111111111111111111111111111111111111111111111111111111111111111111111111111111111111111111111111111111111111111111111111111111111111111111111111111111111111111111111111111111111111111111111111111111111111111111111111111111111111111111111111111111111111111111111111111111111111111111111111111111111111111111111111111111111111111111111111111111111111111111111111111111111111111111111111111111111111111111111111111111111111111111111111111111111111111111111111111111111111111111111111111111111111111111111111111111111111111111111111111111111111111111111111111111111111111111111111111111111111111111111111111111111111111111111111111111111111111111111111111111111111111111111111111111111111111111111111111111111111111111111111111111111111111111111111111111111111111111111111111111111111111111111111111111111111111111111111111111111111111111111111111111111111111111111111111111111111111111111111111111111111111111111111111111111111111111111111111111111111111111111111111111111111111111111111111111111111111111111111111111111111111111111111111111111111111111111111111111111111111111111111111111111111111111111111111111111111111111111111111111111111111111111111111111111111111111111111111111111111111111111111111111111111111111111111111111111111111111111111111111111111111111111111111111111111111111111111111111111111111111111111111111111111111111111111111111111111111111111111111111111111111111111111111111111111111111111111111111111111111111111111111111111111111111111111111111111111111111111111111111111111111111111111111111111111111111111111111111111111111111111111111111111111111111111111111111111111111111111111111111111111111111111111111111111111111111111111111111111111111111111111111111111111111111111111111111111111111111111111111111111111111111111111111111111111111111111111111111111111111111111111111111111111111111111111111111111111111111111111111111111111111111111111111111111111111111111111111111111111111111111111111111111111111111111111111111111111111111111111111111111111111111111111111111111111111111111111111111111111111111111111111111111111111111111111111111111111111111111111111111111111111111111111111111111111111111111111111111111111111111111111111111111111111111111111111111111111111111111111111111111111111111111111111111111111111111111111111111111111111111111111111111111111111111111111111111111111111111111111111111111111111111111111111111111111111111111111111111111111111111111111111111111111111111111111111111111111111111111111111111111111111111111111111111111111111111111111111111111111111111111111111111111111111111111111111111111111111111111111111111111111111111111111111111111111111111111111111111111111111111111111111111111111111111111111111111111111111111111111111111111111111111111111111111111111111111111111111111111111111111111111111111111111111111111111111111111111111111111111111111111111111111111111111111111111111111111111111111111111111111111111111111111111111111111111111111111111111111111111111111111111111111111111111111111111111111111111111111111111111111111111111111111111111111111111111111111111111111111111111111111111111111111111111111111111111111111111111111111111111111111111111111111111111111111111111111111111111111111111111111111111111111111111111111111111111111111111111111111111111111111111111111111111111111111111111111111111111111111111111111111111111111111111111111111111111111111111111111111111111111111111111111111111111111111111111111111111111111111111111111111111111111111111111111111111111111111111111111111111111111111111111111111111111111111111111111111111111111111111111111111111111111111111111111111111111111111111111111111111111111111111111111111111111111111111111111111111111111111111111111111111111111111111111111111111111111111111111111111111111111111111111111111111111111111111111111111111111111111111111111111111111111111111111111111111111111111111111111111111111111111111111111111111111111111111111111111111111111111111111111111111111111111111111111111111111111111111111111111111111111111111111111111111111111111111111111111111111111111111111111111111111111111111111111111111111111111111111111111111111111111111111111111111111111111111111111111111111111111111111111111111111111111111111111111111111111111111111111111111111111111111111111111111111111111111111111111111111111111111111111111111111111111111111111111111111111111111111111111111111111111111111111111111111111111111111111111111111111111111111111111111111111111111111111111111111111111111111111111111111111111111111111111111111111111111111111111111111111111111111111111111111111111111111111111111111111111111111111111111111111111111111111111111111111111111111111111111111111111111111111111111111111111111111111111111111111111111111111111111111111111111111111111111111111111111111111111111111111111111111111111111111111111111111111111111111111111111111111111111111111111111111111111111111111111111111111111111111111111111111111111111111111111111111111111111111111111111111111111111111111111111111111111111111111111111111111111111111111111111111111111111111111111111111111111111111111111111111111111111111111111111111111111111111111111111111111111111111111111111111111111111111111111111111111111111111111111111111111111111111111111111111111111111111111111111111111111111111111111111111111111111111111111111111111111111111111111111111111111111111111111111111111111111111111111111111111111111111111111111111111111111111111111111111111111111111111111111111111111111111111111111111111111111111111111111111111111111111111111111111111111111111111111111111111111111111111111111111111111111111111111111111111111111111111111111111111111111111111111111111111111111111111111111111111111111111111111111111111111111111111111111111111111111111111111111111111111111111111111111111111111111111111111111111111111111111111111111111111111111111111111111111111111111111111111111111111111111111111111111111111111111111111111111111111111111111111111111111111111111111111111111111111111111111111111111111111111111111111111111111111111111111111111111111111111111111111111111111111111111111111111111111111111111111111111111111111111111111111111111111111111111111111111111111111111111111111111111111111111111111111111111111111111111111111111111111111111111111111111111111111111111111111111111111111111111111111111111111111111111111111111111111111111111111111111111111111111111111111111111111111111111111111111111111111111111111111111111111111111111111111111111111111111111111111111111111111111111111111111111111111111111111111111111111111111111111111111111111111111111111111111111111111111111111111111111111111111111111111111111111111111111111111111111111111111111111111111111111111111111111111111111111111111111111111111111111111111111111111111111111111111111111111111111111111111111111111111111111111111111111111111111111111111111111111111111111111111111111111111111111111111111111111111111111111111111111111111111111111111111111111111111111111111111111111111111111111111111111111111111111111111111111111111111111111111111111111111111111111111111111111111111111111111111111111111111111111111111111111111111111111111111111111111111111111111111111111111111111111111111111111111111111111111111111111111111111111111111111111111111111111111111111111111111111111111111111111111111111111111111111111111111111111111111111111111111111111111111111111111111111111111111111111111111111111111111111111111111111111111111111111111111111111111111111111111111111111111111111111111111111111111111111111111111111111111111111111111111111111111111111111111111111111111111111111111111111111111111111111111111111111111111111111111111111111111111111111111111111111111111111111111111111111111111111111111111111111111111111111111111111111111111111111111111111111111111111111111111111111111111111111111111111111111111111111111111111111111111111111111111111111111111111111111111111111111111111111111111111111111111111111111111111111111111111111111111111111111111111111111111111111111111111111111111111111111111111111111111111111111111111111111111111111111111111111111111111111111111111111111111111111111111111111111111111111111111111111111111111111111111111111111111111111111111111111111111111111111111111111111111111111111111111111111111111111111111111111111111111111111111111111111111111111111111111111111111111111111111111111111111111111111111111111111111111111111111111111111111111111111111111111111111111111111111111111111111111111111111111111111111111111111111111111111111111111111111111111111111111111111111111111111111111111111111111111111111111111111111111111111111111111111111111111111111111111111111111111111111111111111111111111111111111111111111111111111111111111111111111111111111111111111111111111111111111111111111111111111111111111111111111111111111111111111111111111111111111111111111111111111111111111111111111111111111111111111111111111111111111111111111111111111111111111111111111111111111111111111111111111111111111111111111111111111111111111111111111111111111111111111111111111111111111111111111111111111111111111111111111111111111111111111111111111111111111111111111111111111111111111111111111111111111111111111111111111111111111111111111111111111111111111111111111111111111111111111111111111111111111111111111111111111111111111111111111111111111111111111111111111111111111111111111111111111111111111111111111111111111111111111111111111111111111111111111111111111111111111111111111111111111111111111111111111111111111111111111111111111111111111111111111111111111111111111111111111111111111111111111111111111111111111111111111111111111111111111111111111111111111111111111111111111111111111111111111111111111111111111111111111111111111111111111111111111111111111111111111111111111111111111111111111111111111111111111111111111111111111111111111111111111111111111111111111111111111111111111111111111111111111111111111111111111111111111111111111111111111111111111111111111111111111111111111111111111111111111111111111111111111111111111111111111111111111111111111111111111111111111111111111111111111111111111111111111111111111111111111111111111111111111111111111111111111111111111111111111111111111111111111111111111111111111111111111111111111111111111111111111111111111111111111111111111111111111111111111111111111111111111111111111111111111111111111111111111111111111111111111111111111111111111111111111111111111111111111111111111111111111111111111111111111111111111111111111111111111111111111111111111111111111111111111111111111111111111111111111111111111111111111111111111111111111111111111111111111111111111111111111111111111111111111111111111111111111111111111111111111111111111111111111111111111111111111111111111111111111111111111111111111111111111111111111111111111111111111111111111111111111111111111111111111111111111111111111111111111111111111111111111111111111111111111111111111111111111111111111111111111111111111111111111111111111111111111111111111111111111111111111111111111111111111111111111111111111111111111111111111111111111111111111111111111111111111111111111111111111111111111111111111111111111111111111111111111111111111111111111111111111111111111111111111111111111111111111111111111111111111111111111111111111111111111111111111111111111111111111111111111111111111111111111111111111111111111111111111111111111111111111111111111111111111111111111111111111111111111111111111111111111111111111111111111111111111111111111111111111111111111111111111111111111111111111111111111111111111111111111111111111111111111111111111111111111111111111111111111111111111111111111111111111111111111111111111111111111111111111111111111111111111111111111111111111111111111111111111111111111111111111111111111111111111111111111111111111111111111111111111111111111111111111111111111111111111111111111111111111111111111111111111111111111111111111111111111111111111111111111111111111111111111111111111111111111111111111111111111111111111111111111111111111111111111111111111111111111111111111111111111111111111111111111111111111111111111111111111111111111111111111111111111111111111111111111111111111111111111111111111111111111111111111111111111111111111111111111111111111111111111111111111111111111111111111111111111111111111111111111111111111111111111111111111111111111111111111111111111111111111111111111111111111111111111111111111111111111111111111111111111111111111111111111111111111111111111111111111111111111111111111111111111111111111111111111111111111111111111111111111111111111111111111111111111111111111111111111111111111111111111111111111111111111111111111111111111111111111111111111111111111111111111111111111111111111111111111111111111111111111111111111111111111111111111111111111111111111111111111111111111111111111111111111111111111111111111111111111111111111111111111111111111111111111111111111111111111111111111111111111111111111111111111111111111111111111111111111111111111111111111111111111111111111111111111111111111111111111111111111111111111111111111111111111111111111111111111111111111111111111111111111111111111111111111111111111111111111111111111111111111111111111111111111111111111111111111111111111111111111111111111111111111111111111111111111111111111111111111111111111111111111111111111111111111111111111111111111111111111111111111111111111111111111111111111111111111111111111111111111111111111111111111111111111111111111111111111111111111111111111111111111111111111111111111111111111111111111111111111111111111111111111111111111111111111111111111111111111111111111111111111111111111111111111111111111111111111111111111111111111111111111111111111111111111111111111111111111111111111111111111111111111111111111111111111111111111111111111111111111111111111111111111111111111111111111111111111111111111111111111111111111111111111111111111111111111111111111111111111111111111111111111111111111111111111111111111111111111111111111111111111111111111111111111111111111111111111111111111111111111111111111111111111111111111111111111111111111111111111111111111111111111111111111111111111111111111111111111111111111111111111111111111111111111111111111111111111111111111111111111111111111111111111111111111111111111111111111111111111111111111111111111111111111111111111111111111111111111111111111111111111111111111111111111111111111111111111111111111111111111111111111111111111111111111111111111111111111111111111111111111111111111111111111111111111111111111111111111111111111111111111111111111111111111111111111111111111111111111111111111111111111111111111111111111111111111111111111111111111111111111111111111111111111111111111111111111111111111111111111111111111111111111111111111111111111111111111111111111111111111111111111111111111111111111111111111111111111111111111111111111111111111111111111111111111111111111111111111111111111111111111111111111111111111111111111111111111111111111111111111111111111111111111111111111111111111111111111111111111111111111111111111111111111111111111111111111111111111111111111111111111111111111111111111111111111111111111111111111111111111111111111111111111111111111111111111111111111111111111111111111111111111111111111111111111111111111111111111111111111111111111111111111111111111111111111111111111111111111111111111111111111111111111111111111111111111111111111111111111111111111111111111111111111111111111111111111111111111111111111111111111111111111111111111111111111111111111111111111111111111111111111111111111111111111111111111111111111111111111111111111111111111111111111111111111111111111111111111111111111111111111111111111111111111111111111111111111111111111111111111111111111111111111111111111111111111111111111111111111111111111111111111111111111111111111111111111111111111111111111111111111111111111111111111111111111111111111111111111111111111111111111111111111111111111111111111111111111111111111111111111111111111111111111111111111111111111111111111111111111111111111111111111111111111111111111111111111111111111111111111111111111111111111111111111111111111111111111111111111111111111111111111111111111111111111111111111111111111111111111111111111111111111111111111111111111111111111111111111111111111111111111111111111111111111111111111111111111111111111111111111111111111111111111111111111111111111111111111111111111111111111111111111111111111111111111111111111111111111111111111111111111111111111111111111111111111111111111111111111111111111111111111111111111111111111111111111111111111111111111111111111111111111111111111111111111111111111111111111111111111111111111111111111111111111111111111111111111111111111111111111111111111111111111111111111111111111111111111111111111111111111111111111111111111111111111111111111111111111111111111111111111111111111111111111111111111111111111111111111111111111111111111111111111111111111111111111111111111111111111111111111111111111111111111111111111111111111111111111111111111111111111111111111111111111111111111111111111111111111111111111111111111111111111111111111111111111111111111111111111111111111111111111111111111111111111111111111111111111111111111111111111111111111111111111111111111111111111111111111111111111111111111111111111111111111111111111111111111111111111111111111111111111111111111111111111111111111111111111111111111111111111111111111111111111111111111111111111111111111111111111111111111111111111111111111111111111111111111111111111111111111111111111111111111111111111111111111111111111111111111111111111111111111111111111111111111111111111111111111111111111111111111111111111111111111111111111111111111111111111111111111111111111111111111111111111111111111111111111111111111111111111111111111111111111111111111111111111111111111111111111111111111111111111111111111111111111111111111111111111111111111111111111111111111111111111111111111111111111111111111111111111111111111111111111111111111111111111111111111111111111111111111111111111111111111111111111111111111111111111111111111111111111111111111111111111111111111111111111111111111111111111111111111111111111111111111111111111111111111111111111111111111111111111111111111111111111111111111111111111111111111111111111111111111111111111111111111111111111111111111111111111111111111111111111111111111111111111111111111111111111111111111111111111111111111111111111111111111111111111111111111111111111111111111111111111111111111111111111111111111111111111111111111111111111111111111111111111111111111111111111111111111111111111111111111111111111111111111111111111111111111111111111111111111111111111111111111111111111111111111111111111111111111111111111111111111111111111111111111111111111111111111111111111111111111111111111111111111111111111111111111111111111111111111111111111111111111111111111111111111111111111111111111111111111111111111111111111111111111111111111111111111111111111111111111111111111111111111111111111111111111111111111111111111111111111111111111111111111111111111111111111111111111111111111111111111111111111111111111111111111111111111111111111111111111111111111111111111111111111111111111111111111111111111111111111111111111111111111111111111111111111111111111111111111111111111111111111111111111111111111111111111111111111111111111111111111111111111111111111111111111111111111111111111111111111111111111111111111111111111111111111111111111111111111111111111111111111111111111111111111111111111111111111111111111111111111111111111111111111111111111111111111111111111111111111111111111111111111111111111111111111111111111111111111111111111111111111111111111111111111111111111111111111111111111111111111111111111111111111111111111111111111111111111111111111111111111111111111111111111111111111111111111111111111111111111111111111111111111111111111111111111111111111111111111111111111111111111111111111111111111111111111111111111111111111111111111111111111111111111111111111111111111111111111111111111111111111111111111111111111111111111111111111111111111111111111111111111111111111111111111111111111111111111111111111111111111111111111111111111111111111111111111111111111111111111111111111111111111111111111111111111111111111111111111111111111111111111111111111111111111111111111111111111111111111111111111111111111111111111111111111111111111111111111111111111111111111111111111111111111111111111111111111111111111111111111111111111111111111111111111111111111111111111111111111111111111111111111111111111111111111111111111111111111111111111111111111111111111111111111111111111111111111111111111111111111111111111111111111111111111111111111111111111111111111111111111111111111111111111111111111111111111111111111111111111111111111111111111111111111111111111111111111111111111111111111111111111111111111111111111111111111111111111111111111111111111111111111111111111111111111111111111111111111111111111111111111111111111111111111111111111111111111111111111111111111111111111111111111111111111111111111111111111111111111111111111111111111111111111111111111111111111111111111111111111111111111111111111111111111111111111111111111111111111111111111111111111111111111111111111111111111111111111111111111111111111111111111111111111111111111111111111111111111111111111111111111111111111111111111111111111111111111111111111111111111111111111111111111111111111111111111111111111111111111111111111111111111111111111111111111111111111111111111111111111111111111111111111111111111111111111111111111111111111111111111111111111111111111111111111111111111111111111111111111111111111111111111111111111111111111111111111111111111111111111111111111111111111111111111111111111111111111111111111111111111111111111111111111111111111111111111111111111111111111111111111111111111111111111111111111111111111111111111111111111111111111111111111111111111111111111111111111111111111111111111111111111111111111111111111111111111111111111111111111111111111111111111111111111111111111111111111111111111111111111111111111111111111111111111111111111111111111111111111111111111111111111111111111111111111111111111111111111111111111111111111111111111111111111111111111111111111111111111111111111111111111111111111111111111111111111111111111111111111111111111111111111111111111111111111111111111111111111111111111111111111111111111111111111111111111111111111111111111111111111111111111111111111111111111111111111111111111111111111111111111111111111111111111111111111111111111111111111111111111111111111111111111111111111111111111111111111111111111111111111111111111111111111111111111111111111111111111111111111111111111111111111111111111111111111111111111111111111111111111111111111111111111111111111111111111111111111111111111111111111111111111111111111111111111111111111111111111111111111111111111111111111111111111111111111111111111111111111111111111111111111111111111111111111111111111111111111111111111111111111111111111111111111111111111111111111111111111111111111111111111111111111111111111111111111111111111111111111111111111111111111111111111111111111111111111111111111111111111111111111111111111111111111111111111111111111111111111111111111111111111111111111111111111111111111111111111111111111111111111111111111111111111111111111111111111111111111111111111111111111111111111111111111111111111111111111111111111111111111111111111111111111111111111111111111111111111111111111111111111111111111111111111111111111111111111111111111111111111111111111111111111111111111111111111111111111111111111111111111111111111111111111111111111111111111111111111111111111111111111111111111111111111111111111111111111111111111111111111111111111111111111111111111111111111111111111111111111111111111111111111111111111111111111111111111111111111111111111111111111111111111111111111111111111111111111111111111111111111111111111111111111111111111111111111111111111111111111111111111111111111111111111111111111111111111111111111111111111111111111111111111111111111111111111111111111111111111111111111111111111111111111111111111111111111111111111111111111111111111111111111111111111111111111111111111111111111111111111111111111111111111111111111111111111111111111111111111111111111111111111111111111111111111111111111111111111111111111111111111111111111111111111111111111111111111111111111111111111111111111111111111111111111111111111111111111111111111111111111111111111111111111111111111111111111111111111111111111111111111111111111111111111111111111111111111111111111111111111111111111111111111111111111111111111111111111111111111111111111111111111111111111111111111111111111111111111111111111111111111111111111111111111111111111111111111111111111111111111111111111111111111111111111111111111111111111111111111111111111111111111111111111111111111111111111111111111111111111111111111111111111111111111111111111111111111111111111111111111111111111111111111111111111111111111111111111111111111111111111111111111111111111111111111111111111111111111111111111111111111111111111111111111111111111111111111111111111111111111111111111111111111111111111111111111111111111111111111111111111111111111111111111111111111111111111111111111111111111111111111111111111111111111111111111111111111111111111111111111111111111111111111111111111111111111111111111111111111111111111111111111111111111111111111111111111111111111111111111111111111111111111111111111111111111111111111111111111111111111111111111111111111111111111111111111111111111111111111111111111111111111111111111111111111111111111111111111111111111111111111111111111111111111111111111111111111111111111111111111111111111111111111111111111111111111111111111111111111111111111111111111111111111111111111111111111111111111111111111111111111111111111111111111111111111111111111111111111111111111111111111111111111111111111111111111111111111111111111111111111111111111111111111111111111111111111111111111111111111111111111111111111111111111111111111111111111111111111111111111111111111111111111111111111111111111111111111111111111111111111111111111111111111111111111111111111111111111111111111111111111111111111111111111111111111111111111111111111111111111111111111111111111111111111111111111111111111111111111111111111111111111111111111111111111111111111111111111111111111111111111111111111111111111111111111111111111111111111111111111111111111111111111111111111111111111111111111111111111111111111111111111111111111111111111111111111111111111111111111111111111111111111111111111111111111111111111111111111111111111111111111111111111111111111111111111111111111111111111111111111111111111111111111111111111111111111111111111111111111111111111111111111111111111111111111111111111111111111111111111111111111111111111111111111111111111111111111111111111111111111111111111111111111111111111111111111111111111111111111111111111111111111111111111111111111111111111111111111111111111111111111111111111111111111111111111111111111111111111111111111111111111111111111111111111111111111111111111111111111111111111111111111111111111111111111111111111111111111111111111111111111111111111111111111111111111111111111111111111111111111111111111111111111111111111111111111111111111111111111111111111111111111111111111111111111111111111111111111111111111111111111111111111111111111111111111111111111111111111111111111111111111111111111111111111111111111111111111111111111111111111111111111111111111111111111111111111111111111111111111111111111111111111111111111111111111111111111111111111111111111111111111111111111111111111111111111111111111111111111111111111111111111111111111111111111111111111111111111111111111111111111111111111111111111111111111111111111111111111111111111111111111111111111111111111111111111111111111111111111111111111111111111111111111111111111111111111111111111111111111111111111111111111111111111111111111111111111111111111111111111111111111111111111111111111111111111111111111111111111111111111111111111111111111111111111111111111111111111111111111111111111111111111111111111111111111111111111111111111111111111111111111111111111111111111111111111111111111111111111111111111111111111111111111111111111111111111111111111111111111111111111111111111111111111111111111111111111111111111111111111111111111111111111111111111111111111111111111111111111111111111111111111111111111111111111111111111111111111111111111111111111111111111111111111111111111111111111111111111111111111111111111111111111111111111111111111111111111111111111111111111111111111111111111111111111111111111111111111111111111111111111111111111111111111111111111111111111111111111111111111111111111111111111111111111111111111111111111111111111111111111111111111111111111111111111111111111111111111111111111111111111111111111111111111111111111111111111111111111111111111111111111111111111111111111111111111111111111111111111111111111111111111111111111111111111111111111111111111111111111111111111111111111111111111111111111111111111111111111111111111111111111111111111111111111111111111111111111111111111111111111111111111111111111111111111111111111111111111111111111111111111111111111111111111111111111111111111111111111111111111111111111111111111111111111111111111111111111111111111111111111111111111111111111111111111111111111111111111111111111111111111111111111111111111111111111111111111111111111111111111111111111111111111111111111111111111111111111111111111111111111111111111111111111111111111111111111111111111111111111111111111111111111111111111111111111111111111111111111111111111111111111111111111111111111111111111111111111111111111111111111111111111111111111111111111111111111111111111111111111111111111111111111111111111111111111111111111111111111111111111111111111111111111111111111111111111111111111111111111111111111111111111111111111111111111111111111111111111111111111111111111111111111111111111111111111111111111111111111111111111111111111111111111111111111111111111111111111111111111111111111111111111111111111111111111111111111111111111111111111111111111111111111111111111111111111111111111111111111111111111111111111111111111111111111111111111111111111111111111111111111111111111111111111111111111111111111111111111111111111111111111111111111111111111111111111111111111111111111111111111111111111111111111111111111111111111111111111111111111111111111111111111111111111111111111111111111111111111111111111111111111111111111111111111111111111111111111111111111111111111111111111111111111111111111111111111111111111111111111111111111111111111111111111111111111111111111111111111111111111111111111111111111111111111111111111111111111111111111111111111111111111111111111111111111111111111111111111111111111111111111111111111111111111111111111111111111111111111111111111111111111111111111111111111111111111111111111111111111111111111111111111111111111111111111111111111111111111111111111111111111111111111111111111111111111111111111111111111111111111111111111111111111111111111111111111111111111111111111111111111111111111111111111111111111111111111111111111111111111111111111111111111111111111111111111111111111111111111111111111111111111111111111111111111111111111111111111111111111111111111111111111111111111111111111111111111111111111111111111111111111111111111111111111111111111111111111111111111111111111111111111111111111111111111111111111111111111111111111111111111111111111111111111111111111111111111111111111111111111111111111111111111111111111111111111111111111111111111111111111111111111111111111111111111111111111111111111111111111111111111111111111111111111111111111111111111111111111111111111111111111111111111111111111111111111111111111111111111111111111111111111111111111111111111111111111111111111111111111111111111111111111111111111111111111111111111111111111111111111111111111111111111111111111111111111111111111111111111111111111111111111111111111111111111111111111111111111111111111111111111111111111111111111111111111111111111111111111111111111111111111111111111111111111111111111111111111111111111111111111111111111111111111111111111111111111111111111111111111111111111111111111111111111111111111111111111111111111111111111111111111111111111111111111111111111111111111111111111111111111111111111111111111111111111111111111111111111111111111111111111111111111111111111111111111111111111111111111111111111111111111111111111111111111111111111111111111111111111111111111111111111111111111111111111111111111111111111111111111111111111111111111111111111111111111111111111111111111111111111111111111111111111111111111111111111111111111111111111111111111111111111111111111111111111111111111111111111111111111111111111111111111111111111111111111111111111111111111111111111111111111111111111111111111111111111111111111111111111111111111111111111111111111111111111111111111111111111111111111111111111111111111111111111111111111111111111111111111111111111111111111111111111111111111111111111111111111111111111111111111111111111111111111111111111111111111111111111111111111111111111111111111111111111111111111111111111111111111111111111111111111111111111111111111111111111111111111111111111111111111111111111111111111111111111111111111111111111111111111111111111111111111111111111111111111111111111111111111111111111111111111111111111111111111111111111111111111111111111111111111111111111111111111111111111111111111111111111111111111111111111111111111111111111111111111111111111111111111111111111111111111111111111111111111111111111111111111111111111111111111111111111111111111111111111111111111111111111111111111111111111111111111111111111111111111111111111111111111111111111111111111111111111111111111111111111111111111111111111111111111111111111111111111111111111111111111111111111111111111111111111111111111111111111111111111111111111111111111111111111111111111111111111111111111111111111111111111111111111111111111111111111111111111111111111111111111111111111111111111111111111111111111111111111111111111111111111111111111111111111111111111111111111111111111111111111111111111111111111111111111111111111111111111111111111111111111111111111111111111111111111111111111111111111111111111111111111111111111111111111111111111111111111111111111111111111111111111111111111111111111111111111111111111111111111111111111111111111111111111111111111111111111111111111111111111111111111111111111111111111111111111111111111111111111111111111111111111111111111111111111111111111111111111111111111111111111111111111111111111111111111111111111111111111111111111111111111111111111111111111111111111111111111111111111111111111111111111111111111111111111111111111111111111111111111111111111111111111111111111111111111111111111111111111111111111111111111111111111111111111111111111111111111111111111111111111111111111111111111111111111111111111111111111111111111111111111111111111111111111111111111111111111111111111111111111111111111111111111111111111111111111111111111111111111111111111111111111111111111111111111111111111111111111111111111111111111111111111111111111111111111111111111111111111111111111111111111111111111111111111111111111111111111111111111111111111111111111111111111111111111111111111111111111111111111111111111111111111111111111111111111111111111111111111111111111111111111111111111111111111111111111111111111111111111111111111111111111111111111111111111111111111111111111111111111111111111111111111111111111111111111111111111111111111111111111111111111111111111111111111111111111111111111111111111111111111111111111111111111111111111111111111111111111111111111111111111111111111111111111111111111111111111111111111111111111111111111111111111111111111111111111111111111111111111111111111111111111111111111111111111111111111111111111111111111111111111111111111111111111111111111111111111111111111111111111111111111111111111111111111111111111111111111111111111111111111111111111111111111111111111111111111111111111111111111111111111111111111111111111111111111111111111111111111111111111111111111111111111111111111111111111111111111111111111111111111111111111111111111111111111111111111111111111111111111111111111111111111111111111111111111111111111111111111111111111111111111111111111111111111111111111111111111111111111111111111111111111111111111111111111111111111111111111111111111111111111111111111111111111111111111111111111111111111111111111111111111111111111111111111111111111111111111111111111111111111111111111111111111111111111111111111111111111111111111111111111111111111111111111111111111111111111111111111111111111111111111111111111111111111111111111111111111111111111111111111111111111111111111111111111111111111111111111111111111111111111111111111111111111111111111111111111111111111111111111111111111111111111111111111111111111111111111111111111111111111111111111111111111111111111111111111111111111111111111111111111111111111111111111111111111111111111111111111111111111111111111111111111111111111111111111111111111111111111111111111111111111111111111111111111111111111111111111111111111111111111111111111111111111111111111111111111111111111111111111111111111111111111111111111111111111111111111111111111111111111111111111111111111111111111111111111111111111111111111111111111111111111111111111111', '1', '2016-01-07 14:38:24', '2016-01-07 14:38:24');

-- --------------------------------------------------------

--
-- Table structure for table `operation_log`
--

CREATE TABLE IF NOT EXISTS `operation_log` (
  `log_id` int(10) unsigned NOT NULL AUTO_INCREMENT,
  `log_type` tinyint(3) unsigned NOT NULL DEFAULT '0' COMMENT '0:成功 1：失败',
  `identity` varchar(16) COLLATE utf8_unicode_ci NOT NULL DEFAULT '' COMMENT '操作人员身份（管理员或者商家）',
  `identity_id` int(11) NOT NULL COMMENT '操作人员ID',
  `dest_id` int(10) unsigned NOT NULL DEFAULT '0' COMMENT '被操作人员ID',
  `operation` varchar(32) COLLATE utf8_unicode_ci DEFAULT NULL COMMENT '操作(eg. add_user,add_store,reset_password,etc..)',
  `detail` varchar(1024) COLLATE utf8_unicode_ci DEFAULT NULL COMMENT '详细信息:eg. 管理员001重置了密码',
  `operation_ip` varchar(32) COLLATE utf8_unicode_ci DEFAULT NULL COMMENT '操作人员的ip',
  `operation_time` timestamp NULL DEFAULT NULL COMMENT '操作时间',
  PRIMARY KEY (`log_id`),
  KEY `idx_id` (`identity_id`),
  KEY `idx_dest_id` (`dest_id`)
) ENGINE=InnoDB  DEFAULT CHARSET=utf8 COLLATE=utf8_unicode_ci COMMENT='操作日志表' AUTO_INCREMENT=19 ;

--
-- Dumping data for table `operation_log`
--

INSERT INTO `operation_log` (`log_id`, `log_type`, `identity`, `identity_id`, `dest_id`, `operation`, `detail`, `operation_ip`, `operation_time`) VALUES
(1, 0, '1', 2, 0, NULL, '登录', '127.0.0.1', '2015-12-30 16:00:00'),
(2, 1, '1', 5, 0, NULL, '添加商家', '127.0.0.1', '2015-12-22 16:00:00'),
(3, 0, '1', 2, 0, NULL, '登录', '127.0.0.1', '2015-12-30 16:00:00'),
(4, 1, '1', 5, 0, NULL, '添加商家', '127.0.0.1', '2015-12-22 16:00:00'),
(5, 0, '1', 2, 0, NULL, '登录', '127.0.0.1', '2015-12-30 16:00:00'),
(6, 1, '1', 5, 0, NULL, '添加商家', '127.0.0.1', '2015-12-22 16:00:00'),
(7, 0, '1', 2, 0, NULL, '登录', '127.0.0.1', '2015-12-30 16:00:00'),
(8, 1, '1', 5, 0, NULL, '添加商家', '127.0.0.1', '2015-12-22 16:00:00'),
(9, 0, '1', 2, 0, NULL, '登录', '127.0.0.1', '2015-12-30 16:00:00'),
(10, 1, '1', 5, 0, NULL, '添加商家', '127.0.0.1', '2015-12-22 16:00:00'),
(11, 0, '1', 2, 0, NULL, '登录', '127.0.0.1', '2015-12-30 16:00:00'),
(12, 1, '1', 5, 0, NULL, '添加商家', '127.0.0.1', '2015-12-22 16:00:00'),
(13, 0, '2', 4, 0, NULL, '登录', '127.0.0.1', '2015-12-30 16:00:00'),
(14, 0, '2', 6, 0, NULL, '添加商家', '127.0.0.1', '2015-12-22 16:00:00'),
(15, 0, '2', 4, 0, NULL, '登录', '127.0.0.1', '2015-12-30 16:00:00'),
(16, 0, '2', 6, 0, NULL, '添加商家', '127.0.0.1', '2015-12-22 16:00:00'),
(17, 0, '2', 4, 0, NULL, '登录', '127.0.0.1', '2015-12-30 16:00:00'),
(18, 0, '2', 6, 0, NULL, '添加商家', '127.0.0.1', '2015-12-22 16:00:00');

-- --------------------------------------------------------

--
-- Table structure for table `payment_method`
--

CREATE TABLE IF NOT EXISTS `payment_method` (
  `payment_method_id` int(10) unsigned NOT NULL AUTO_INCREMENT,
  `name` varchar(32) COLLATE utf8_unicode_ci NOT NULL COMMENT '支付方式',
  `name_chinese` varchar(64) COLLATE utf8_unicode_ci NOT NULL COMMENT '支付方式的中文显示名称',
  PRIMARY KEY (`payment_method_id`)
) ENGINE=InnoDB  DEFAULT CHARSET=utf8 COLLATE=utf8_unicode_ci COMMENT='支付方式表' AUTO_INCREMENT=5 ;

--
-- Dumping data for table `payment_method`
--

INSERT INTO `payment_method` (`payment_method_id`, `name`, `name_chinese`) VALUES
(1, 'cash', '现金支付'),
(2, 'balance', '会员卡支付'),
(3, 'balance_platform', '平台支付'),
(4, 'count_card', '次卡支付');

-- --------------------------------------------------------

--
-- Table structure for table `product_catalog_product`
--

CREATE TABLE IF NOT EXISTS `product_catalog_product` (
  `product_id` int(10) unsigned NOT NULL AUTO_INCREMENT COMMENT '商品ID',
  `store_id` int(10) unsigned NOT NULL DEFAULT '0' COMMENT '商品所属商店ID',
  `category_id` int(10) unsigned NOT NULL COMMENT '商品分类ID',
  `name` varchar(256) COLLATE utf8_unicode_ci NOT NULL COMMENT '商品名称',
  `image` varchar(128) COLLATE utf8_unicode_ci DEFAULT NULL COMMENT '商品图片',
  `sku` varchar(16) COLLATE utf8_unicode_ci DEFAULT NULL COMMENT '商品sku',
  `price` decimal(12,2) unsigned DEFAULT NULL COMMENT '商品价格',
  `cost_price` decimal(12,2) NOT NULL DEFAULT '0.00' COMMENT '成本价',
  `weight` decimal(4,2) DEFAULT NULL COMMENT '商品重量',
  `color` varchar(24) COLLATE utf8_unicode_ci DEFAULT NULL COMMENT '商品颜色',
  `qty` int(10) unsigned DEFAULT NULL COMMENT '商品数量',
  `sale_qty` int(10) unsigned DEFAULT NULL COMMENT '已售数量',
  `rest_qty` int(11) NOT NULL DEFAULT '0' COMMENT '商品剩余数量',
  `qty_upper_limit` int(10) unsigned NOT NULL DEFAULT '0' COMMENT '库存上限(0为不限制)',
  `qty_lower_limit` int(10) unsigned NOT NULL DEFAULT '0' COMMENT '库存下限(0为不限制)',
  `description` text COLLATE utf8_unicode_ci COMMENT '商品描述',
  `short_description` varchar(32) COLLATE utf8_unicode_ci DEFAULT NULL COMMENT '商品简短描述',
  `region_id` tinyint(3) unsigned DEFAULT NULL COMMENT '所在的区域0：省 1市 2 地区',
  `location_id` tinyint(3) unsigned DEFAULT NULL COMMENT '所对应的省，市，地区的ID',
  `longitude` decimal(10,7) DEFAULT NULL COMMENT '经度',
  `latitude` decimal(10,7) DEFAULT NULL COMMENT '纬度',
  `country_of_maufacture` varchar(128) COLLATE utf8_unicode_ci DEFAULT NULL COMMENT '生产厂家',
  `created_at` timestamp NULL DEFAULT NULL COMMENT '产品添加时间',
  `updated_at` timestamp NULL DEFAULT NULL COMMENT '产品信息更新时间',
  `delivery_fee` decimal(12,2) DEFAULT NULL COMMENT '运费',
  `delivery_hours` int(10) unsigned DEFAULT NULL COMMENT '将在多少小时内配送或者服务',
  `happy_hours` varchar(128) COLLATE utf8_unicode_ci DEFAULT NULL COMMENT '产品的服务时间/营业时间',
  `is_reserved` enum('0','1') COLLATE utf8_unicode_ci NOT NULL DEFAULT '0' COMMENT '是否需要预定',
  `is_reserved_hours` int(10) unsigned NOT NULL DEFAULT '0' COMMENT '需要提前多少时间预定',
  `discount_price` decimal(12,2) DEFAULT NULL COMMENT '折扣价格',
  `is_recomand` enum('0','1') COLLATE utf8_unicode_ci DEFAULT NULL COMMENT '是否是推荐的产品',
  `phone` varchar(32) COLLATE utf8_unicode_ci DEFAULT NULL COMMENT '商家的电话号码',
  `grade` decimal(2,1) DEFAULT NULL COMMENT '商品的评分',
  `is_score_product` enum('0','1') COLLATE utf8_unicode_ci NOT NULL DEFAULT '0' COMMENT '默认0：普通商品，1：积分商品',
  `is_promo` enum('0','1') COLLATE utf8_unicode_ci NOT NULL DEFAULT '0' COMMENT '是否是促销商品，默认0：普通商品',
  `scores` int(10) unsigned DEFAULT NULL COMMENT '如果是积分商品的话需要多少积分兑换本商品',
  `status` enum('0','1') COLLATE utf8_unicode_ci NOT NULL DEFAULT '1' COMMENT '商品的状态（商家控制：1上架,0下架',
  `state` enum('0','1') COLLATE utf8_unicode_ci NOT NULL DEFAULT '1' COMMENT '商品的状态（平台控制，1有效，0无效)',
  PRIMARY KEY (`product_id`),
  KEY `idx_created_at` (`created_at`),
  KEY `idx_updated_at` (`updated_at`)
) ENGINE=InnoDB  DEFAULT CHARSET=utf8 COLLATE=utf8_unicode_ci COMMENT='商品信息表' AUTO_INCREMENT=35 ;

--
-- Dumping data for table `product_catalog_product`
--

INSERT INTO `product_catalog_product` (`product_id`, `store_id`, `category_id`, `name`, `image`, `sku`, `price`, `cost_price`, `weight`, `color`, `qty`, `sale_qty`, `rest_qty`, `qty_upper_limit`, `qty_lower_limit`, `description`, `short_description`, `region_id`, `location_id`, `longitude`, `latitude`, `country_of_maufacture`, `created_at`, `updated_at`, `delivery_fee`, `delivery_hours`, `happy_hours`, `is_reserved`, `is_reserved_hours`, `discount_price`, `is_recomand`, `phone`, `grade`, `is_score_product`, `is_promo`, `scores`, `status`, `state`) VALUES
(1, 1, 8, '红苹果5', '/assets/images/product/2015/12/15/ab81a643147236c6d559e35b47bb434f.jpg', '5', '25.00', '5.00', '5.00', '5', 55, 35, 20, 200, 1, '5', '', NULL, NULL, NULL, NULL, '5', NULL, '2015-12-27 05:31:14', '0.00', 0, NULL, '0', 0, '15.00', '0', '18780207350', NULL, '0', '0', 0, '1', '1'),
(2, 1, 8, '青苹果', '/assets/images/product/2015/12/15/4accf42e036f597ddb9f74ca1c527cb2.jpg', '', '28.00', '0.00', '0.00', '', 63, 58, 5, 0, 0, '青苹果', '', NULL, NULL, NULL, NULL, '', NULL, '2015-12-30 02:50:15', '0.00', 0, NULL, '0', 0, '20.00', '0', '18780207350', NULL, '0', '1', 0, '1', '1'),
(3, 1, 8, '香蕉  ', '/assets/images/product/2015/12/15/cbd750916bdd9c402bc1f7cf80da51da.jpg', '', '39.90', '20.00', '0.00', '', 10, 9, 1, 0, 0, '', '', NULL, NULL, NULL, NULL, '', '2015-12-14 13:37:38', '2015-12-15 06:39:50', '0.00', 0, NULL, '0', 0, '24.90', '0', '028-61999807', '0.0', '0', '1', 0, '1', '1'),
(4, 1, 8, '葡萄', '/assets/images/product/2015/12/15/f1469bab2437e898182a171d0fb95532.jpg', '', '10.00', '5.00', '0.00', '', 50, 26, 24, 0, 0, '', '', NULL, NULL, NULL, NULL, '', '2015-12-14 13:38:15', '2016-01-30 09:51:50', '0.00', 0, NULL, '0', 0, '8.00', '0', '028-61999807', '0.0', '0', '0', 0, '0', '1'),
(5, 1, 8, '杨桃  ', '/assets/images/product/2015/12/15/4ffb750e18505b614922bc07440ceb5e.jpg', '', '30.00', '21.00', '0.00', '', 161, 38, 123, 0, 0, '', '', NULL, NULL, NULL, NULL, '', '2015-12-14 13:38:40', '2016-01-30 09:53:19', '0.00', 0, NULL, '0', 0, '21.00', '0', '028-61999807', '0.0', '0', '0', 0, '1', '1'),
(6, 1, 8, '樱桃  ', '/assets/images/product/2015/12/15/9627ab8da539ef8c8470b54d848250af.jpg', '', '29.00', '15.00', '0.00', '', 13, 13, 0, 0, 0, '', '', NULL, NULL, NULL, NULL, '', '2015-12-14 13:39:45', '2015-12-15 06:38:53', '0.00', 0, NULL, '0', 0, '21.00', '0', '028-61999807', '0.0', '0', '1', 0, '1', '1'),
(7, 1, 8, '西瓜 ', '/assets/images/product/2015/12/15/0655efb7d9e561aa28f7a41a24282013.jpg', '', '21.90', '12.00', '0.00', '', 10, 4, 6, 0, 0, '', '', NULL, NULL, NULL, NULL, '', '2015-12-14 13:40:12', '2015-12-15 06:37:00', '0.00', 0, NULL, '0', 0, '15.50', '0', '028-61999807', '0.0', '0', '0', 0, '1', '1'),
(8, 1, 8, '西瓜 ', '/assets/images/product/2015/12/15/a378f732c2ddcd0e7e183fb3e6ef85c5.jpg', '', '32.40', '19.00', '0.00', '', 10, 8, 2, 0, 0, '', '', NULL, NULL, NULL, NULL, '', '2015-12-14 13:40:37', '2015-12-15 06:36:50', '0.00', 0, NULL, '0', 0, '29.00', '0', '028-61999807', '0.0', '0', '0', 0, '1', '1'),
(9, 1, 8, '哈密瓜', '/assets/images/product/2015/12/15/907089c7e09dc96e29db37846f05eb5b.jpg', '', '19.90', '9.90', '0.00', '', 10, 10, 0, 0, 0, '', '', NULL, NULL, NULL, NULL, '', '2015-12-14 13:41:11', '2015-12-15 06:36:13', '0.00', 0, NULL, '0', 0, '8.80', '0', '028-61999807', '0.0', '0', '1', 0, '1', '1'),
(10, 1, 8, '梅子', '/assets/images/product/2015/12/15/a3e48dbc9fb5c84cff0432d89060174b.jpg', '', '28.00', '18.00', '0.00', '', 35, 25, 10, 0, 0, '', '', NULL, NULL, NULL, NULL, '', '2015-12-14 13:41:41', '2015-12-15 06:35:37', '0.00', 0, NULL, '0', 0, '24.00', '0', '028-61999807', '0.0', '0', '0', 0, '1', '1'),
(11, 1, 8, '草莓  ', '/assets/images/product/2015/12/15/b18442b3596dbc76e72618ae7d7fff63.jpg', '', '28.00', '14.00', '0.00', '', 300, 33, 267, 0, 0, '', '', NULL, NULL, NULL, NULL, '', '2015-12-14 13:42:04', '2015-12-27 06:27:27', '0.00', 0, NULL, '0', 0, '18.00', '0', '18780207350', '0.0', '0', '0', 0, '1', '1'),
(12, 1, 8, '蓝莓  ', '/assets/images/product/2015/12/15/4149ca3baa48a490659841b07d69f6dc.jpg', '', '59.80', '38.00', '0.00', '', 20, 7, 13, 0, 0, '', '', NULL, NULL, NULL, NULL, '', '2015-12-14 13:42:38', '2015-12-15 06:31:34', '0.00', 0, NULL, '0', 0, '39.50', '0', '028-61999807', '0.0', '0', '0', 0, '1', '1'),
(13, 1, 8, '柚子', '/assets/images/product/2015/12/15/7fdf25be1a89446754b55d4ea8b1cd21.jpg', '', '45.00', '20.00', '0.00', '', 20, 4, 16, 0, 0, '', '', NULL, NULL, NULL, NULL, '', '2015-12-14 13:43:04', '2015-12-15 06:31:06', '0.00', 0, NULL, '0', 0, '30.00', '0', '028-61999807', '0.0', '0', '1', 0, '1', '1'),
(14, 1, 8, '柿子', '/assets/images/product/2015/12/15/8d42070092dad970f0cfdb17a06b6b22.jpg', '', '8.80', '4.50', '0.00', '', 35, 7, 28, 0, 0, '', '', NULL, NULL, NULL, NULL, '', '2015-12-14 13:44:02', '2016-01-05 07:21:24', '0.00', 0, NULL, '0', 0, '6.60', '0', '18780207350', '0.0', '0', '0', 0, '1', '1'),
(15, 1, 8, '荔枝  ', '/assets/images/product/2015/12/15/31bccdfe4af6d701e4ba2aa4b806ba53.jpg', '', '9.90', '3.90', '0.00', '', 300, 24, 276, 0, 0, '', '', NULL, NULL, NULL, NULL, '', '2015-12-14 13:44:28', '2015-12-27 06:14:52', '0.00', 0, NULL, '0', 0, '6.90', '0', '18780207350', '0.0', '0', '1', 0, '1', '1'),
(16, 1, 27, '芒果  ', '/assets/images/product/2015/12/15/0b1dec3e67ab8bbcd6f558809148fa05.jpg', '', '9.70', '3.00', '0.00', '', 29, 20, 9, 0, 0, '', '', NULL, NULL, NULL, NULL, '', '2015-12-14 13:44:51', '2016-01-10 13:34:48', '0.00', 0, NULL, '0', 0, '6.80', '0', '18780207350', '0.0', '0', '1', 0, '1', '1'),
(17, 1, 8, '猕猴桃', '/assets/images/product/2015/12/15/603fbbfa40077197e401600f5fe697bb.jpg', '', '45.00', '20.00', '0.00', '', 31, 2, 29, 0, 0, '', '', NULL, NULL, NULL, NULL, '', '2015-12-14 13:45:13', '2015-12-29 03:24:31', '0.00', 0, NULL, '0', 0, '33.00', '0', '18780207350', '0.0', '0', '1', 0, '1', '1'),
(18, 1, 8, '椰子', '/assets/images/product/2015/12/15/20a17b16f6507f79ec2d06d7835a11ed.jpg', '', '35.00', '8.00', '0.00', '', 20, 1, 19, 0, 0, '', '', NULL, NULL, NULL, NULL, '', '2015-12-14 13:45:37', '2016-01-11 12:42:37', '0.00', 0, NULL, '0', 0, '28.00', '0', '18780207300', '0.0', '0', '1', 0, '0', '1'),
(19, 1, 25, '榴莲 ', '/assets/images/product/2015/12/15/a1fa6ad04fc0224ce11b2a6914d9aaaa.jpg', '', '19.00', '8.00', '0.00', '', 20, 7, 13, 0, 0, '', '', NULL, NULL, NULL, NULL, '', '2015-12-14 13:45:58', '2015-12-15 06:23:09', '0.00', 0, NULL, '0', 0, '13.00', '0', '028-61999807', '0.0', '0', '0', 0, '1', '1'),
(20, 1, 25, '山竹 ', '/assets/images/product/2015/12/15/1c412f3536ad828f43b7f31f9b078dfd.jpg', '', '10.90', '8.20', '0.00', '', 20, 5, 15, 0, 0, '', '', NULL, NULL, NULL, NULL, '', '2015-12-14 13:46:24', '2015-12-15 06:18:40', '0.00', 0, NULL, '0', 0, '8.50', '0', '028-61999807', '0.0', '0', '0', 0, '1', '1'),
(21, 1, 25, '枇杷', '/assets/images/product/2015/12/15/93a51371729e5a19a8371b0451d3837d.jpg', '', '23.00', '5.00', '0.00', '', 8, 6, 2, 1000, 1, '', '', NULL, NULL, NULL, NULL, '', '2015-12-14 13:46:47', '2016-01-05 06:11:11', '0.00', 0, NULL, '0', 0, '8.00', '0', '18780207350', '0.0', '0', '0', 0, '0', '1'),
(22, 1, 27, '宫爆人丁', '', '', '20.00', '10.00', '0.00', '', 10, 1, 9, 900, 1, '宫爆人丁', '', NULL, NULL, NULL, NULL, '', '2015-12-23 12:18:47', '2016-01-10 13:34:48', '0.00', 0, NULL, '0', 0, '16.00', '0', '028-61999807', '0.0', '0', '0', 0, '1', '1'),
(23, 1, 31, '香菇炖鸡', '/assets/images/product/2015/12/24/dd947682da9d9605cde265891b4c60bc.png', '香菇炖鸡', '40.00', '80.00', '0.00', '香菇炖鸡', 10, 0, 10, 10, 1, '香菇炖鸡2', '', NULL, NULL, NULL, NULL, '香菇炖鸡', '2015-12-23 13:00:29', '2016-01-05 05:53:24', '0.00', 0, NULL, '0', 0, '60.00', '0', '18780207350', '0.0', '0', '1', 0, '1', '1'),
(24, 1, 31, '鸡腿', '', '千克', '10.00', '5.00', '5.00', '肉色', 100, 3, 97, 0, 0, '鸡肉肉质细嫩，滋味鲜美，由于其味较淡，因此可使用于各种料理中。蛋白质的含量颇多，在肉之中，可以说是蛋白质最高的肉类之一，是属于高蛋白低脂肪的食品。钾硫酸氨基酸的含量颇多，因此可弥补牛及猪肉的不足。同时也由于鸡肉比其他肉类的维生素A含量多，而在量方面虽比蔬菜或肝脏差，但和牛肉和猪肉相比，其维生素A的含量却高出许多。 腿肉是从脚到腿的部位，及腿根一带的肉，其肉质颇坚硬，连皮一起摄取时，脂肪的含量较多，也是在整只鸡中铁分含量最多的一部分，鸡肉肉质细嫩，滋味鲜美，由于其味较淡，因此可使用于各种料理中。蛋白质的含量颇多，在肉之中，可以说是蛋白质最高的肉类之一，是属于高蛋白低脂肪的食品。钾硫酸氨基酸的含量颇多，因此可弥补牛及猪肉的不足。同时也由于鸡肉比其他肉类的维生素A含量多，而在量方面虽比蔬菜或肝脏差，但和牛肉和猪肉相比，其维生素A的含量却高出许多。 腿肉是从脚到腿的部位，及腿根一带的肉，其肉质颇坚硬，连皮一起摄取时，脂肪的含量较多，也是在整只鸡中铁分含量最多的一部分', '', NULL, NULL, NULL, NULL, '淘宝', '2015-12-26 06:06:43', '2016-01-05 05:53:24', '0.00', 0, NULL, '0', 0, '8.00', '0', '18780207350', '0.0', '0', '0', 0, '1', '1'),
(25, 1, 31, '枇杷', '', '', '0.00', '0.00', '0.00', '', 50, 1, 49, 50, 1, '', '', NULL, NULL, NULL, NULL, '', '2015-12-26 07:13:15', '2016-01-05 05:53:24', '0.00', 0, NULL, '0', 0, '0.00', '0', '18780207350', '0.0', '0', '0', 0, '1', '1'),
(26, 1, 31, '洋葱', '', '', '4.00', '2.00', '0.00', '', 5, 3, 2, 4, 4, '', '', NULL, NULL, NULL, NULL, '', '2015-12-28 02:40:47', '2016-01-05 05:53:24', '0.00', 0, NULL, '0', 0, '3.00', '0', '18780207350', '0.0', '0', '0', 0, '1', '1'),
(27, 1, 31, '蓝色苹果', '/assets/images/product/2015/12/29/3f5c138e9c797f49d70c0ca8370f9312.png', '', '13.90', '10.00', '0.00', '', 15, 4, 11, 0, 0, '苹果（Malus pumila Mill.）：是落叶乔木，通常树木可高至15米，但栽培树木一般只高3-5米左右。树干呈灰褐色，树皮有一定程度的脱落。苹果树开花期是基于各地气候而定，但一般集中在4-5月份。苹果是异花授粉植物，大部分品种自花不能结成果实。', '', NULL, NULL, NULL, NULL, '', '2015-12-29 07:20:25', '2016-01-05 05:53:24', '0.00', 0, NULL, '0', 0, '8.00', '0', '18780207350', '0.0', '0', '0', 0, '1', '1'),
(28, 1, 31, '鳕鱼', '/assets/images/product/2015/12/30/5fc6e2c330ec6c88e2f9b86caa90d12c.jpg', '', '45.00', '40.00', '0.00', '', 14, 1, 13, 0, 0, '', '', NULL, NULL, NULL, NULL, '', '2015-12-30 02:02:37', '2016-01-05 05:53:24', '0.00', 0, NULL, '0', 0, '42.00', '0', '18780207350', '0.0', '0', '0', 0, '1', '1'),
(29, 1, 31, '草鱼', '/assets/images/product/2015/12/30/eba096524cd61604affe5e00bc9b85bc.jpg', '', '25.00', '10.00', '0.00', '', 100, 3, 97, 100, 5, '', '', NULL, NULL, NULL, NULL, '', '2015-12-30 02:55:31', '2016-01-05 05:53:24', '0.00', 0, NULL, '0', 0, '15.00', '0', '18780207350', '0.0', '0', '0', 0, '1', '1'),
(30, 1, 31, '开心果', '/assets/images/product/2015/12/30/2e910f0457b25c5a86436c8cbf210318.jpg', '', '24.00', '20.00', '0.00', '', 8, 0, 8, 0, 0, '', '', NULL, NULL, NULL, NULL, '', '2015-12-30 08:22:19', '2016-01-05 05:53:24', '0.00', 0, NULL, '0', 0, '19.50', '0', '18780207350', '0.0', '0', '0', 0, '1', '1'),
(31, 1, 31, '大虾', '/assets/images/product/2015/12/31/ecd0a3a482dc145879e7ea0ec8dae816.jpg', '', '30.00', '23.00', '0.00', '', 16, 0, 16, 16, 5, '', '', NULL, NULL, NULL, NULL, '', '2015-12-31 02:01:54', '2016-01-05 05:53:24', '0.00', 0, NULL, '0', 0, '24.00', '0', '18780207350', '0.0', '0', '1', 0, '0', '1'),
(32, 1, 31, '西红柿', '', '', '5.00', '15.00', NULL, NULL, 100, 4, 96, 0, 0, '', '', NULL, NULL, NULL, NULL, NULL, '2016-01-05 05:38:28', '2016-01-05 07:27:38', NULL, NULL, NULL, '0', 0, '10.00', NULL, '18780207350', '0.0', '0', '1', NULL, '1', '1'),
(33, 1, 29, '香菜', '', '', '2.00', '0.80', '0.00', '', 100, 0, 100, 0, 0, '', '', NULL, NULL, NULL, NULL, '', '2016-01-05 09:01:52', '2016-01-11 12:33:13', '0.00', 0, NULL, '0', 0, '1.50', '0', '18780207350', '0.0', '0', '0', 0, '0', '1'),
(34, 1, 27, '包菜', '', '', '5.00', '2.00', '0.00', '', 100, 0, 100, 0, 0, '', '', NULL, NULL, NULL, NULL, '', '2016-01-05 09:03:39', '2016-01-10 13:34:48', '0.00', 0, NULL, '0', 0, '3.00', '0', '18780207350', '0.0', '0', '0', 0, '0', '1');

-- --------------------------------------------------------

--
-- Table structure for table `product_category`
--

CREATE TABLE IF NOT EXISTS `product_category` (
  `product_category_id` int(10) unsigned NOT NULL AUTO_INCREMENT COMMENT '分类id，自增主键',
  `store_id` int(10) unsigned NOT NULL DEFAULT '0' COMMENT '商铺ID',
  `parent_id` int(10) unsigned NOT NULL DEFAULT '0' COMMENT '父类ID',
  `name` varchar(128) COLLATE utf8_unicode_ci NOT NULL DEFAULT '' COMMENT '分类名称',
  `icon` varchar(128) COLLATE utf8_unicode_ci NOT NULL DEFAULT '' COMMENT '分类图标',
  `is_available` enum('0','1') COLLATE utf8_unicode_ci NOT NULL DEFAULT '1' COMMENT '分类是否可用',
  `created_at` timestamp NULL DEFAULT NULL,
  `updated_at` timestamp NULL DEFAULT NULL,
  PRIMARY KEY (`product_category_id`),
  KEY `idx_created_at` (`created_at`),
  KEY `idx_updated_at` (`updated_at`)
) ENGINE=InnoDB  DEFAULT CHARSET=utf8 COLLATE=utf8_unicode_ci COMMENT='商品分类表' AUTO_INCREMENT=49 ;

--
-- Dumping data for table `product_category`
--

INSERT INTO `product_category` (`product_category_id`, `store_id`, `parent_id`, `name`, `icon`, `is_available`, `created_at`, `updated_at`) VALUES
(1, 1, 0, '所有', '', '1', '2015-11-05 04:00:00', '2015-11-05 04:00:00'),
(2, 1, 1, '水果', '', '1', '2015-11-30 08:19:13', '2015-11-30 08:19:13'),
(3, 1, 2, '重庆火锅', '', '0', '2015-11-30 08:19:38', '2015-11-30 08:19:38'),
(4, 1, 2, '成都火锅', '', '0', '2015-11-30 08:19:38', '2015-11-30 08:19:38'),
(5, 1, 1, '蔬菜', '', '0', '2015-11-30 18:37:59', '2015-11-30 18:37:59'),
(6, 1, 1, '肉', '', '0', '2015-11-30 18:37:59', '2015-11-30 18:37:59'),
(7, 1, 1, '鱼', '', '0', '2015-11-30 18:37:59', '2015-11-30 18:37:59'),
(8, 1, 1, '海鲜', '', '1', '2015-11-30 18:37:59', '2015-11-30 18:37:59'),
(9, 1, 2, '11111', '', '1', '2015-12-22 15:46:56', '2015-12-22 15:46:56'),
(10, 1, 1, '零食', '', '0', '2015-12-24 12:51:04', '2015-12-24 12:51:04'),
(11, 1, 5, '几级了了空间和交换机及健康进尽快尽快尽快尽快尽快尽快看见看见看见看见健康空间及京津冀看见看见及框架', '', '0', '2015-12-24 12:52:14', '2015-12-24 12:52:14'),
(12, 1, 2, 'xxxx', '', '0', '2015-12-26 07:28:24', '2015-12-26 07:28:24'),
(13, 1, 6, '请填写分类名称2', '', '0', '2015-12-26 07:28:24', '2015-12-26 07:28:24'),
(14, 1, 8, '请填写分类名称3', '', '0', '2015-12-26 07:28:24', '2015-12-26 07:28:24'),
(15, 1, 10, 'sasasa1', '', '0', '2015-12-26 07:28:24', '2015-12-26 07:28:24'),
(16, 1, 104, '请填写分类名称5', '', '0', '2015-12-26 07:28:24', '2015-12-26 07:28:24'),
(17, 1, 105, '请填写分类名称6', '', '0', '2015-12-26 07:28:24', '2015-12-26 07:28:24'),
(18, 1, 10, '请填写分类名称1', '', '0', '2015-12-27 05:16:08', '2015-12-27 05:16:08'),
(19, 1, 10, '请填写分类名称1', '', '0', '2015-12-27 05:22:55', '2015-12-27 05:22:55'),
(20, 1, 19, '', '', '0', '2015-12-27 05:23:04', '2015-12-27 05:23:04'),
(21, 1, 2, '苹果', '', '1', '2015-12-28 02:37:38', '2015-12-28 02:37:38'),
(22, 1, 2, '香蕉', '', '1', '2015-12-28 02:37:38', '2015-12-28 02:37:38'),
(23, 1, 2, '菠萝2', '', '0', '2015-12-28 02:37:38', '2015-12-28 02:37:38'),
(24, 1, 5, '青菜dd', '', '0', '2015-12-28 02:49:34', '2015-12-28 02:49:34'),
(25, 1, 5, '称1', '', '0', '2015-12-29 09:10:20', '2015-12-29 09:10:20'),
(26, 1, 6, '我是肉肉', '', '0', '2016-01-04 12:58:10', '2016-01-04 12:58:10'),
(27, 1, 2, '444', '', '0', '2016-01-04 14:51:29', '2016-01-04 14:51:29'),
(28, 1, 5, 'ddd', '', '0', '2016-01-04 14:52:19', '2016-01-04 14:52:19'),
(29, 1, 6, 'd鹅鹅鹅鹅', '', '0', '2016-01-04 14:54:43', '2016-01-04 14:54:43'),
(30, 1, 9, 'ddddd', '', '0', '2016-01-04 15:06:34', '2016-01-04 15:06:34'),
(31, 1, 8, '请ddd称2dd', '', '0', '2016-01-04 15:22:49', '2016-01-04 15:22:49'),
(32, 1, 26, 'dddq', '', '0', '2016-01-04 15:24:37', '2016-01-04 15:24:37'),
(33, 1, 24, '请填写分类名称9', '', '0', '2016-01-05 06:03:58', '2016-01-05 06:03:58'),
(34, 1, 33, '请填写分类名1', '', '0', '2016-01-05 06:04:34', '2016-01-05 06:04:34'),
(35, 1, 34, '请类名是当时撒大声地分说的法称1', '', '0', '2016-01-05 06:05:10', '2016-01-05 06:05:10'),
(36, 1, 29, 'd''d''d''d''sa', '', '0', '2016-01-07 13:20:23', '2016-01-07 13:20:23'),
(37, 1, 36, 'fff1', '', '0', '2016-01-07 13:23:11', '2016-01-07 13:23:11'),
(38, 10, 1, '所有', '', '1', '2016-01-17 10:36:10', '2016-01-17 10:36:10'),
(39, 10, 38, '水果', '', '1', '2016-01-17 10:37:16', '2016-01-17 10:37:16'),
(40, 10, 38, '蔬菜', '', '1', '2016-01-17 10:37:16', '2016-01-17 10:37:16'),
(41, 3, 1, '水果1', '', '0', '2016-01-20 06:54:52', '2016-01-20 06:54:52'),
(42, 3, 1, '所有', '', '1', '2016-01-20 06:54:52', '2016-01-20 06:54:52'),
(43, 3, 42, '肉内', '', '1', '2016-01-20 06:56:08', '2016-01-20 06:56:08'),
(44, 3, 42, '素菜', '', '1', '2016-01-20 06:56:08', '2016-01-20 06:56:08'),
(45, 1, 26, 'xxxdasa', '', '0', '2016-01-22 08:55:57', '2016-01-22 08:55:57'),
(46, 1, 8, 'ddd212', '', '0', '2016-01-22 08:56:21', '2016-01-22 08:56:21'),
(47, 1, 101, 'cccc', '', '0', '2016-01-22 08:56:21', '2016-01-22 08:56:21'),
(48, 10, 39, '热性', '', '1', '2016-01-27 06:59:19', '2016-01-27 06:59:19');

-- --------------------------------------------------------

--
-- Table structure for table `product_search_key_words`
--

CREATE TABLE IF NOT EXISTS `product_search_key_words` (
  `key_words_id` int(10) unsigned NOT NULL AUTO_INCREMENT,
  `product_id` int(10) unsigned NOT NULL,
  `key_words` varchar(64) COLLATE utf8_unicode_ci NOT NULL,
  PRIMARY KEY (`key_words_id`),
  KEY `idx_keywords` (`key_words`)
) ENGINE=InnoDB  DEFAULT CHARSET=utf8 COLLATE=utf8_unicode_ci COMMENT='商品搜索关键字' AUTO_INCREMENT=5 ;

--
-- Dumping data for table `product_search_key_words`
--

INSERT INTO `product_search_key_words` (`key_words_id`, `product_id`, `key_words`) VALUES
(1, 1, '苹果'),
(2, 1, '好吃'),
(3, 2, '苹果'),
(4, 2, '酸');

-- --------------------------------------------------------

--
-- Table structure for table `recommend`
--

CREATE TABLE IF NOT EXISTS `recommend` (
  `recommend_id` int(10) unsigned NOT NULL AUTO_INCREMENT COMMENT '记录自增ID',
  `staff_id` int(10) unsigned NOT NULL COMMENT '导购ID',
  `staff_store_id` int(10) unsigned NOT NULL COMMENT '导购员所属店铺Id',
  `customer_id` int(10) unsigned NOT NULL COMMENT '客户ID',
  `store_id` int(10) unsigned NOT NULL COMMENT '被推荐商家ID',
  `consume_code` varchar(64) COLLATE utf8_unicode_ci NOT NULL COMMENT '消费码',
  `status` enum('0','1') COLLATE utf8_unicode_ci NOT NULL DEFAULT '0' COMMENT '是否已消费，默认0:否',
  `order_id` varchar(16) COLLATE utf8_unicode_ci NOT NULL DEFAULT '' COMMENT '如果已消费，则此处为消费的订单ID',
  `created_at` timestamp NULL DEFAULT NULL COMMENT '推荐时间',
  `updated_at` timestamp NULL DEFAULT NULL COMMENT '更新时间',
  PRIMARY KEY (`recommend_id`),
  KEY `idx_store_staff` (`staff_store_id`,`staff_id`),
  KEY `idx_customer_id` (`customer_id`),
  KEY `idx_consume_code` (`consume_code`),
  KEY `idx_created_at` (`created_at`),
  KEY `idx_updated_at` (`updated_at`)
) ENGINE=InnoDB  DEFAULT CHARSET=utf8 COLLATE=utf8_unicode_ci COMMENT='导购推荐记录表' AUTO_INCREMENT=60 ;

--
-- Dumping data for table `recommend`
--

INSERT INTO `recommend` (`recommend_id`, `staff_id`, `staff_store_id`, `customer_id`, `store_id`, `consume_code`, `status`, `order_id`, `created_at`, `updated_at`) VALUES
(21, 11, 2, 14, 3, '2180-4368-6739', '0', '', '2015-12-16 13:08:52', '2015-12-16 13:08:52'),
(22, 11, 2, 16, 1, '1917-2846-6205', '0', '', '2015-12-16 13:10:09', '2015-12-16 13:10:09'),
(23, 10, 2, 14, 1, '0394-2611-3776', '0', '', '2015-12-16 13:49:39', '2015-12-16 13:49:39'),
(24, 2, 1, 1, 14, '2783-4911-2695', '0', '', '2015-12-17 02:44:24', '2015-12-17 02:44:24'),
(25, 2, 1, 22, 18, '0641-5428-6972', '0', '', '2015-12-17 03:45:04', '2015-12-17 03:45:04'),
(26, 2, 1, 22, 2, '6175-9384-2571', '0', '', '2015-12-17 03:58:21', '2015-12-17 03:58:21'),
(27, 2, 1, 22, 9, '0169-3474-5790', '0', '', '2015-12-17 04:00:43', '2015-12-17 04:00:43'),
(28, 2, 1, 22, 20, '4367-2961-8079', '0', '', '2015-12-17 04:04:15', '2015-12-17 04:04:15'),
(29, 2, 1, 22, 6, '6536-3854-2991', '0', '', '2015-12-17 04:08:25', '2015-12-17 04:08:25'),
(30, 2, 1, 22, 12, '8550-6716-3174', '0', '', '2015-12-17 04:10:59', '2015-12-17 04:10:59'),
(31, 2, 1, 22, 5, '2624-3063-7758', '0', '', '2015-12-17 04:12:35', '2015-12-17 04:12:35'),
(32, 2, 1, 21, 20, '4086-3397-1225', '0', '', '2015-12-17 04:14:31', '2015-12-17 04:14:31'),
(33, 3, 2, 23, 1, '2173-0956-7241', '0', '', '2015-12-18 07:32:28', '2015-12-18 07:32:28'),
(34, 11, 2, 16, 6, '5425-1260-0438', '0', '', '2015-12-19 01:30:01', '2015-12-19 01:30:01'),
(35, 11, 2, 16, 12, '8412-0686-7397', '0', '', '2015-12-19 10:33:55', '2015-12-19 10:33:55'),
(36, 11, 2, 16, 18, '1081-9746-7456', '0', '', '2015-12-19 11:34:35', '2015-12-19 11:34:35'),
(37, 11, 2, 16, 3, '2278-9119-0573', '0', '', '2015-12-21 12:01:51', '2015-12-21 12:01:51'),
(38, 11, 2, 16, 17, '3659-8406-1597', '0', '', '2015-12-21 12:02:14', '2015-12-21 12:02:14'),
(39, 3, 2, 23, 1, '5437-9301-2471', '0', '', '2015-12-24 13:43:04', '2015-12-24 13:43:04'),
(40, 3, 2, 23, 1, '5951-9460-8702', '0', '', '2015-12-24 13:45:59', '2015-12-24 13:45:59'),
(41, 3, 2, 23, 1, '5744-3503-6091', '0', '', '2015-12-24 13:47:14', '2015-12-24 13:47:14'),
(42, 3, 2, 23, 1, '2106-3989-8534', '0', '', '2015-12-24 13:55:11', '2015-12-24 13:55:11'),
(43, 3, 2, 23, 1, '4926-8721-3596', '0', '', '2015-12-24 13:57:08', '2015-12-24 13:57:08'),
(44, 11, 2, 16, 1, '1022-4647-7159', '0', '', '2015-12-24 14:25:14', '2015-12-24 14:25:14'),
(45, 11, 2, 22, 1, '0598-9830-7126', '0', '', '2015-12-28 09:41:51', '2015-12-28 09:41:51'),
(46, 11, 2, 21, 18, '8791-4602-6579', '0', '', '2015-12-28 09:49:33', '2015-12-28 09:49:33'),
(47, 2, 1, 21, 2, '7008-2661-4517', '1', '151215533580002', '2015-12-28 09:53:08', '2015-12-28 09:53:08'),
(48, 10, 2, 14, 21, '4202-5137-0469', '0', '', '2015-12-30 03:52:36', '2015-12-30 03:52:36'),
(49, 33, 10, 23, 1, '2704-8156-1369', '0', '', '2016-01-13 13:57:39', '2016-01-13 13:57:39'),
(50, 33, 10, 23, 1, '8296-0671-4293', '0', '', '2016-01-17 13:37:43', '2016-01-17 13:37:43'),
(51, 33, 10, 23, 1, '7854-5192-6278', '0', '', '2016-01-17 13:39:54', '2016-01-17 13:39:54'),
(52, 33, 10, 23, 1, '9402-3496-7018', '1', '160120559830006', '2016-01-20 07:31:15', '2016-01-20 07:33:03'),
(53, 34, 10, 23, 1, '1149-0665-0235', '1', '160120566080015', '2016-01-20 07:42:27', '2016-01-20 07:43:28'),
(54, 34, 10, 23, 1, '8693-4471-2670', '1', '160125790840001', '2016-01-20 07:48:57', '2016-01-25 13:58:04'),
(55, 33, 10, 23, 1, '5526-4421-0799', '1', '160125793670002', '2016-01-25 14:01:56', '2016-01-25 14:02:47'),
(56, 33, 10, 23, 1, '6937-5084-9046', '1', '160125799910003', '2016-01-25 14:12:06', '2016-01-25 14:13:11'),
(57, 33, 10, 23, 1, '4804-6958-9701', '1', '160127424320001', '2016-01-25 14:41:56', '2016-01-27 03:47:12'),
(58, 33, 10, 23, 1, '1097-6292-5453', '1', '160127511310002', '2016-01-27 06:10:23', '2016-01-27 06:12:11'),
(59, 33, 10, 23, 1, '9695-1206-3475', '1', '160127537000003', '2016-01-27 06:54:21', '2016-01-27 06:55:00');

-- --------------------------------------------------------

--
-- Table structure for table `sales_order`
--

CREATE TABLE IF NOT EXISTS `sales_order` (
  `sales_order_id` int(10) unsigned NOT NULL AUTO_INCREMENT,
  `order_id` varchar(16) COLLATE utf8_unicode_ci DEFAULT NULL COMMENT '订单号',
  `store_id` int(10) unsigned NOT NULL COMMENT '店铺ID',
  `seller_id` int(10) unsigned DEFAULT NULL COMMENT '商店所有者的ID',
  `staff_id` int(11) DEFAULT NULL COMMENT '收银员Id',
  `status` varchar(64) COLLATE utf8_unicode_ci DEFAULT NULL COMMENT '订单的状态在（交易中，消费，refunding, finished, refunded,）',
  `payment_method_id` int(10) unsigned NOT NULL DEFAULT '0' COMMENT '支付方式ID',
  `is_reviewed` enum('0','1') COLLATE utf8_unicode_ci DEFAULT NULL COMMENT '是否已评论',
  `is_refunded` enum('0','1') COLLATE utf8_unicode_ci NOT NULL DEFAULT '0' COMMENT '是否已退款',
  `coupon_code` varchar(64) COLLATE utf8_unicode_ci DEFAULT NULL COMMENT '优惠码',
  `consume_code` varchar(64) COLLATE utf8_unicode_ci NOT NULL DEFAULT '' COMMENT '消费码',
  `customer_id` int(10) unsigned NOT NULL COMMENT '客户ID',
  `card_number` varchar(32) COLLATE utf8_unicode_ci NOT NULL DEFAULT '' COMMENT '会员卡号',
  `customer_note` varchar(1024) COLLATE utf8_unicode_ci DEFAULT NULL COMMENT '消费者备注信息',
  `shipping_description` text COLLATE utf8_unicode_ci COMMENT '配送的描述',
  `shipping_method` varchar(128) COLLATE utf8_unicode_ci DEFAULT NULL COMMENT '配送方式',
  `shipping_amount` decimal(12,2) DEFAULT NULL COMMENT '运费',
  `shipping_address_id` int(10) unsigned DEFAULT NULL COMMENT '配送地址',
  `discount` int(11) NOT NULL DEFAULT '100' COMMENT '结账时的最终折扣率,计算时要 /100',
  `discount_amount` decimal(12,2) DEFAULT NULL COMMENT '折扣价格',
  `returned_scores` int(10) unsigned DEFAULT NULL COMMENT '订单积分',
  `returned_cash_staff` decimal(12,2) DEFAULT '0.00' COMMENT '返现给员工的金额',
  `returned_cash_store` decimal(12,2) DEFAULT '0.00' COMMENT '返现给商家的金额',
  `grandtotal` decimal(12,2) DEFAULT NULL COMMENT '订单的总价格',
  `subtotal` decimal(12,2) DEFAULT NULL COMMENT '除掉税，运费，小费|这些价格',
  `tax_amount` decimal(12,2) DEFAULT NULL COMMENT '这个订单多少税',
  `currency_code` varchar(12) COLLATE utf8_unicode_ci NOT NULL DEFAULT 'RMB' COMMENT '支付币种',
  `created_at` timestamp NULL DEFAULT NULL COMMENT '订单创建时间',
  `updated_at` timestamp NULL DEFAULT NULL COMMENT '订单更新时间',
  `remote_ip` varchar(16) COLLATE utf8_unicode_ci DEFAULT NULL,
  PRIMARY KEY (`sales_order_id`),
  KEY `idx_store_staff` (`store_id`,`staff_id`),
  KEY `idx_coupon_code` (`coupon_code`),
  KEY `idx_created_at` (`created_at`),
  KEY `idx_updated_at` (`updated_at`)
) ENGINE=InnoDB  DEFAULT CHARSET=utf8 COLLATE=utf8_unicode_ci COMMENT='订单表' AUTO_INCREMENT=254 ;

--
-- Dumping data for table `sales_order`
--

INSERT INTO `sales_order` (`sales_order_id`, `order_id`, `store_id`, `seller_id`, `staff_id`, `status`, `payment_method_id`, `is_reviewed`, `is_refunded`, `coupon_code`, `consume_code`, `customer_id`, `card_number`, `customer_note`, `shipping_description`, `shipping_method`, `shipping_amount`, `shipping_address_id`, `discount`, `discount_amount`, `returned_scores`, `returned_cash_staff`, `returned_cash_store`, `grandtotal`, `subtotal`, `tax_amount`, `currency_code`, `created_at`, `updated_at`, `remote_ip`) VALUES
(1, '151211398380004', 1, 0, 1, 'refunded', 4, '0', '1', '', '', 1, '1000001', '', '', '', '0.00', 0, 65, '18.20', 18, '0.91', '1.82', '18.20', '28.00', '0.00', 'RMB', '2015-12-11 03:03:58', '2015-12-11 03:07:20', NULL),
(2, '151213525510001', 1, 0, 1, 'finished', 4, '0', '0', '', '', 1, '1000001', '', '', '', '0.00', 0, 65, '18.20', 18, '0.91', '1.82', '18.20', '28.00', '0.00', 'RMB', '2015-12-13 06:35:52', '2015-12-13 06:35:52', NULL),
(3, '151213525990002', 1, 0, 1, 'finished', 4, '0', '0', '', '', 1, '1000001', '', '', '', '0.00', 0, 65, '18.20', 18, '0.91', '1.82', '18.20', '28.00', '0.00', 'RMB', '2015-12-13 06:36:39', '2015-12-13 06:36:39', NULL),
(4, '151214743540007', 1, 1, 1, 'finished', 4, '0', '0', '', '', 12, '01000007', '', '', '', '0.00', 0, 100, '20.00', 20, '0.60', '0.40', '20.00', '20.00', '0.00', 'RMB', '2015-12-14 12:39:14', '2015-12-14 12:39:14', NULL),
(5, '151214747930008', 1, 1, 1, 'finished', 1, '0', '0', '', '', 0, '0', '', '', '', '0.00', 0, 85, '23.80', 23, '0.71', '0.48', '23.80', '28.00', '0.00', 'RMB', '2015-12-14 12:46:33', '2015-12-14 12:46:33', NULL),
(6, '151214748670009', 1, 1, 1, 'refunded', 1, '0', '1', '', '', 0, '0', '', '', '', '0.00', 0, 70, '39.60', 39, '1.19', '0.79', '39.60', '48.00', '0.00', 'RMB', '2015-12-14 12:47:47', '2015-12-15 03:27:35', NULL),
(7, '151214749410010', 1, 1, 1, 'finished', 2, '0', '0', '', '', 12, '01000007', '', '', '', '0.00', 0, 55, '70.80', 70, '2.12', '1.42', '70.80', '96.00', '0.00', 'RMB', '2015-12-14 12:49:01', '2015-12-14 12:49:01', NULL),
(8, '151214754610011', 1, 1, 1, 'finished', 4, '0', '0', '', '', 12, '01000007', '', '', '', '0.00', 0, 100, '20.00', 20, '0.60', '0.40', '20.00', '20.00', '0.00', 'RMB', '2015-12-14 12:57:41', '2015-12-14 12:57:41', NULL),
(9, '151214755050012', 1, 1, 1, 'finished', 4, '0', '0', '', '', 12, '01000007', '', '', '', '0.00', 0, 100, '20.00', 20, '0.60', '0.40', '20.00', '20.00', '0.00', 'RMB', '2015-12-14 12:58:25', '2015-12-14 12:58:25', NULL),
(10, '151214755600013', 1, 1, 1, 'finished', 4, '0', '0', '', '', 12, '01000007', '', '', '', '0.00', 0, 100, '20.00', 20, '0.60', '0.40', '20.00', '20.00', '0.00', 'RMB', '2015-12-14 12:59:20', '2015-12-14 12:59:20', NULL),
(11, '151214755920014', 1, 1, 1, 'refunded', 4, '0', '1', '', '', 12, '01000007', '', '', '', '0.00', 0, 100, '28.00', 28, '0.84', '0.56', '28.00', '28.00', '0.00', 'RMB', '2015-12-14 12:59:52', '2015-12-14 14:04:03', NULL),
(12, '151214756020015', 1, 1, 1, 'refunded', 4, '0', '1', '', '', 12, '01000007', '', '', '', '0.00', 0, 100, '28.00', 28, '0.84', '0.56', '28.00', '28.00', '0.00', 'RMB', '2015-12-14 13:00:02', '2015-12-14 14:02:34', NULL),
(13, '151214763010016', 1, 12, 12, 'refunded', 4, '0', '1', '', '', 12, '01000007', '', '', '', '0.00', 0, 100, '20.00', 20, '0.60', '0.40', '20.00', '20.00', '0.00', 'RMB', '2015-12-14 13:11:41', '2015-12-14 14:01:39', NULL),
(14, '151214763070017', 1, 12, 12, 'refunded', 4, '0', '1', '', '', 12, '01000007', '', '', '', '0.00', 0, 100, '28.00', 28, '0.84', '0.56', '28.00', '28.00', '0.00', 'RMB', '2015-12-14 13:11:47', '2015-12-14 13:12:58', NULL),
(15, '151214763120018', 1, 12, 12, 'refunded', 4, '0', '1', '', '', 12, '01000007', '', '', '', '0.00', 0, 100, '28.00', 28, '0.84', '0.56', '28.00', '28.00', '0.00', 'RMB', '2015-12-14 13:11:52', '2015-12-14 14:01:15', NULL),
(16, '151214774600019', 1, 12, 12, 'refunded', 1, '0', '1', '', '', 0, '0', '', '', '', '0.00', 0, 90, '40.00', 40, '1.20', '0.80', '40.00', '40.00', '0.00', 'RMB', '2015-12-14 13:31:00', '2015-12-14 14:01:05', NULL),
(17, '151214785300020', 1, 12, 12, 'refunded', 1, '0', '1', '', '', 0, '0', '', '', '', '0.00', 0, 90, '367.74', 367, '11.03', '7.35', '367.74', '399.00', '0.00', 'RMB', '2015-12-14 13:48:50', '2015-12-14 13:59:49', NULL),
(18, '151214788960021', 1, 12, 12, 'refunded', 1, '0', '1', '', '', 0, '0', '', '', '', '0.00', 0, 100, '24.90', 24, '0.75', '0.50', '24.90', '24.90', '0.00', 'RMB', '2015-12-14 13:54:56', '2015-12-14 13:55:16', NULL),
(19, '151214797560022', 1, 12, 12, 'refunded', 2, '0', '1', '', '', 12, '01000007', '', '', '', '0.00', 0, 50, '311.55', 311, '9.35', '6.23', '311.55', '511.80', '0.00', 'RMB', '2015-12-14 14:09:16', '2015-12-14 14:09:51', NULL),
(20, '151214804950023', 1, 12, 12, 'finished', 2, '0', '0', '', '', 12, '01000007', '', '', '', '0.00', 0, 50, '14.00', 14, '0.42', '0.28', '14.00', '28.00', '0.00', 'RMB', '2015-12-14 14:21:35', '2015-12-14 14:21:35', NULL),
(21, '151214809970024', 1, 12, 12, 'finished', 2, '0', '0', '', '', 12, '01000007', '', '', '', '0.00', 0, 100, '28.00', 28, '0.84', '0.56', '28.00', '28.00', '0.00', 'RMB', '2015-12-14 14:29:57', '2015-12-14 14:29:57', NULL),
(22, '151214813540025', 1, 12, 12, 'refunded', 1, '0', '1', '', '', 0, '0', '', '', '', '0.00', 0, 50, '38.90', 38, '1.17', '0.78', '38.90', '77.80', '0.00', 'RMB', '2015-12-14 14:35:54', '2015-12-14 14:37:03', NULL),
(23, '151214819480026', 1, 12, 12, 'finished', 1, '0', '0', '', '', 0, '0', '', '', '', '0.00', 0, 85, '37.23', 37, '1.12', '0.74', '37.23', '43.80', '0.00', 'RMB', '2015-12-14 14:45:48', '2015-12-14 14:45:48', NULL),
(24, '151215533150001', 1, 1, 1, 'finished', 4, '0', '0', '', '', 14, '01000009', '', '', '', '0.00', 0, 100, '20.00', 20, '0.60', '0.40', '20.00', '20.00', '0.00', 'RMB', '2015-12-15 06:48:35', '2015-12-15 06:48:35', NULL),
(25, '151215533580002', 2, 2, 2, 'finished', 1, '0', '0', '', '', 0, '0', '', '', '', '0.00', 0, 100, '49.00', 49, '1.47', '0.98', '49.00', '49.00', '0.00', 'RMB', '2015-12-15 06:49:18', '2015-12-15 06:49:18', NULL),
(26, '151215533780003', 1, 1, 1, 'finished', 2, '0', '0', '', '', 14, '01000009', '', '', '', '0.00', 0, 85, '91.92', 91, '2.76', '1.84', '91.92', '100.90', '0.00', 'RMB', '2015-12-15 06:49:38', '2015-12-15 06:49:38', NULL),
(27, '151215533880004', 1, 2, 2, 'finished', 1, '0', '0', '', '', 0, '0', '', '', '', '0.00', 0, 100, '113.50', 113, '3.41', '2.27', '113.50', '113.50', '0.00', 'RMB', '2015-12-15 06:49:48', '2015-12-15 06:49:48', NULL),
(28, '151215534260005', 1, 2, 2, 'finished', 1, '0', '0', '', '', 0, '0', '', '', '', '0.00', 0, 100, '80.90', 80, '2.43', '1.62', '80.90', '80.90', '0.00', 'RMB', '2015-12-15 06:50:26', '2015-12-15 06:50:26', NULL),
(29, '151215542640006', 1, 2, 2, 'finished', 1, '0', '0', '', '', 0, '0', '', '', '', '0.00', 0, 60, '106.28', 106, '3.19', '2.13', '106.28', '128.00', '0.00', 'RMB', '2015-12-15 07:04:24', '2015-12-15 07:04:24', NULL),
(30, '151215582510007', 1, 1, 1, 'refunded', 1, '0', '1', '', '', 0, '0', '', '', '', '0.00', 0, 100, '56.00', 56, '1.68', '1.12', '56.00', '56.00', '0.00', 'RMB', '2015-12-15 08:10:51', '2015-12-15 08:21:51', NULL),
(31, '151215582760008', 1, 1, 1, 'refunded', 2, '0', '1', '', '', 12, '01000007', '', '', '', '0.00', 0, 100, '56.00', 56, '1.68', '1.12', '56.00', '56.00', '0.00', 'RMB', '2015-12-15 08:11:16', '2015-12-15 08:21:39', NULL),
(32, '151215583040009', 1, 1, 1, 'refunded', 1, '0', '1', '', '', 12, '01000007', '', '', '', '0.00', 0, 100, '56.00', 56, '1.68', '1.12', '56.00', '56.00', '0.00', 'RMB', '2015-12-15 08:11:44', '2015-12-15 08:20:37', NULL),
(33, '151215587410010', 1, 1, 1, 'finished', 4, '0', '0', '', '', 12, '01000007', '', '', '', '0.00', 0, 100, '20.00', 20, '0.60', '0.40', '20.00', '20.00', '0.00', 'RMB', '2015-12-15 08:19:01', '2015-12-15 08:19:01', NULL),
(34, '151215587510011', 1, 1, 1, 'refunded', 4, '0', '1', '', '', 12, '01000007', '', '', '', '0.00', 0, 100, '20.00', 20, '0.60', '0.40', '20.00', '20.00', '0.00', 'RMB', '2015-12-15 08:19:11', '2015-12-15 08:19:36', NULL),
(35, '151215592810012', 1, 1, 1, 'finished', 2, '0', '0', '', '', 14, '01000009', '', '', '', '0.00', 0, 60, '316.00', 316, '9.48', '6.32', '316.00', '482.40', '0.00', 'RMB', '2015-12-15 08:28:01', '2015-12-15 08:28:01', NULL),
(36, '151215621980013', 1, 1, 1, 'finished', 4, '0', '0', '', '', 1, '1000001', '', '', '', '0.00', 0, 100, '28.00', 28, '0.84', '0.56', '28.00', '28.00', '0.00', 'RMB', '2015-12-15 09:16:38', '2015-12-15 09:16:38', NULL),
(37, '151215622340014', 1, 1, 1, 'finished', 4, '0', '0', '', '', 1, '1000001', '', '', '', '0.00', 0, 100, '28.00', 28, '0.84', '0.56', '28.00', '28.00', '0.00', 'RMB', '2015-12-15 09:17:14', '2015-12-15 09:17:14', NULL),
(38, '151215622370015', 1, 1, 1, 'finished', 4, '0', '0', '', '', 1, '1000001', '', '', '', '0.00', 0, 100, '20.00', 20, '0.60', '0.40', '20.00', '20.00', '0.00', 'RMB', '2015-12-15 09:17:17', '2015-12-15 09:17:17', NULL),
(39, '151215622410016', 1, 1, 1, 'finished', 4, '0', '0', '', '', 1, '1000001', '', '', '', '0.00', 0, 100, '20.00', 20, '0.60', '0.40', '20.00', '20.00', '0.00', 'RMB', '2015-12-15 09:17:21', '2015-12-15 09:17:21', NULL),
(40, '151215631020017', 1, 12, 12, 'refunded', 4, '0', '1', '', '', 12, '01000007', '', '', '', '0.00', 0, 100, '20.00', 20, '0.60', '0.40', '20.00', '20.00', '0.00', 'RMB', '2015-12-15 09:31:42', '2015-12-15 09:31:57', NULL),
(41, '151215632070018', 1, 12, 12, 'refunded', 2, '0', '1', '', '', 12, '01000007', '', '', '', '0.00', 0, 100, '28.00', 28, '0.84', '0.56', '28.00', '28.00', '0.00', 'RMB', '2015-12-15 09:33:27', '2015-12-15 09:33:47', NULL),
(42, '151215810740019', 1, 1, 1, 'finished', 1, '0', '0', '', '', 0, '0', '', '', '', '0.00', 0, 100, '80.00', 80, '2.40', '1.60', '80.00', '80.00', '0.00', 'RMB', '2015-12-15 14:31:14', '2015-12-15 14:31:14', NULL),
(43, '151215827920020', 1, 1, 1, 'finished', 2, '0', '0', '', '', 14, '01000009', '', '', '', '0.00', 0, 65, '144.57', 144, '4.34', '2.89', '144.57', '195.60', '0.00', 'RMB', '2015-12-15 14:59:52', '2015-12-15 14:59:52', NULL),
(44, '151216574260001', 1, 1, 1, 'refunded', 4, '0', '1', '', '', 1, '1000001', '', '', '', '0.00', 0, 100, '28.00', 28, '0.84', '0.56', '28.00', '28.00', '0.00', 'RMB', '2015-12-16 07:57:06', '2015-12-16 07:57:20', NULL),
(45, '151216574620002', 1, 1, 1, 'refunded', 4, '0', '1', '', '', 1, '1000001', '', '', '', '0.00', 0, 100, '28.00', 28, '0.84', '0.56', '28.00', '28.00', '0.00', 'RMB', '2015-12-16 07:57:42', '2015-12-16 07:57:55', NULL),
(46, '151216574650003', 1, 1, 1, 'refunded', 4, '0', '1', '', '', 1, '1000001', '', '', '', '0.00', 0, 100, '28.00', 28, '0.84', '0.56', '28.00', '28.00', '0.00', 'RMB', '2015-12-16 07:57:45', '2015-12-16 08:02:57', NULL),
(47, '151216575180004', 1, 1, 1, 'refunded', 2, '0', '1', '', '', 1, '1000001', '', '', '', '0.00', 0, 100, '144.00', 144, '4.32', '2.88', '144.00', '144.00', '0.00', 'RMB', '2015-12-16 07:58:38', '2015-12-16 07:59:08', NULL),
(48, '151216575710005', 1, 12, 12, 'refunded', 2, '0', '1', '', '0471-9510-9768', 23, '01000010', '', '', '', '0.00', 0, 68, '13.33', 13, '0.40', '0.27', '13.33', '19.60', '0.00', 'RMB', '2015-12-16 07:59:31', '2015-12-16 13:23:39', NULL),
(49, '151216576220006', 1, 1, 1, 'refunded', 2, '0', '1', '', '', 1, '1000001', '', '', '', '0.00', 0, 100, '66.80', 66, '2.00', '1.34', '66.80', '66.80', '0.00', 'RMB', '2015-12-16 08:00:22', '2015-12-16 08:01:22', NULL),
(50, '151216579060007', 1, 12, 12, 'refunded', 1, '0', '1', '', '6125-7590-4928', 23, '01000010', '', '', '', '0.00', 0, 55, '30.80', 30, '0.92', '0.62', '30.80', '56.00', '0.00', 'RMB', '2015-12-16 08:05:06', '2015-12-16 14:09:49', NULL),
(51, '151216621750008', 1, 12, 12, 'refunded', 2, '0', '1', '', '', 23, '01000010', '', '', '', '0.00', 0, 100, '56.00', 56, '1.68', '1.12', '56.00', '56.00', '0.00', 'RMB', '2015-12-16 09:16:15', '2015-12-16 09:18:06', NULL),
(52, '151216621850009', 1, 12, 12, 'refunded', 1, '0', '1', '', '', 0, '0', '', '', '', '0.00', 0, 100, '56.00', 56, '1.68', '1.12', '56.00', '56.00', '0.00', 'RMB', '2015-12-16 09:16:25', '2015-12-16 09:17:55', NULL),
(53, '151216622130010', 1, 12, 12, 'finished', 4, '0', '0', '', '', 12, '01000007', '', '', '', '0.00', 0, 100, '20.00', 20, '0.60', '0.40', '20.00', '20.00', '0.00', 'RMB', '2015-12-16 09:16:53', '2015-12-16 09:16:53', NULL),
(54, '151216622180011', 1, 12, 12, 'refunded', 4, '0', '1', '', '', 12, '01000007', '', '', '', '0.00', 0, 100, '20.00', 20, '0.60', '0.40', '20.00', '20.00', '0.00', 'RMB', '2015-12-16 09:16:58', '2015-12-16 09:17:46', NULL),
(55, '151216625790012', 1, 12, 12, 'refunded', 2, '0', '1', '', '', 23, '01000010', '', '', '', '0.00', 0, 80, '30.16', 30, '0.90', '0.60', '30.16', '37.70', '0.00', 'RMB', '2015-12-16 09:22:59', '2015-12-16 09:23:34', NULL),
(56, '151216627030013', 1, 12, 12, 'refunded', 4, '0', '1', '', '', 12, '01000007', '', '', '', '0.00', 0, 100, '20.00', 20, '0.60', '0.40', '20.00', '20.00', '0.00', 'RMB', '2015-12-16 09:25:03', '2015-12-16 09:25:32', NULL),
(57, '151216650020014', 1, 12, 12, 'refunded', 2, '0', '1', '', '', 12, '01000007', '', '', '', '0.00', 0, 100, '42.00', 42, '1.26', '0.84', '42.00', '42.00', '0.00', 'RMB', '2015-12-16 10:03:22', '2015-12-16 13:24:25', NULL),
(58, '151216650290015', 1, 12, 12, 'finished', 1, '0', '0', '', '', 0, '0', '', '', '', '0.00', 0, 100, '42.00', 42, '1.26', '0.84', '42.00', '42.00', '0.00', 'RMB', '2015-12-16 10:03:49', '2015-12-16 10:03:49', NULL),
(59, '151216777010016', 1, 1, 1, 'refunded', 4, '0', '1', '', '', 24, '01000011', '', '', '', '0.00', 0, 100, '28.00', 28, '0.84', '0.56', '28.00', '28.00', '0.00', 'RMB', '2015-12-16 13:35:01', '2015-12-16 13:36:42', NULL),
(60, '151216799460017', 1, 1, 1, 'refunded', 1, '0', '1', '', '', 0, '0', '', '', '', '0.00', 0, 100, '438.60', 438, '13.16', '8.77', '438.60', '438.60', '0.00', 'RMB', '2015-12-16 14:12:26', '2015-12-16 14:14:01', NULL),
(61, '151216801050018', 1, 1, 1, 'refunded', 1, '0', '1', '', '', 0, '0', '', '', '', '0.00', 0, 100, '8.80', 8, '0.26', '0.18', '8.80', '8.80', '0.00', 'RMB', '2015-12-16 14:15:05', '2015-12-16 14:17:38', NULL),
(62, '151217386310001', 1, 1, 1, 'refunded', 2, '0', '1', '', '', 1, '1000001', '', '', '', '0.00', 0, 100, '112.20', 112, '3.37', '2.24', '112.20', '112.20', '0.00', 'RMB', '2015-12-17 02:43:51', '2015-12-17 03:11:00', NULL),
(63, '151217401960002', 1, 1, 1, 'refunded', 2, '0', '1', '', '', 1, '1000001', '', '', '', '0.00', 0, 95, '188.60', 188, '5.66', '3.77', '188.60', '195.70', '0.00', 'RMB', '2015-12-17 03:09:56', '2015-12-17 03:11:19', NULL),
(64, '151217403090003', 1, 12, 12, 'refunded', 2, '0', '1', '', '', 1, '1000001', '', '', '', '0.00', 0, 100, '107.00', 107, '3.21', '2.14', '107.00', '107.00', '0.00', 'RMB', '2015-12-17 03:11:49', '2015-12-17 03:12:35', NULL),
(65, '151217403290004', 1, 12, 12, 'finished', 2, '0', '0', '', '', 1, '1000001', '', '', '', '0.00', 0, 95, '160.00', 160, '4.80', '3.20', '160.00', '160.00', '0.00', 'RMB', '2015-12-17 03:12:09', '2015-12-17 03:12:09', NULL),
(66, '151217500050005', 1, 1, 1, 'finished', 2, '0', '0', '', '2783-4911-2695', 1, '1000001', '', '', '', '0.00', 0, 86, '70.70', 70, '2.12', '1.41', '70.70', '74.90', '0.00', 'RMB', '2015-12-17 05:53:25', '2015-12-17 05:53:25', NULL),
(67, '151218373880001', 1, 12, 12, 'refunded', 4, '0', '1', '', '', 12, '01000007', '', '', '', '0.00', 0, 100, '20.00', 20, '0.60', '0.40', '20.00', '20.00', '0.00', 'RMB', '2015-12-18 02:23:08', '2015-12-18 02:23:27', NULL),
(68, '151218374580002', 1, 12, 12, 'refunded', 2, '0', '1', '', '', 12, '01000007', '', '', '', '0.00', 0, 100, '30.00', 30, '0.90', '0.60', '30.00', '30.00', '0.00', 'RMB', '2015-12-18 02:24:18', '2015-12-18 02:24:49', NULL),
(69, '151218375270003', 1, 12, 12, 'refunded', 1, '0', '1', '', '', 12, '01000007', '', '', '', '0.00', 0, 100, '30.00', 30, '0.90', '0.60', '30.00', '30.00', '0.00', 'RMB', '2015-12-18 02:25:27', '2015-12-18 02:25:50', NULL),
(70, '151218481130004', 1, 12, 12, 'finished', 4, '0', '0', '', '', 25, '01000012', '', '', '', '0.00', 0, 100, '20.00', 20, '0.60', '0.40', '20.00', '20.00', '0.00', 'RMB', '2015-12-18 05:21:53', '2015-12-18 05:21:53', NULL),
(71, '151218501400005', 1, 12, 12, 'refunded', 1, '0', '1', '', '', 0, '0', '', '', '', '0.00', 0, 75, '196.28', 196, '5.89', '3.93', '196.28', '261.70', '0.00', 'RMB', '2015-12-18 05:55:40', '2015-12-18 06:19:58', NULL),
(72, '151218508430006', 1, 12, 12, 'refunded', 1, '0', '1', '', '', 0, '0', '', '', '', '0.00', 0, 100, '56.00', 56, '1.68', '1.12', '56.00', '56.00', '0.00', 'RMB', '2015-12-18 06:07:23', '2015-12-18 06:37:45', NULL),
(73, '151218508820007', 1, 12, 12, 'finished', 2, '0', '0', '', '', 12, '01000007', '', '', '', '0.00', 0, 70, '60.20', 60, '1.81', '1.20', '60.20', '77.00', '0.00', 'RMB', '2015-12-18 06:08:02', '2015-12-18 06:08:02', NULL),
(74, '151218561270008', 1, 12, 12, 'finished', 1, '0', '0', '', '', 0, '0', '', '', '', '0.00', 0, 100, '9.70', 9, '0.29', '0.19', '9.70', '9.70', '0.00', 'RMB', '2015-12-18 07:35:27', '2015-12-18 07:35:27', NULL),
(75, '151218564090009', 1, 12, 12, 'finished', 2, '0', '0', '', '', 12, '01000007', '', '', '', '0.00', 0, 100, '9.70', 9, '0.29', '0.19', '9.70', '9.70', '0.00', 'RMB', '2015-12-18 07:40:09', '2015-12-18 07:40:09', NULL),
(76, '151218613780010', 1, 12, 12, 'refunded', 1, '0', '1', '', '', 0, '0', '', '', '', '0.00', 0, 80, '40.00', 40, '1.20', '0.80', '40.00', '50.00', '0.00', 'RMB', '2015-12-18 09:02:58', '2015-12-18 09:13:23', NULL),
(77, '151218614460011', 1, 12, 12, 'refunded', 1, '0', '1', '', '', 26, '01000013', '', '', '', '0.00', 0, 80, '40.00', 40, '1.20', '0.80', '40.00', '50.00', '0.00', 'RMB', '2015-12-18 09:04:06', '2015-12-18 09:12:32', NULL),
(78, '151218615060012', 1, 12, 12, 'refunded', 2, '0', '1', '', '', 26, '01000013', '', '', '', '0.00', 0, 80, '40.00', 40, '1.20', '0.80', '40.00', '50.00', '0.00', 'RMB', '2015-12-18 09:05:06', '2015-12-18 09:11:51', NULL),
(79, '151218617320013', 1, 12, 12, 'refunded', 4, '0', '1', '', '', 26, '01000013', '', '', '', '0.00', 0, 100, '20.00', 20, '0.60', '0.40', '20.00', '20.00', '0.00', 'RMB', '2015-12-18 09:08:52', '2015-12-18 09:10:24', NULL),
(80, '151218621800014', 1, 1, 1, 'refunded', 1, '0', '1', '', '', 0, '0', '', '', '', '0.00', 0, 80, '40.00', 40, '1.20', '0.80', '40.00', '50.00', '0.00', 'RMB', '2015-12-18 09:16:20', '2015-12-18 09:19:12', NULL),
(81, '151218622220015', 1, 1, 1, 'refunded', 1, '0', '1', '', '', 26, '01000013', '', '', '', '0.00', 0, 80, '40.00', 40, '1.20', '0.80', '40.00', '50.00', '0.00', 'RMB', '2015-12-18 09:17:02', '2015-12-18 09:19:17', NULL),
(82, '151218622400016', 1, 1, 1, 'refunded', 2, '0', '1', '', '', 26, '01000013', '', '', '', '0.00', 0, 80, '40.00', 40, '1.20', '0.80', '40.00', '50.00', '0.00', 'RMB', '2015-12-18 09:17:20', '2015-12-18 09:19:21', NULL),
(83, '151218622520017', 1, 1, 1, 'refunded', 4, '0', '1', '', '', 26, '01000013', '', '', '', '0.00', 0, 100, '20.00', 20, '0.60', '0.40', '20.00', '20.00', '0.00', 'RMB', '2015-12-18 09:17:32', '2015-12-18 09:19:45', NULL),
(84, '151218624790018', 1, 12, 12, 'refunded', 1, '0', '1', '', '', 0, '0', '', '', '', '0.00', 0, 80, '40.00', 40, '1.20', '0.80', '40.00', '50.00', '0.00', 'RMB', '2015-12-18 09:21:19', '2015-12-18 09:23:31', NULL),
(85, '151218624950019', 1, 12, 12, 'refunded', 4, '0', '1', '', '', 26, '01000013', '', '', '', '0.00', 0, 100, '20.00', 20, '0.60', '0.40', '20.00', '20.00', '0.00', 'RMB', '2015-12-18 09:21:35', '2015-12-18 09:23:35', NULL),
(86, '151218625150020', 1, 12, 12, 'refunded', 1, '0', '1', '', '', 26, '01000013', '', '', '', '0.00', 0, 80, '40.00', 40, '1.20', '0.80', '40.00', '50.00', '0.00', 'RMB', '2015-12-18 09:21:55', '2015-12-18 09:23:38', NULL),
(87, '151218625460021', 1, 12, 12, 'refunded', 2, '0', '1', '', '', 26, '01000013', '', '', '', '0.00', 0, 80, '40.00', 40, '1.20', '0.80', '40.00', '50.00', '0.00', 'RMB', '2015-12-18 09:22:26', '2015-12-18 09:23:42', NULL),
(88, '151219640990001', 1, 2, 2, 'finished', 1, '0', '0', '', '', 0, '0', '', '', '', '0.00', 0, 100, '50.80', 50, '1.52', '1.02', '50.80', '50.80', '0.00', 'RMB', '2015-12-19 09:48:19', '2015-12-19 09:48:19', NULL),
(89, '151222746080001', 1, 12, 12, 'finished', 2, '0', '0', '', '', 23, '01000010', '', '', '', '0.00', 0, 85, '49.98', 49, '1.50', '1.00', '49.98', '58.80', '0.00', 'RMB', '2015-12-22 12:43:28', '2015-12-22 12:43:28', NULL),
(90, '151222746430002', 1, 12, 12, 'finished', 2, '0', '0', '', '', 23, '01000010', '', '', '', '0.00', 0, 95, '46.65', 46, '1.40', '0.93', '46.65', '49.10', '0.00', 'RMB', '2015-12-22 12:44:03', '2015-12-22 12:44:03', NULL),
(91, '151222746810003', 1, 12, 12, 'finished', 1, '0', '0', '', '', 0, '0', '', '', '', '0.00', 0, 100, '9.70', 9, '0.29', '0.19', '9.70', '9.70', '0.00', 'RMB', '2015-12-22 12:44:41', '2015-12-22 12:44:41', NULL),
(92, '151222747910004', 1, 12, 12, 'finished', 1, '0', '0', '', '', 23, '01000010', '', '', '', '0.00', 0, 100, '9.70', 9, '0.29', '0.19', '9.70', '9.70', '0.00', 'RMB', '2015-12-22 12:46:31', '2015-12-22 12:46:31', NULL),
(93, '151224741140001', 1, 12, 12, 'refunded', 1, '0', '1', '', '', 0, '0', '', '', '', '0.00', 0, 85, '38.65', 38, '1.16', '0.77', '38.65', '44.30', '0.00', 'RMB', '2015-12-24 12:35:14', '2015-12-24 12:41:45', NULL),
(94, '151224741670002', 1, 12, 12, 'refunded', 2, '0', '1', '', '', 23, '01000010', '', '', '', '0.00', 0, 80, '43.40', 43, '1.30', '0.87', '43.40', '49.00', '0.00', 'RMB', '2015-12-24 12:36:07', '2015-12-24 12:41:49', NULL),
(95, '151224741870003', 1, 12, 12, 'refunded', 1, '0', '1', '', '', 23, '01000010', '', '', '', '0.00', 0, 100, '28.00', 28, '0.84', '0.56', '28.00', '28.00', '0.00', 'RMB', '2015-12-24 12:36:27', '2015-12-24 12:41:52', NULL),
(96, '151224745370004', 1, 12, 12, 'refunded', 1, '0', '1', '', '', 0, '0', '', '', '', '0.00', 0, 100, '72.00', 72, '2.16', '1.44', '72.00', '72.00', '0.00', 'RMB', '2015-12-24 12:42:17', '2015-12-24 12:50:06', NULL),
(97, '151224748280019', 1, 12, 12, 'refunded', 1, '0', '1', '', '', 0, '0', '', '', '', '0.00', 0, 100, '6.60', 6, '0.20', '0.13', '6.60', '6.60', '0.00', 'RMB', '2015-12-24 12:47:08', '2015-12-24 12:50:09', NULL),
(98, '151224748390020', 1, 12, 12, 'refunded', 1, '0', '1', '', '', 0, '0', '', '', '', '0.00', 0, 100, '41.70', 41, '1.25', '0.83', '41.70', '41.70', '0.00', 'RMB', '2015-12-24 12:47:19', '2015-12-24 12:50:12', NULL),
(99, '151224748530021', 1, 12, 12, 'refunded', 1, '0', '1', '', '', 0, '0', '', '', '', '0.00', 0, 100, '41.70', 41, '1.25', '0.83', '41.70', '41.70', '0.00', 'RMB', '2015-12-24 12:47:33', '2015-12-24 12:52:58', NULL),
(100, '151224748910022', 1, 12, 12, 'refunded', 1, '0', '1', '', '', 0, '0', '', '', '', '0.00', 0, 100, '52.00', 52, '1.56', '1.04', '52.00', '52.00', '0.00', 'RMB', '2015-12-24 12:48:11', '2015-12-24 12:53:03', NULL),
(101, '151224749150023', 1, 12, 12, 'refunded', 1, '0', '1', '', '', 0, '0', '', '', '', '0.00', 0, 100, '34.80', 34, '1.04', '0.70', '34.80', '34.80', '0.00', 'RMB', '2015-12-24 12:48:35', '2015-12-24 12:53:08', NULL),
(102, '151224749360024', 1, 12, 12, 'finished', 1, '0', '0', '', '', 0, '0', '', '', '', '0.00', 0, 100, '41.70', 41, '1.25', '0.83', '41.70', '41.70', '0.00', 'RMB', '2015-12-24 12:48:56', '2015-12-24 12:48:56', NULL),
(103, '151224749480025', 1, 12, 12, 'finished', 1, '0', '0', '', '', 0, '0', '', '', '', '0.00', 0, 80, '36.10', 36, '1.08', '0.72', '36.10', '41.70', '0.00', 'RMB', '2015-12-24 12:49:08', '2015-12-24 12:49:08', NULL),
(104, '151224750270026', 1, 12, 12, 'finished', 1, '0', '0', '', '', 0, '0', '', '', '', '0.00', 0, 80, '72.20', 72, '2.17', '1.44', '72.20', '83.40', '0.00', 'RMB', '2015-12-24 12:50:27', '2015-12-24 12:50:27', NULL),
(105, '151224750400027', 1, 12, 12, 'finished', 1, '0', '0', '', '', 0, '0', '', '', '', '0.00', 0, 60, '44.60', 44, '1.34', '0.89', '44.60', '55.80', '0.00', 'RMB', '2015-12-24 12:50:40', '2015-12-24 12:50:40', NULL),
(106, '151224751710028', 1, 12, 12, 'finished', 1, '0', '0', '', '', 0, '0', '', '', '', '0.00', 0, 60, '30.50', 30, '0.92', '0.61', '30.50', '41.70', '0.00', 'RMB', '2015-12-24 12:52:51', '2015-12-24 12:52:51', NULL),
(107, '151224756420045', 1, 12, 12, 'finished', 1, '0', '0', '', '', 0, '0', '', '', '', '0.00', 0, 60, '6.80', 6, '0.20', '0.14', '6.80', '6.80', '0.00', 'RMB', '2015-12-24 13:00:42', '2015-12-24 13:00:42', NULL),
(108, '151224756950047', 1, 12, 12, 'finished', 1, '0', '0', '', '', 0, '0', '', '', '', '0.00', 0, 80, '44.80', 44, '1.34', '0.90', '44.80', '56.00', '0.00', 'RMB', '2015-12-24 13:01:35', '2015-12-24 13:01:35', NULL),
(109, '151224757070048', 1, 12, 12, 'finished', 1, '0', '0', '', '', 0, '0', '', '', '', '0.00', 0, 60, '16.80', 16, '0.50', '0.34', '16.80', '28.00', '0.00', 'RMB', '2015-12-24 13:01:47', '2015-12-24 13:01:47', NULL),
(110, '151224757450050', 1, 12, 12, 'finished', 1, '0', '0', '', '', 0, '0', '', '', '', '0.00', 0, 60, '16.80', 16, '0.50', '0.34', '16.80', '28.00', '0.00', 'RMB', '2015-12-24 13:02:25', '2015-12-24 13:02:25', NULL),
(111, '151224758990057', 1, 12, 12, 'finished', 1, '0', '0', '', '', 0, '0', '', '', '', '0.00', 0, 60, '32.00', 32, '0.96', '0.64', '32.00', '32.00', '0.00', 'RMB', '2015-12-24 13:04:59', '2015-12-24 13:04:59', NULL),
(112, '151224759980058', 1, 12, 12, 'finished', 4, '0', '0', '', '', 12, '01000007', '', '', '', '0.00', 0, 100, '20.00', 20, '0.60', '0.40', '20.00', '20.00', '0.00', 'RMB', '2015-12-24 13:06:38', '2015-12-24 13:06:38', NULL),
(113, '151224760020059', 1, 12, 12, 'finished', 4, '0', '0', '', '', 12, '01000007', '', '', '', '0.00', 0, 100, '20.00', 20, '0.60', '0.40', '20.00', '20.00', '0.00', 'RMB', '2015-12-24 13:06:42', '2015-12-24 13:06:42', NULL),
(114, '151224760290060', 1, 12, 12, 'refunded', 4, '0', '1', '', '', 12, '01000007', '', '', '', '0.00', 0, 100, '60.00', 60, '1.80', '1.20', '60.00', '60.00', '0.00', 'RMB', '2015-12-24 13:07:09', '2015-12-24 13:21:24', NULL),
(115, '151224763820062', 1, 12, 12, 'finished', 1, '0', '0', '', '', 27, '01000014', '', '', '', '0.00', 0, 100, '6.80', 6, '0.20', '0.14', '6.80', '6.80', '0.00', 'RMB', '2015-12-24 13:13:02', '2015-12-24 13:13:02', NULL),
(116, '151224768430063', 1, 12, 12, 'finished', 1, '0', '0', '', '', 0, '0', '', '', '', '0.00', 0, 100, '8.00', 8, '0.24', '0.16', '8.00', '8.00', '0.00', 'RMB', '2015-12-24 13:20:43', '2015-12-24 13:20:43', NULL),
(117, '151224777370064', 1, 12, 12, 'finished', 1, '0', '0', '', '', 0, '0', '', '', '', '0.00', 0, 60, '169.16', 169, '5.07', '3.38', '169.16', '237.20', '0.00', 'RMB', '2015-12-24 13:35:37', '2015-12-24 13:35:37', NULL),
(118, '151224777570065', 1, 1, 1, 'finished', 1, '0', '0', '', '1917-2846-6205', 0, '0', '', '', '', '0.00', 0, 95, '111.08', 111, '3.33', '2.22', '111.08', '114.10', '0.00', 'RMB', '2015-12-24 13:35:57', '2015-12-24 13:35:57', NULL),
(119, '151224780270066', 1, 12, 12, 'finished', 1, '0', '0', '', '2173-0956-7241', 0, '0', '', '', '', '0.00', 0, 95, '26.60', 26, '0.80', '0.53', '26.60', '28.00', '0.00', 'RMB', '2015-12-24 13:40:27', '2015-12-24 13:40:27', NULL),
(120, '151224782160067', 1, 12, 12, 'finished', 1, '0', '0', '', '5437-9301-2471', 0, '0', '', '', '', '0.00', 0, 95, '26.60', 26, '0.80', '0.53', '26.60', '28.00', '0.00', 'RMB', '2015-12-24 13:43:36', '2015-12-24 13:43:36', NULL),
(121, '151224783950068', 1, 12, 12, 'finished', 1, '0', '0', '', '5951-9460-8702', 0, '0', '', '', '', '0.00', 0, 95, '64.28', 64, '1.93', '1.29', '64.28', '67.30', '0.00', 'RMB', '2015-12-24 13:46:35', '2015-12-24 13:46:35', NULL),
(122, '151224784700069', 1, 12, 12, 'refunded', 1, '0', '1', '', '5744-3503-6091', 0, '0', '', '', '', '0.00', 0, 95, '26.60', 26, '0.80', '0.53', '26.60', '28.00', '0.00', 'RMB', '2015-12-24 13:47:50', '2015-12-24 13:49:01', NULL),
(123, '151224789560070', 1, 12, 12, 'finished', 1, '0', '0', '', '2106-3989-8534', 0, '0', '', '', '', '0.00', 0, 95, '53.20', 53, '1.60', '1.06', '53.20', '56.00', '0.00', 'RMB', '2015-12-24 13:55:56', '2015-12-24 13:55:56', NULL),
(124, '151225377260002', 1, 1, 1, 'finished', 2, '0', '0', '', '', 23, '01000010', '', '', '', '0.00', 0, 100, '40.00', 40, '1.20', '0.80', '40.00', '40.00', '0.00', 'RMB', '2015-12-25 02:28:46', '2015-12-25 02:28:46', NULL),
(125, '151225396250006', 1, 1, 1, 'finished', 1, '0', '0', '', '', 1, '1000001', '', '', '', '0.00', 0, 100, '50.00', 50, '1.50', '1.00', '50.00', '50.00', '0.00', 'RMB', '2015-12-25 03:00:25', '2015-12-25 03:00:25', NULL),
(126, '151225396480007', 1, 1, 1, 'finished', 1, '0', '0', '', '', 1, '1000001', '', '', '', '0.00', 0, 100, '124.90', 124, '3.75', '2.50', '124.90', '124.90', '0.00', 'RMB', '2015-12-25 03:00:48', '2015-12-25 03:00:48', NULL),
(127, '151225397370008', 1, 1, 1, 'finished', 1, '0', '0', '', '', 0, '0', '', '', '', '0.00', 0, 100, '69.80', 69, '2.09', '1.40', '69.80', '69.80', '0.00', 'RMB', '2015-12-25 03:02:17', '2015-12-25 03:02:17', NULL),
(128, '151225398670009', 1, 1, 1, 'finished', 1, '0', '0', '', '', 0, '0', '', '', '', '0.00', 0, 100, '40.00', 40, '1.20', '0.80', '40.00', '40.00', '0.00', 'RMB', '2015-12-25 03:04:27', '2015-12-25 03:04:27', NULL),
(129, '151225401600010', 1, 1, 1, 'finished', 1, '0', '0', '', '', 0, '0', '', '', '', '0.00', 0, 100, '30.00', 30, '0.90', '0.60', '30.00', '30.00', '0.00', 'RMB', '2015-12-25 03:09:20', '2015-12-25 03:09:20', NULL),
(130, '151225406270011', 1, 12, 12, 'finished', 1, '0', '0', '', '', 0, '0', '', '', '', '0.00', 0, 100, '10.00', 10, '0.30', '0.20', '10.00', '10.00', '0.00', 'RMB', '2015-12-25 03:17:07', '2015-12-25 03:17:07', NULL),
(131, '151225406800012', 1, 1, 1, 'finished', 1, '0', '0', '', '', 0, '0', '', '', '', '0.00', 0, 70, '31.90', 31, '0.96', '0.64', '31.90', '34.90', '0.00', 'RMB', '2015-12-25 03:18:00', '2015-12-25 03:18:00', NULL),
(132, '151225791120013', 1, 12, 12, 'finished', 1, '0', '0', '', '', 0, '0', '', '', '', '0.00', 0, 100, '30.00', 0, '0.90', '0.60', '30.00', '30.00', '0.00', 'RMB', '2015-12-25 13:58:32', '2015-12-25 13:58:32', NULL),
(133, '151225791530014', 1, 1, 1, 'finished', 1, '0', '0', '', '', 0, '0', '', '', '', '0.00', 0, 100, '60.00', 0, '1.80', '1.20', '60.00', '60.00', '0.00', 'RMB', '2015-12-25 13:59:13', '2015-12-25 13:59:13', NULL),
(134, '151225791850015', 1, 12, 12, 'finished', 1, '0', '0', '', '', 0, '0', '', '', '', '0.00', 0, 100, '40.00', 0, '1.20', '0.80', '40.00', '40.00', '0.00', 'RMB', '2015-12-25 13:59:45', '2015-12-25 13:59:45', NULL),
(135, '151225792610016', 1, 12, 12, 'finished', 1, '0', '0', '', '', 0, '0', '', '', '', '0.00', 0, 100, '10.00', 0, '0.30', '0.20', '10.00', '10.00', '0.00', 'RMB', '2015-12-25 14:01:01', '2015-12-25 14:01:01', NULL),
(136, '151225792980017', 1, 1, 1, 'finished', 1, '0', '0', '', '', 0, '0', '', '', '', '0.00', 0, 100, '10.00', 0, '0.30', '0.20', '10.00', '10.00', '0.00', 'RMB', '2015-12-25 14:01:38', '2015-12-25 14:01:38', NULL),
(137, '151225804320018', 1, 12, 12, 'finished', 1, '0', '0', '', '', 0, '0', '', '', '', '0.00', 0, 100, '10.00', 0, '0.30', '0.20', '10.00', '10.00', '0.00', 'RMB', '2015-12-25 14:20:32', '2015-12-25 14:20:32', NULL),
(138, '151225805090019', 1, 1, 1, 'finished', 1, '0', '0', '', '', 0, '0', '', '', '', '0.00', 0, 100, '10.00', 0, '0.30', '0.20', '10.00', '10.00', '0.00', 'RMB', '2015-12-25 14:21:49', '2015-12-25 14:21:49', NULL),
(139, '151226477330001', 1, 12, 12, 'finished', 1, '0', '0', '', '', 0, '0', '', '', '', '0.00', 0, 70, '19.60', 0, '0.59', '0.39', '19.60', '28.00', '0.00', 'RMB', '2015-12-26 05:15:33', '2015-12-26 05:15:33', NULL),
(140, '151226477630002', 1, 1, 1, 'finished', 1, '0', '0', '', '', 0, '0', '', '', '', '0.00', 0, 100, '28.00', 0, '0.84', '0.56', '28.00', '28.00', '0.00', 'RMB', '2015-12-26 05:16:03', '2015-12-26 05:16:03', NULL),
(141, '151226478890003', 1, 1, 1, 'finished', 1, '0', '0', '', '', 0, '0', '', '', '', '0.00', 0, 100, '40.00', 0, '1.20', '0.80', '40.00', '40.00', '0.00', 'RMB', '2015-12-26 05:18:09', '2015-12-26 05:18:09', NULL),
(142, '151226530960004', 1, 12, 12, 'refunded', 1, '0', '1', '', '', 0, '0', '', '', '', '0.00', 0, 100, '8.00', 0, '0.24', '0.16', '8.00', '8.00', '0.00', 'RMB', '2015-12-26 06:44:56', '2015-12-26 06:45:10', NULL),
(143, '151226544610005', 1, 12, 12, 'finished', 1, '0', '0', '', '', 0, '0', '', '', '', '0.00', 0, 100, '8.00', 0, '0.24', '0.16', '8.00', '8.00', '0.00', 'RMB', '2015-12-26 07:07:41', '2015-12-26 07:07:41', NULL),
(144, '151226544900006', 1, 12, 12, 'finished', 1, '0', '0', '', '', 0, '0', '', '', '', '0.00', 0, 100, '8.00', 0, '0.24', '0.16', '8.00', '8.00', '0.00', 'RMB', '2015-12-26 07:08:10', '2015-12-26 07:08:10', NULL),
(145, '151226808590007', 1, 12, 12, 'finished', 2, '0', '0', '', '', 23, '01000010', '', '', '', '0.00', 0, 100, '28.00', 0, '0.84', '0.56', '28.00', '28.00', '0.00', 'RMB', '2015-12-26 14:27:39', '2015-12-26 14:27:39', NULL),
(146, '151226809040008', 1, 12, 12, 'finished', 2, '0', '0', '', '', 23, '01000010', '', '', '', '0.00', 0, 100, '56.00', 28, '1.68', '1.12', '56.00', '56.00', '0.00', 'RMB', '2015-12-26 14:28:24', '2015-12-26 14:28:24', NULL),
(147, '151226809410009', 1, 12, 12, 'finished', 2, '0', '0', '', '', 23, '01000010', '', '', '', '0.00', 0, 100, '28.00', 14, '0.84', '0.56', '28.00', '28.00', '0.00', 'RMB', '2015-12-26 14:29:01', '2015-12-26 14:29:01', NULL),
(148, '151226809770010', 1, 12, 12, 'finished', 2, '0', '0', '', '', 23, '01000010', '', '', '', '0.00', 0, 100, '10.00', 5, '0.30', '0.20', '10.00', '10.00', '0.00', 'RMB', '2015-12-26 14:29:37', '2015-12-26 14:29:37', NULL),
(149, '151226810040011', 1, 12, 12, 'finished', 2, '0', '0', '', '', 23, '01000010', '', '', '', '0.00', 0, 100, '10.00', 5, '0.30', '0.20', '10.00', '10.00', '0.00', 'RMB', '2015-12-26 14:30:04', '2015-12-26 14:30:04', NULL),
(150, '151227428430001', 1, 1, 1, 'finished', 2, '0', '0', '', '', 23, '01000010', '', '', '', '0.00', 0, 100, '28.00', 0, '0.84', '0.56', '28.00', '28.00', '0.00', 'RMB', '2015-12-27 03:54:03', '2015-12-27 03:54:03', NULL),
(151, '151227513320002', 1, 12, 12, 'finished', 1, '0', '0', '', '', 0, '0', '', '', '', '0.00', 0, 100, '13.80', 0, '0.41', '0.28', '13.80', '13.80', '0.00', 'RMB', '2015-12-27 06:15:32', '2015-12-27 06:15:32', NULL),
(152, '151227514240003', 1, 12, 12, 'finished', 1, '0', '0', '', '', 25, '01000012', '', '', '', '0.00', 0, 100, '13.80', 0, '0.41', '0.28', '13.80', '13.80', '0.00', 'RMB', '2015-12-27 06:17:04', '2015-12-27 06:17:04', NULL),
(153, '151227514440004', 1, 12, 12, 'finished', 2, '0', '0', '', '', 25, '01000012', '', '', '', '0.00', 0, 100, '13.80', 0, '0.41', '0.28', '13.80', '13.80', '0.00', 'RMB', '2015-12-27 06:17:24', '2015-12-27 06:17:24', NULL),
(154, '151227515080005', 1, 12, 12, 'finished', 4, '0', '0', '', '', 25, '01000012', '', '', '', '0.00', 0, 100, '6.60', 0, '0.20', '0.13', '6.60', '6.60', '0.00', 'RMB', '2015-12-27 06:18:28', '2015-12-27 06:18:28', NULL),
(155, '151227516650006', 1, 12, 12, 'finished', 1, '0', '0', '', '', 0, '0', '', '', '', '0.00', 0, 50, '6.90', 0, '0.21', '0.14', '6.90', '6.90', '0.00', 'RMB', '2015-12-27 06:21:05', '2015-12-27 06:21:05', NULL),
(156, '151227516890007', 1, 12, 12, 'refunded', 2, '0', '1', '', '', 25, '01000012', '', '', '', '0.00', 0, 50, '6.90', 0, '0.21', '0.14', '6.90', '6.90', '0.00', 'RMB', '2015-12-27 06:21:29', '2015-12-27 06:35:29', NULL),
(157, '151227517100008', 1, 12, 12, 'refunded', 1, '0', '1', '', '', 25, '01000012', '', '', '', '0.00', 0, 50, '6.90', 0, '0.21', '0.14', '6.90', '6.90', '0.00', 'RMB', '2015-12-27 06:21:50', '2015-12-27 06:35:26', NULL),
(158, '151227518640009', 1, 12, 12, 'refunded', 1, '0', '1', '', '', 0, '0', '', '', '', '0.00', 0, 100, '28.00', 0, '0.84', '0.56', '28.00', '28.00', '0.00', 'RMB', '2015-12-27 06:24:24', '2015-12-27 06:35:23', NULL),
(159, '151227518810010', 1, 12, 12, 'refunded', 1, '0', '1', '', '', 23, '01000010', '', '', '', '0.00', 0, 100, '28.00', 0, '0.84', '0.56', '28.00', '28.00', '0.00', 'RMB', '2015-12-27 06:24:41', '2015-12-27 06:35:19', NULL),
(160, '151227518950011', 1, 12, 12, 'refunded', 2, '0', '1', '', '', 23, '01000010', '', '', '', '0.00', 0, 100, '28.00', 0, '0.84', '0.56', '28.00', '28.00', '0.00', 'RMB', '2015-12-27 06:24:55', '2015-12-27 06:35:16', NULL),
(161, '151227520880012', 1, 12, 12, 'refunded', 1, '0', '1', '', '', 0, '0', '', '', '', '0.00', 0, 95, '26.60', 0, '0.80', '0.53', '26.60', '28.00', '0.00', 'RMB', '2015-12-27 06:28:08', '2015-12-27 06:35:13', NULL),
(162, '151227522890013', 1, 12, 12, 'refunded', 1, '0', '1', '', '', 23, '01000010', '', '', '', '0.00', 0, 95, '26.60', 0, '0.80', '0.53', '26.60', '28.00', '0.00', 'RMB', '2015-12-27 06:31:29', '2015-12-27 06:35:09', NULL),
(163, '151227523150014', 1, 12, 12, 'refunded', 2, '0', '1', '', '', 23, '01000010', '', '', '', '0.00', 0, 95, '26.60', 0, '0.80', '0.53', '26.60', '28.00', '0.00', 'RMB', '2015-12-27 06:31:55', '2015-12-27 06:34:48', NULL),
(164, '151229504710001', 1, 12, 12, 'finished', 1, '0', '0', '', '', 0, '0', '', '', '', '0.00', 0, 100, '6.00', 0, '0.18', '0.12', '6.00', '6.00', '0.00', 'RMB', '2015-12-29 06:01:11', '2015-12-29 06:01:11', NULL),
(165, '151229509350004', 1, 12, 12, 'finished', 1, '0', '0', '', '', 0, '0', '', '', '', '0.00', 0, 100, '6.60', 0, '0.20', '0.13', '6.60', '6.60', '0.00', 'RMB', '2015-12-29 06:08:55', '2015-12-29 06:08:55', NULL),
(166, '151229582190005', 1, 12, 12, 'refunded', 1, '0', '1', '', '', 0, '0', '', '', '', '0.00', 0, 100, '25.00', 0, '0.75', '0.50', '25.00', '25.00', '0.00', 'RMB', '2015-12-29 08:10:19', '2015-12-29 08:10:32', NULL),
(167, '151229582690006', 1, 12, 12, 'finished', 1, '0', '0', '', '', 0, '0', '', '', '', '0.00', 0, 50, '12.50', 0, '0.38', '0.25', '12.50', '25.00', '0.00', 'RMB', '2015-12-29 08:11:09', '2015-12-29 08:11:09', NULL),
(168, '151229583000007', 1, 12, 12, 'finished', 2, '0', '0', '', '', 25, '01000012', '', '', '', '0.00', 0, 100, '25.00', 0, '0.75', '0.50', '25.00', '25.00', '0.00', 'RMB', '2015-12-29 08:11:40', '2015-12-29 08:11:40', NULL),
(169, '151229583210008', 1, 12, 12, 'refunded', 2, '0', '1', '', '', 25, '01000012', '', '', '', '0.00', 0, 50, '12.50', 0, '0.38', '0.25', '12.50', '25.00', '0.00', 'RMB', '2015-12-29 08:12:01', '2015-12-29 08:12:36', NULL),
(170, '151229583420009', 1, 12, 12, 'finished', 1, '0', '0', '', '', 25, '01000012', '', '', '', '0.00', 0, 100, '25.00', 0, '0.75', '0.50', '25.00', '25.00', '0.00', 'RMB', '2015-12-29 08:12:22', '2015-12-29 08:12:22', NULL),
(171, '151229584500010', 1, 2, 2, 'finished', 1, '0', '0', '', '', 0, '0', '', '', '', '0.00', 0, 100, '26.00', 0, '0.78', '0.52', '26.00', '26.00', '0.00', 'RMB', '2015-12-29 08:14:10', '2015-12-29 08:14:10', NULL),
(172, '151229584700011', 1, 12, 12, 'finished', 4, '0', '0', '', '', 25, '01000012', '', '', '', '0.00', 0, 100, '25.00', 0, '0.75', '0.50', '25.00', '25.00', '0.00', 'RMB', '2015-12-29 08:14:30', '2015-12-29 08:14:30', NULL),
(173, '151229585350012', 1, 2, 2, 'finished', 1, '0', '0', '', '', 0, '0', '', '', '', '0.00', 0, 75, '60.55', 0, '1.82', '1.21', '60.55', '77.80', '0.00', 'RMB', '2015-12-29 08:15:35', '2015-12-29 08:15:35', NULL),
(174, '151229585870013', 1, 2, 2, 'finished', 1, '0', '0', '', '', 0, '0', '', '', '', '0.00', 0, 75, '37.55', 0, '1.13', '0.75', '37.55', '47.80', '0.00', 'RMB', '2015-12-29 08:16:27', '2015-12-29 08:16:27', NULL),
(175, '151229616800014', 1, 2, 2, 'finished', 1, '0', '0', '', '', 0, '0', '', '', '', '0.00', 0, 100, '124.60', 0, '3.74', '2.49', '124.60', '124.60', '0.00', 'RMB', '2015-12-29 09:08:00', '2015-12-29 09:08:00', NULL),
(176, '151229618720015', 1, 12, 12, 'finished', 1, '0', '0', '', '', 0, '0', '', '', '', '0.00', 0, 100, '25.00', 0, '0.75', '0.50', '25.00', '25.00', '0.00', 'RMB', '2015-12-29 09:11:12', '2015-12-29 09:11:12', NULL),
(177, '151229620330016', 1, 12, 12, 'finished', 1, '0', '0', '', '', 0, '0', '', '', '', '0.00', 0, 100, '50.00', 0, '1.50', '1.00', '50.00', '50.00', '0.00', 'RMB', '2015-12-29 09:13:53', '2015-12-29 09:13:53', NULL),
(178, '151230402870001', 1, 12, 12, 'finished', 1, '0', '0', '', '', 0, '0', '', '', '', '0.00', 0, 100, '25.00', 0, '0.75', '0.50', '25.00', '25.00', '0.00', 'RMB', '2015-12-30 03:11:27', '2015-12-30 03:11:27', NULL),
(179, '151230565160002', 1, 2, 2, 'finished', 1, '0', '0', '', '', 0, '0', '', '', '', '0.00', 0, 60, '83.94', 0, '2.52', '1.68', '83.94', '139.90', '0.00', 'RMB', '2015-12-30 07:41:56', '2015-12-30 07:41:56', NULL),
(180, '151231423550001', 1, 2, 2, 'finished', 1, '0', '0', '', '', 0, '0', '', '', '', '0.00', 0, 100, '119.80', 0, '3.59', '2.40', '119.80', '119.80', '0.00', 'RMB', '2015-12-31 03:45:55', '2015-12-31 03:45:55', NULL),
(181, '160105543180001', 1, 12, 12, 'refunded', 1, '0', '1', '', '', 0, '0', '', '', '', '0.00', 0, 100, '50.00', 0, '1.50', '1.00', '50.00', '50.00', '0.00', 'RMB', '2016-01-05 07:05:18', '2016-01-05 08:28:22', NULL),
(182, '160105543920002', 1, 12, 12, 'finished', 1, '0', '0', '', '', 0, '0', '', '', '', '0.00', 0, 80, '44.00', 0, '1.32', '0.88', '44.00', '50.00', '0.00', 'RMB', '2016-01-05 07:06:32', '2016-01-05 07:06:32', NULL),
(183, '160105544490003', 1, 12, 12, 'finished', 2, '0', '0', '', '', 25, '01000012', '', '', '', '0.00', 0, 100, '50.00', 0, '1.50', '1.00', '50.00', '50.00', '0.00', 'RMB', '2016-01-05 07:07:29', '2016-01-05 07:07:29', NULL),
(184, '160105545780004', 1, 12, 12, 'finished', 2, '0', '0', '', '', 12, '01000007', '', '', '', '0.00', 0, 80, '44.00', 0, '1.32', '0.88', '44.00', '50.00', '0.00', 'RMB', '2016-01-05 07:09:38', '2016-01-05 07:09:38', NULL),
(185, '160105554870007', 1, 12, 12, 'finished', 4, '0', '0', '', '', 25, '01000012', '', '', '', '0.00', 0, 100, '8.80', 0, '0.26', '0.18', '8.80', '8.80', '0.00', 'RMB', '2016-01-05 07:24:47', '2016-01-05 07:24:47', NULL),
(186, '160105557240008', 1, 12, 12, 'finished', 4, '0', '0', '', '', 25, '01000012', '', '', '', '0.00', 0, 100, '10.00', 0, '0.30', '0.20', '10.00', '10.00', '0.00', 'RMB', '2016-01-05 07:28:44', '2016-01-05 07:28:44', NULL),
(187, '160105587000009', 1, 12, 12, 'finished', 1, '0', '0', '', '', 0, '0', '', '', '', '0.00', 0, 100, '19.00', 0, '0.57', '0.38', '19.00', '19.00', '0.00', 'RMB', '2016-01-05 08:18:20', '2016-01-05 08:18:20', NULL),
(188, '160105588380010', 1, 12, 12, 'finished', 1, '0', '0', '', '', 0, '0', '', '', '', '0.00', 0, 100, '30.00', 0, '0.90', '0.60', '30.00', '30.00', '0.00', 'RMB', '2016-01-05 08:20:38', '2016-01-05 08:20:38', NULL),
(189, '160105588680011', 1, 12, 12, 'finished', 1, '0', '0', '', '', 0, '0', '', '', '', '0.00', 0, 80, '24.00', 0, '0.72', '0.48', '24.00', '30.00', '0.00', 'RMB', '2016-01-05 08:21:08', '2016-01-05 08:21:08', NULL),
(190, '160105588780012', 1, 12, 12, 'finished', 4, '0', '0', '', '', 25, '01000012', '', '', '', '0.00', 0, 100, '10.00', 0, '0.30', '0.20', '10.00', '10.00', '0.00', 'RMB', '2016-01-05 08:21:18', '2016-01-05 08:21:18', NULL),
(191, '160105588870013', 1, 12, 12, 'finished', 4, '0', '0', '', '', 25, '01000012', '', '', '', '0.00', 0, 100, '8.80', 0, '0.26', '0.18', '8.80', '8.80', '0.00', 'RMB', '2016-01-05 08:21:27', '2016-01-05 08:21:27', NULL),
(192, '160105589000014', 1, 12, 12, 'finished', 2, '0', '0', '', '', 25, '01000012', '', '', '', '0.00', 0, 100, '30.00', 0, '0.90', '0.60', '30.00', '30.00', '0.00', 'RMB', '2016-01-05 08:21:40', '2016-01-05 08:21:40', NULL),
(193, '160105589410015', 1, 12, 12, 'finished', 2, '0', '0', '', '', 25, '01000012', '', '', '', '0.00', 0, 80, '24.00', 0, '0.72', '0.48', '24.00', '30.00', '0.00', 'RMB', '2016-01-05 08:22:21', '2016-01-05 08:22:21', NULL),
(194, '160105802150016', 1, 12, 12, 'finished', 1, '0', '0', '', '', 0, '0', '', '', '', '0.00', 0, 100, '10.90', 0, '0.33', '0.22', '10.90', '10.90', '0.00', 'RMB', '2016-01-05 14:16:55', '2016-01-05 14:16:55', NULL),
(195, '160105802470017', 1, 12, 12, 'finished', 1, '0', '0', '', '', 0, '0', '', '', '', '0.00', 0, 100, '10.90', 0, '0.33', '0.22', '10.90', '10.90', '0.00', 'RMB', '2016-01-05 14:17:27', '2016-01-05 14:17:27', NULL),
(196, '160111771410001', 1, 12, 12, 'refunded', 1, '0', '1', '', '', 0, '0', '', '', '', '0.00', 0, 100, '19.00', 19, '19.00', '19.00', '19.00', '19.00', '0.00', 'RMB', '2016-01-11 13:25:41', '2016-01-11 13:28:28', NULL),
(197, '160111771950002', 1, 1, 1, 'finished', 2, '0', '0', '', '', 25, '01000012', '', '', '', '0.00', 0, 100, '38.00', 38, '38.00', '38.00', '38.00', '38.00', '0.00', 'RMB', '2016-01-11 13:26:35', '2016-01-11 13:26:35', NULL),
(198, '160111772080003', 1, 1, 1, 'finished', 4, '0', '0', '', '', 25, '01000012', '', '', '', '0.00', 0, 100, '10.00', 10, '10.00', '10.00', '10.00', '10.00', '0.00', 'RMB', '2016-01-11 13:26:48', '2016-01-11 13:26:48', NULL),
(199, '160111773670004', 1, 1, 1, 'finished', 4, '0', '0', '', '', 25, '01000012', '', '', '', '0.00', 0, 100, '10.00', 10, '10.00', '10.00', '10.00', '10.00', '0.00', 'RMB', '2016-01-11 13:29:27', '2016-01-11 13:29:27', NULL),
(200, '160111774050005', 1, 1, 1, 'refunded', 2, '0', '1', '', '', 25, '01000012', '', '', '', '0.00', 0, 100, '38.00', 38, '38.00', '38.00', '38.00', '38.00', '0.00', 'RMB', '2016-01-11 13:30:05', '2016-01-11 13:30:17', NULL),
(201, '160111774810006', 1, 1, 1, 'refunded', 2, '0', '1', '', '', 25, '01000012', '', '', '', '0.00', 0, 100, '38.00', 38, '38.00', '38.00', '38.00', '38.00', '0.00', 'RMB', '2016-01-11 13:31:21', '2016-01-11 13:31:32', NULL),
(202, '160111775290007', 1, 1, 1, 'refunded', 1, '0', '1', '', '', 0, '0', '', '', '', '0.00', 0, 100, '21.80', 21, '21.80', '21.80', '21.80', '21.80', '0.00', 'RMB', '2016-01-11 13:32:09', '2016-01-11 13:32:19', NULL),
(203, '160111784070008', 1, 12, 12, 'refunded', 1, '0', '1', '', '', 0, '0', '', '', '', '0.00', 0, 100, '38.00', 38, '38.00', '38.00', '38.00', '38.00', '0.00', 'RMB', '2016-01-11 13:46:47', '2016-01-11 13:47:24', NULL),
(204, '160111784280009', 1, 12, 12, 'refunded', 2, '0', '1', '', '', 25, '01000012', '', '', '', '0.00', 0, 100, '21.80', 21, '21.80', '21.80', '21.80', '21.80', '0.00', 'RMB', '2016-01-11 13:47:08', '2016-01-11 13:47:34', NULL),
(205, '160113612440001', 1, 12, 12, 'refunded', 1, '0', '1', '', '', 0, '0', '', '', '', '0.00', 0, 100, '38.00', 38, '38.00', '38.00', '38.00', '38.00', '0.00', 'RMB', '2016-01-13 09:00:44', '2016-01-13 09:00:57', NULL),
(206, '160113612670002', 1, 12, 12, 'refunded', 1, '0', '1', '', '', 0, '0', '', '', '', '0.00', 0, 100, '21.80', 21, '21.80', '21.80', '21.80', '21.80', '0.00', 'RMB', '2016-01-13 09:01:07', '2016-01-13 09:01:12', NULL),
(207, '160113624130003', 1, 12, 12, 'refunded', 1, '0', '1', '', '', 0, '0', '', '', '', '0.00', 0, 100, '17.60', 17, '17.60', '17.60', '17.60', '17.60', '0.00', 'RMB', '2016-01-13 09:20:13', '2016-01-13 09:20:48', NULL),
(208, '160117766050001', 1, 12, 12, 'finished', 1, '0', '0', '', '2704-8156-1369', 0, '0', '', '', '', '0.00', 0, 95, '26.60', 26, '26.60', '26.60', '26.60', '28.00', '0.00', 'RMB', '2016-01-17 13:16:45', '2016-01-17 13:16:45', NULL),
(209, '160117779350002', 1, 12, 12, 'finished', 2, '0', '0', '', '8296-0671-4293', 25, '01000012', '', '', '', '0.00', 0, 95, '28.50', 28, '28.50', '28.50', '28.50', '30.00', '0.00', 'RMB', '2016-01-17 13:38:55', '2016-01-17 13:38:55', NULL),
(210, '160117781310003', 1, 12, 12, 'finished', 1, '0', '0', '', '7854-5192-6278', 0, '0', '', '', '', '0.00', 0, 95, '28.50', 28, '28.50', '28.50', '28.50', '30.00', '0.00', 'RMB', '2016-01-17 13:42:11', '2016-01-17 13:42:11', NULL),
(211, '160117784920004', 1, 12, 12, 'refunded', 1, '0', '1', '', '', 0, '0', '', '', '', '0.00', 0, 100, '30.00', 30, '30.00', '30.00', '30.00', '30.00', '0.00', 'RMB', '2016-01-17 13:48:12', '2016-01-17 13:53:44', NULL),
(212, '160117788750005', 1, 12, 12, 'refunded', 1, '0', '1', '', '', 0, '0', '', '', '', '0.00', 0, 100, '60.00', 60, '1.20', '1.20', '60.00', '60.00', '0.00', 'RMB', '2016-01-17 13:54:35', '2016-01-17 13:54:51', NULL),
(213, '160117789260006', 1, 12, 12, 'refunded', 2, '0', '1', '', '', 25, '01000012', '', '', '', '0.00', 0, 100, '60.00', 60, '1.20', '1.20', '60.00', '60.00', '0.00', 'RMB', '2016-01-17 13:55:26', '2016-01-17 13:55:36', NULL),
(214, '160117789700007', 1, 12, 12, 'refunded', 4, '0', '1', '', '', 25, '01000012', '', '', '', '0.00', 0, 100, '10.00', 10, '0.20', '0.20', '10.00', '10.00', '0.00', 'RMB', '2016-01-17 13:56:10', '2016-01-17 13:56:22', NULL),
(215, '160117804640008', 1, 12, 12, 'refunded', 2, '0', '1', '', '', 31, '1111', '', '', '', '0.00', 0, 100, '60.00', 60, '1.20', '1.20', '60.00', '60.00', '0.00', 'RMB', '2016-01-17 14:21:04', '2016-01-17 14:22:26', NULL),
(216, '160117806400009', 1, 12, 12, 'finished', 2, '0', '0', '', '', 31, '1111', '', '', '', '0.00', 0, 100, '60.00', 60, '1.20', '1.20', '60.00', '60.00', '0.00', 'RMB', '2016-01-17 14:24:00', '2016-01-17 14:24:00', NULL),
(217, '160118359850001', 1, 2, 2, 'finished', 1, '0', '0', '', '', 0, '0', '', '', '', '0.00', 0, 100, '30.00', 30, '0.60', '0.60', '30.00', '30.00', '0.00', 'RMB', '2016-01-18 01:59:45', '2016-01-18 01:59:45', NULL),
(218, '160118364170002', 1, 2, 2, 'finished', 1, '0', '0', '', '', 0, '0', '', '', '', '0.00', 0, 100, '10.00', 10, '0.20', '0.20', '10.00', '10.00', '0.00', 'RMB', '2016-01-18 02:06:57', '2016-01-18 02:06:57', NULL),
(219, '160118364770003', 1, 2, 2, 'finished', 1, '0', '0', '', '', 0, '0', '', '', '', '0.00', 0, 100, '24.90', 24, '0.50', '0.50', '24.90', '24.90', '0.00', 'RMB', '2016-01-18 02:07:57', '2016-01-18 02:07:57', NULL),
(220, '160120518810001', 1, 12, 12, 'refunded', 1, '0', '1', '', '', 0, '0', '', '', '', '0.00', 0, 100, '56.00', 56, '1.12', '1.12', '56.00', '56.00', '0.00', 'RMB', '2016-01-20 06:24:41', '2016-01-20 06:26:19', NULL),
(221, '160120519060002', 1, 12, 12, 'refunded', 4, '0', '1', '', '', 25, '01000012', '', '', '', '0.00', 0, 100, '10.00', 10, '0.20', '0.20', '10.00', '10.00', '0.00', 'RMB', '2016-01-20 06:25:06', '2016-01-20 06:26:24', NULL),
(222, '160120519110003', 1, 12, 12, 'refunded', 4, '0', '1', '', '', 25, '01000012', '', '', '', '0.00', 0, 100, '10.00', 10, '0.20', '0.20', '10.00', '10.00', '0.00', 'RMB', '2016-01-20 06:25:11', '2016-01-20 06:26:27', NULL),
(223, '160120519410004', 1, 12, 12, 'refunded', 2, '0', '1', '', '', 25, '01000012', '', '', '', '0.00', 0, 100, '56.00', 56, '1.12', '1.12', '56.00', '56.00', '0.00', 'RMB', '2016-01-20 06:25:41', '2016-01-20 06:26:42', NULL);
INSERT INTO `sales_order` (`sales_order_id`, `order_id`, `store_id`, `seller_id`, `staff_id`, `status`, `payment_method_id`, `is_reviewed`, `is_refunded`, `coupon_code`, `consume_code`, `customer_id`, `card_number`, `customer_note`, `shipping_description`, `shipping_method`, `shipping_amount`, `shipping_address_id`, `discount`, `discount_amount`, `returned_scores`, `returned_cash_staff`, `returned_cash_store`, `grandtotal`, `subtotal`, `tax_amount`, `currency_code`, `created_at`, `updated_at`, `remote_ip`) VALUES
(224, '160120523460005', 1, 12, 12, 'refunded', 1, '0', '1', '', '', 0, '0', '', '', '', '0.00', 0, 100, '56.00', 56, '1.12', '1.12', '56.00', '56.00', '0.00', 'RMB', '2016-01-20 06:32:26', '2016-01-20 06:32:40', NULL),
(225, '160120559830006', 1, 12, 12, 'refunded', 1, '0', '1', '', '9402-3496-7018', 0, '0', '', '', '', '0.00', 0, 90, '27.00', 27, '0.54', '0.54', '27.00', '30.00', '0.00', 'RMB', '2016-01-20 07:33:03', '2016-01-20 07:35:17', NULL),
(226, '160120560850007', 1, 12, 12, 'refunded', 4, '0', '1', '', '', 25, '01000012', '', '', '', '0.00', 0, 100, '10.00', 10, '0.20', '0.20', '10.00', '10.00', '0.00', 'RMB', '2016-01-20 07:34:45', '2016-01-20 07:35:44', NULL),
(227, '160120561040008', 1, 12, 12, 'refunded', 2, '0', '1', '', '', 25, '01000012', '', '', '', '0.00', 0, 100, '60.00', 60, '1.20', '1.20', '60.00', '60.00', '0.00', 'RMB', '2016-01-20 07:35:04', '2016-01-20 07:35:33', NULL),
(228, '160120561850009', 1, 12, 12, 'refunded', 1, '0', '1', '', '', 0, '0', '', '', '', '0.00', 0, 100, '30.00', 30, '0.60', '0.60', '30.00', '30.00', '0.00', 'RMB', '2016-01-20 07:36:25', '2016-01-20 07:37:22', NULL),
(229, '160120562030010', 1, 12, 12, 'refunded', 4, '0', '1', '', '', 25, '01000012', '', '', '', '0.00', 0, 100, '10.00', 10, '0.20', '0.20', '10.00', '10.00', '0.00', 'RMB', '2016-01-20 07:36:43', '2016-01-20 07:37:04', NULL),
(230, '160120562070011', 1, 12, 12, 'refunded', 4, '0', '1', '', '', 25, '01000012', '', '', '', '0.00', 0, 100, '10.00', 10, '0.20', '0.20', '10.00', '10.00', '0.00', 'RMB', '2016-01-20 07:36:47', '2016-01-20 07:37:11', NULL),
(231, '160120562650012', 1, 12, 12, 'refunded', 4, '0', '1', '', '', 25, '01000012', '', '', '', '0.00', 0, 100, '10.00', 10, '0.20', '0.20', '10.00', '10.00', '0.00', 'RMB', '2016-01-20 07:37:45', '2016-01-20 07:39:05', NULL),
(232, '160120562720013', 1, 12, 12, 'refunded', 2, '0', '1', '', '', 25, '01000012', '', '', '', '0.00', 0, 100, '30.00', 30, '0.60', '0.60', '30.00', '30.00', '0.00', 'RMB', '2016-01-20 07:37:52', '2016-01-20 07:38:24', NULL),
(233, '160120563780014', 1, 12, 12, 'refunded', 1, '0', '1', '', '', 0, '0', '', '', '', '0.00', 0, 100, '30.00', 30, '0.60', '0.60', '30.00', '30.00', '0.00', 'RMB', '2016-01-20 07:39:38', '2016-01-20 07:39:49', NULL),
(234, '160120566080015', 1, 12, 12, 'finished', 1, '0', '0', '', '1149-0665-0235', 0, '0', '', '', '', '0.00', 0, 90, '54.00', 54, '1.08', '1.08', '54.00', '60.00', '0.00', 'RMB', '2016-01-20 07:43:28', '2016-01-20 07:43:28', NULL),
(235, '160125790840001', 1, 12, 12, 'finished', 1, '0', '0', '', '8693-4471-2670', 0, '0', '', '', '', '0.00', 0, 90, '54.00', 54, '1.08', '1.08', '54.00', '60.00', '0.00', 'RMB', '2016-01-25 13:58:04', '2016-01-25 13:58:04', NULL),
(236, '160125793670002', 1, 12, 12, 'finished', 1, '0', '0', '', '5526-4421-0799', 0, '0', '', '', '', '0.00', 0, 90, '9.00', 9, '0.18', '0.18', '9.00', '10.00', '0.00', 'RMB', '2016-01-25 14:02:47', '2016-01-25 14:02:47', NULL),
(237, '160125799910003', 1, 12, 12, 'finished', 1, '0', '0', '', '6937-5084-9046', 0, '0', '', '', '', '0.00', 0, 90, '27.00', 27, '0.54', '0.54', '27.00', '30.00', '0.00', 'RMB', '2016-01-25 14:13:11', '2016-01-25 14:13:11', NULL),
(238, '160127424320001', 1, 12, 12, 'refunded', 1, '0', '1', '', '4804-6958-9701', 0, '0', '', '', '', '0.00', 0, 90, '27.00', 27, '0.54', '0.54', '27.00', '30.00', '0.00', 'RMB', '2016-01-27 03:47:12', '2016-01-27 03:58:50', NULL),
(239, '160127511310002', 1, 12, 12, 'finished', 1, '0', '0', '', '1097-6292-5453', 0, '0', '', '', '', '0.00', 0, 90, '27.00', 27, '0.54', '0.54', '27.00', '30.00', '0.00', 'RMB', '2016-01-27 06:12:11', '2016-01-27 06:12:11', NULL),
(240, '160127537000003', 1, 12, 12, 'finished', 2, '0', '0', '', '9695-1206-3475', 23, '01000010', '', '', '', '0.00', 0, 90, '27.00', 27, '0.81', '0.54', '27.00', '30.00', '0.00', 'RMB', '2016-01-27 06:55:00', '2016-01-27 06:55:00', NULL),
(241, '160127538070004', 1, 12, 12, 'finished', 2, '0', '0', '', '', 23, '01000010', '', '', '', '0.00', 0, 100, '30.00', 30, '0.90', '0.60', '30.00', '30.00', '0.00', 'RMB', '2016-01-27 06:56:47', '2016-01-27 06:56:47', NULL),
(242, '160130641370002', 1, 1, 1, 'finished', 2, '0', '0', '', '', 1, '1000001', '', '', '', '0.00', 0, 100, '40.00', 40, '1.20', '0.80', '40.00', '40.00', '0.00', 'RMB', '2016-01-30 09:48:57', '2016-01-30 09:48:57', NULL),
(243, '160130643040003', 1, 1, 1, 'finished', 2, '0', '0', '', '', 1, '1000001', '', '', '', '0.00', 0, 100, '30.00', 30, '0.90', '0.60', '30.00', '30.00', '0.00', 'RMB', '2016-01-30 09:51:44', '2016-01-30 09:51:44', NULL),
(244, '160130644000008', 1, 1, 1, 'finished', 1, '0', '0', '', '', 0, '0', '', '', '', '0.00', 0, 100, '90.00', 90, '2.70', '1.80', '90.00', '90.00', '0.00', 'RMB', '2016-01-30 09:53:20', '2016-01-30 09:53:20', NULL),
(245, '160130805600010', 1, 0, 3, 'finished', 4, '0', '0', '', '', 1, '1000001', '', '', '', '0.00', 0, 65, '16.25', 16, '0.49', '0.33', '16.25', '25.00', '0.00', 'RMB', '2016-01-30 14:22:40', '2016-01-30 14:22:40', NULL),
(246, '160130806680011', 1, 0, 3, 'finished', 4, '0', '0', '', '', 1, '1000001', '', '', '', '0.00', 0, 65, '16.25', 16, '0.49', '0.33', '16.25', '25.00', '0.00', 'RMB', '2016-01-30 14:24:28', '2016-01-30 14:24:28', NULL),
(247, '160130809690012', 1, 0, 3, 'refunded', 2, '0', '1', '', '', 1, '1000001', '', '', '', '0.00', 0, 65, '16.25', 16, '0.49', '0.33', '16.25', '25.00', '0.00', 'RMB', '2016-01-30 14:29:29', '2016-01-30 14:49:06', NULL),
(248, '160130813690013', 1, 0, 3, 'refunded', 2, '0', '1', '', '', 1, '1000001', '', '', '', '0.00', 0, 65, '16.25', 16, '0.49', '0.33', '16.25', '25.00', '0.00', 'RMB', '2016-01-30 14:36:09', '2016-01-30 14:48:36', NULL),
(249, '160130816220014', 1, 0, 3, 'refunded', 2, '0', '1', '', '', 1, '1000001', '', '', '', '0.00', 0, 65, '16.25', 16, '0.49', '0.33', '16.25', '25.00', '0.00', 'RMB', '2016-01-30 14:40:22', '2016-01-30 14:47:22', NULL),
(250, '160130817540015', 1, 0, 3, 'refunded', 2, '0', '1', '', '', 1, '1000001', '', '', '', '0.00', 0, 65, '16.25', 16, '0.49', '0.33', '16.25', '25.00', '0.00', 'RMB', '2016-01-30 14:42:34', '2016-01-30 14:48:17', NULL),
(251, '160130817620016', 1, 0, 3, 'refunded', 2, '0', '1', '', '', 1, '1000001', '', '', '', '0.00', 0, 65, '16.25', 16, '0.49', '0.33', '16.25', '25.00', '0.00', 'RMB', '2016-01-30 14:42:42', '2016-01-30 14:45:29', NULL),
(252, '160203453440001', 1, 2, 2, 'finished', 1, '0', '0', '', '', 0, '0', '', '', '', '0.00', 0, 90, '92.00', 92, '2.76', '1.84', '92.00', '100.00', '0.00', 'RMB', '2016-02-03 04:35:44', '2016-02-03 04:35:44', NULL),
(253, '160203809500002', 1, 1, 1, 'finished', 2, '0', '0', '', '', 14, '01000009', '', '', '', '0.00', 0, 95, '139.75', 139, '4.19', '2.80', '139.75', '145.00', '0.00', 'RMB', '2016-02-03 14:29:10', '2016-02-03 14:29:10', NULL);

-- --------------------------------------------------------

--
-- Table structure for table `sales_order_item`
--

CREATE TABLE IF NOT EXISTS `sales_order_item` (
  `sales_order_item_id` int(10) unsigned NOT NULL AUTO_INCREMENT,
  `order_id` varchar(16) COLLATE utf8_unicode_ci NOT NULL DEFAULT '' COMMENT '订单号',
  `product_id` int(10) unsigned NOT NULL COMMENT '商品ID',
  `category_id` int(11) NOT NULL DEFAULT '0' COMMENT '分类ID',
  `store_id` int(10) unsigned NOT NULL COMMENT '店铺Id',
  `seller_id` int(10) unsigned DEFAULT NULL COMMENT '店铺所有者的ID',
  `status` varchar(16) COLLATE utf8_unicode_ci NOT NULL DEFAULT 'ordered' COMMENT '本item交易状态已发货/退货/交易完成/etc..',
  `created_at` timestamp NULL DEFAULT NULL,
  `updated_at` timestamp NULL DEFAULT NULL,
  `weight` decimal(4,2) DEFAULT NULL COMMENT '商品重量',
  `sku` varchar(16) COLLATE utf8_unicode_ci DEFAULT NULL COMMENT '商品的sku',
  `name` varchar(256) COLLATE utf8_unicode_ci DEFAULT NULL COMMENT '商品名称',
  `cost_price` decimal(12,2) unsigned NOT NULL COMMENT '成本价',
  `price` decimal(12,2) DEFAULT NULL COMMENT '商品价格',
  `description` varchar(128) COLLATE utf8_unicode_ci DEFAULT NULL COMMENT '商品描述',
  `image` varchar(128) COLLATE utf8_unicode_ci DEFAULT NULL COMMENT '商品图片地址',
  `is_promo` enum('0','1') COLLATE utf8_unicode_ci NOT NULL DEFAULT '0' COMMENT '是否是促销商品',
  `quantity` int(10) unsigned NOT NULL DEFAULT '1' COMMENT '数量',
  `tax_amount` decimal(12,2) DEFAULT NULL COMMENT '税收',
  `discount_amount` decimal(12,2) DEFAULT NULL COMMENT '折扣价格',
  `total_price` decimal(12,2) DEFAULT NULL COMMENT '本item总价',
  PRIMARY KEY (`sales_order_item_id`)
) ENGINE=InnoDB  DEFAULT CHARSET=utf8 COLLATE=utf8_unicode_ci COMMENT='订单详情表' AUTO_INCREMENT=425 ;

--
-- Dumping data for table `sales_order_item`
--

INSERT INTO `sales_order_item` (`sales_order_item_id`, `order_id`, `product_id`, `category_id`, `store_id`, `seller_id`, `status`, `created_at`, `updated_at`, `weight`, `sku`, `name`, `cost_price`, `price`, `description`, `image`, `is_promo`, `quantity`, `tax_amount`, `discount_amount`, `total_price`) VALUES
(1, '151211398380004', 1, 1, 1, 0, 'finished', '2015-12-11 03:03:58', '2015-12-11 03:03:58', '0.00', '', '红苹果', '0.00', '28.00', '', '/1.jpg', '0', 1, '0.00', '20.00', '18.20'),
(2, '151213525510001', 1, 1, 1, 0, 'finished', '2015-12-13 06:35:51', '2015-12-13 06:35:51', '0.00', '', '红苹果', '0.00', '28.00', '', '/1.jpg', '0', 1, '0.00', '20.00', '18.20'),
(3, '151213525990002', 1, 1, 1, 0, 'finished', '2015-12-13 06:36:39', '2015-12-13 06:36:39', '0.00', '', '红苹果', '0.00', '28.00', '', '/1.jpg', '0', 1, '0.00', '20.00', '18.20'),
(4, '151214743540007', 2, 1, 1, 0, 'finished', '2015-12-14 12:39:14', '2015-12-14 12:39:14', '0.00', '', '青苹果', '0.00', '28.00', '', '/2.jpg', '1', 1, '0.00', '20.00', '20.00'),
(5, '151214747930008', 1, 1, 1, 0, 'finished', '2015-12-14 12:46:33', '2015-12-14 12:46:33', '0.00', '', '红苹果', '0.00', '28.00', '', '/1.jpg', '0', 1, '0.00', '20.00', '23.80'),
(6, '151214748670009', 2, 1, 1, 0, 'finished', '2015-12-14 12:47:47', '2015-12-14 12:47:47', '0.00', '', '青苹果', '0.00', '28.00', '', '/2.jpg', '1', 1, '0.00', '20.00', '20.00'),
(7, '151214748670009', 1, 1, 1, 0, 'finished', '2015-12-14 12:47:47', '2015-12-14 12:47:47', '0.00', '', '红苹果', '0.00', '28.00', '', '/1.jpg', '0', 1, '0.00', '20.00', '19.60'),
(8, '151214749410010', 1, 1, 1, 0, 'finished', '2015-12-14 12:49:01', '2015-12-14 12:49:01', '0.00', '', '红苹果', '0.00', '28.00', '', '/1.jpg', '0', 2, '0.00', '20.00', '30.80'),
(9, '151214749410010', 2, 1, 1, 0, 'finished', '2015-12-14 12:49:01', '2015-12-14 12:49:01', '0.00', '', '青苹果', '0.00', '28.00', '', '/2.jpg', '1', 2, '0.00', '20.00', '40.00'),
(10, '151214754610011', 2, 1, 1, 0, 'finished', '2015-12-14 12:57:41', '2015-12-14 12:57:41', '0.00', '', '青苹果', '0.00', '28.00', '', '/2.jpg', '1', 1, '0.00', '20.00', '20.00'),
(11, '151214755050012', 2, 1, 1, 0, 'finished', '2015-12-14 12:58:25', '2015-12-14 12:58:25', '0.00', '', '青苹果', '0.00', '28.00', '', '/2.jpg', '1', 1, '0.00', '20.00', '20.00'),
(12, '151214755600013', 2, 1, 1, 0, 'finished', '2015-12-14 12:59:20', '2015-12-14 12:59:20', '0.00', '', '青苹果', '0.00', '28.00', '', '/2.jpg', '1', 1, '0.00', '20.00', '20.00'),
(13, '151214755920014', 1, 1, 1, 0, 'finished', '2015-12-14 12:59:52', '2015-12-14 12:59:52', '0.00', '', '红苹果', '0.00', '28.00', '', '/1.jpg', '0', 1, '0.00', '20.00', '28.00'),
(14, '151214756020015', 1, 1, 1, 0, 'finished', '2015-12-14 13:00:02', '2015-12-14 13:00:02', '0.00', '', '红苹果', '0.00', '28.00', '', '/1.jpg', '0', 1, '0.00', '20.00', '28.00'),
(15, '151214763010016', 2, 1, 1, 0, 'finished', '2015-12-14 13:11:41', '2015-12-14 13:11:41', '0.00', '', '青苹果', '0.00', '28.00', '', '/2.jpg', '1', 1, '0.00', '20.00', '20.00'),
(16, '151214763070017', 1, 1, 1, 0, 'finished', '2015-12-14 13:11:47', '2015-12-14 13:11:47', '0.00', '', '红苹果', '0.00', '28.00', '', '/1.jpg', '0', 1, '0.00', '20.00', '28.00'),
(17, '151214763120018', 1, 1, 1, 0, 'finished', '2015-12-14 13:11:52', '2015-12-14 13:11:52', '0.00', '', '红苹果', '0.00', '28.00', '', '/1.jpg', '0', 1, '0.00', '20.00', '28.00'),
(18, '151214774600019', 2, 1, 1, 0, 'finished', '2015-12-14 13:31:00', '2015-12-14 13:31:00', '0.00', '', '青苹果', '0.00', '28.00', '', '/2.jpg', '1', 2, '0.00', '20.00', '40.00'),
(19, '151214785300020', 15, 2, 1, 0, 'finished', '2015-12-14 13:48:50', '2015-12-14 13:48:50', '0.00', '', '荔枝  ', '3.20', '9.90', '', '', '0', 1, '0.00', '6.90', '8.91'),
(20, '151214785300020', 14, 2, 1, 0, 'finished', '2015-12-14 13:48:50', '2015-12-14 13:48:50', '0.00', '', '柿子', '4.50', '8.80', '', '', '1', 1, '0.00', '6.60', '6.60'),
(21, '151214785300020', 13, 2, 1, 0, 'finished', '2015-12-14 13:48:50', '2015-12-14 13:48:50', '0.00', '', '柚子', '20.00', '45.00', '', '', '1', 1, '0.00', '30.00', '30.00'),
(22, '151214785300020', 9, 2, 1, 0, 'finished', '2015-12-14 13:48:50', '2015-12-14 13:48:50', '0.00', '', '哈密瓜', '9.90', '19.90', '', '', '1', 1, '0.00', '8.80', '8.80'),
(23, '151214785300020', 8, 2, 1, 0, 'finished', '2015-12-14 13:48:50', '2015-12-14 13:48:50', '0.00', '', '西瓜 ', '19.00', '32.40', '', '', '0', 1, '0.00', '29.00', '29.16'),
(24, '151214785300020', 7, 2, 1, 0, 'finished', '2015-12-14 13:48:50', '2015-12-14 13:48:50', '0.00', '', '西瓜 ', '12.00', '21.90', '', '', '0', 1, '0.00', '15.50', '19.71'),
(25, '151214785300020', 21, 2, 1, 0, 'finished', '2015-12-14 13:48:50', '2015-12-14 13:48:50', '0.00', '', '枇杷', '5.00', '13.00', '', '', '0', 1, '0.00', '8.00', '11.70'),
(26, '151214785300020', 20, 1, 1, 0, 'finished', '2015-12-14 13:48:50', '2015-12-14 13:48:50', '0.00', '', '山竹 ', '8.20', '10.90', '', '', '0', 1, '0.00', '8.50', '9.81'),
(27, '151214785300020', 19, 2, 1, 0, 'finished', '2015-12-14 13:48:50', '2015-12-14 13:48:50', '0.00', '', '榴莲 ', '8.00', '19.00', '', '', '0', 1, '0.00', '13.00', '17.10'),
(28, '151214785300020', 18, 2, 1, 0, 'finished', '2015-12-14 13:48:50', '2015-12-14 13:48:50', '0.00', '', '椰子', '8.00', '35.00', '', '', '0', 1, '0.00', '28.00', '31.50'),
(29, '151214785300020', 17, 2, 1, 0, 'finished', '2015-12-14 13:48:50', '2015-12-14 13:48:50', '0.00', '', '猕猴桃', '20.00', '45.00', '', '', '0', 1, '0.00', '33.00', '40.50'),
(30, '151214785300020', 16, 2, 1, 0, 'finished', '2015-12-14 13:48:50', '2015-12-14 13:48:50', '0.00', '', '芒果  ', '3.00', '9.70', '', '', '0', 1, '0.00', '6.80', '8.73'),
(31, '151214785300020', 11, 2, 1, 0, 'finished', '2015-12-14 13:48:50', '2015-12-14 13:48:50', '0.00', '', '草莓  ', '14.00', '28.00', '', '', '0', 1, '0.00', '18.00', '25.20'),
(32, '151214785300020', 12, 2, 1, 0, 'finished', '2015-12-14 13:48:50', '2015-12-14 13:48:50', '0.00', '', '蓝莓  ', '38.00', '59.80', '', '', '0', 1, '0.00', '39.50', '53.82'),
(33, '151214785300020', 6, 2, 1, 0, 'finished', '2015-12-14 13:48:50', '2015-12-14 13:48:50', '0.00', '', '樱桃  ', '15.00', '29.00', '', '', '1', 1, '0.00', '21.00', '21.00'),
(34, '151214785300020', 1, 1, 1, 0, 'finished', '2015-12-14 13:48:50', '2015-12-14 13:48:50', '0.00', '', '红苹果', '0.00', '28.00', '', '', '0', 1, '0.00', '20.00', '25.20'),
(35, '151214785300020', 2, 1, 1, 0, 'finished', '2015-12-14 13:48:50', '2015-12-14 13:48:50', '0.00', '', '青苹果', '0.00', '28.00', '', '/2.jpg', '1', 1, '0.00', '20.00', '20.00'),
(36, '151214788960021', 3, 2, 1, 0, 'finished', '2015-12-14 13:54:56', '2015-12-14 13:54:56', '0.00', '', '香蕉  ', '20.00', '39.90', '', '', '1', 1, '0.00', '24.90', '24.90'),
(37, '151214797560022', 1, 1, 1, 0, 'finished', '2015-12-14 14:09:16', '2015-12-14 14:09:16', '0.00', '', '红苹果', '0.00', '28.00', '', '', '0', 1, '0.00', '20.00', '14.00'),
(38, '151214797560022', 2, 1, 1, 0, 'finished', '2015-12-14 14:09:16', '2015-12-14 14:09:16', '0.00', '', '青苹果', '0.00', '28.00', '', '/2.jpg', '1', 1, '0.00', '20.00', '20.00'),
(39, '151214797560022', 3, 2, 1, 0, 'finished', '2015-12-14 14:09:16', '2015-12-14 14:09:16', '0.00', '', '香蕉  ', '20.00', '39.90', '', '', '1', 1, '0.00', '24.90', '24.90'),
(40, '151214797560022', 4, 2, 1, 0, 'finished', '2015-12-14 14:09:16', '2015-12-14 14:09:16', '0.00', '', '葡萄', '20.00', '29.90', '', '', '0', 1, '0.00', '21.00', '14.95'),
(41, '151214797560022', 5, 2, 1, 0, 'finished', '2015-12-14 14:09:16', '2015-12-14 14:09:16', '0.00', '', '杨桃  ', '21.00', '30.00', '', '', '0', 1, '0.00', '21.00', '15.00'),
(42, '151214797560022', 10, 2, 1, 0, 'finished', '2015-12-14 14:09:16', '2015-12-14 14:09:16', '0.00', '', '梅子', '18.00', '28.00', '', '', '0', 1, '0.00', '24.00', '14.00'),
(43, '151214797560022', 9, 2, 1, 0, 'finished', '2015-12-14 14:09:16', '2015-12-14 14:09:16', '0.00', '', '哈密瓜', '9.90', '19.90', '', '', '1', 1, '0.00', '8.80', '8.80'),
(44, '151214797560022', 8, 2, 1, 0, 'finished', '2015-12-14 14:09:16', '2015-12-14 14:09:16', '0.00', '', '西瓜 ', '19.00', '32.40', '', '', '0', 1, '0.00', '29.00', '16.20'),
(45, '151214797560022', 7, 2, 1, 0, 'finished', '2015-12-14 14:09:16', '2015-12-14 14:09:16', '0.00', '', '西瓜 ', '12.00', '21.90', '', '', '0', 1, '0.00', '15.50', '10.95'),
(46, '151214797560022', 6, 2, 1, 0, 'finished', '2015-12-14 14:09:16', '2015-12-14 14:09:16', '0.00', '', '樱桃  ', '15.00', '29.00', '', '', '1', 1, '0.00', '21.00', '21.00'),
(47, '151214797560022', 11, 2, 1, 0, 'finished', '2015-12-14 14:09:16', '2015-12-14 14:09:16', '0.00', '', '草莓  ', '14.00', '28.00', '', '', '0', 1, '0.00', '18.00', '14.00'),
(48, '151214797560022', 12, 2, 1, 0, 'finished', '2015-12-14 14:09:16', '2015-12-14 14:09:16', '0.00', '', '蓝莓  ', '38.00', '59.80', '', '', '0', 1, '0.00', '39.50', '29.90'),
(49, '151214797560022', 13, 2, 1, 0, 'finished', '2015-12-14 14:09:16', '2015-12-14 14:09:16', '0.00', '', '柚子', '20.00', '45.00', '', '', '1', 1, '0.00', '30.00', '30.00'),
(50, '151214797560022', 14, 2, 1, 0, 'finished', '2015-12-14 14:09:16', '2015-12-14 14:09:16', '0.00', '', '柿子', '4.50', '8.80', '', '', '1', 1, '0.00', '6.60', '6.60'),
(51, '151214797560022', 15, 2, 1, 0, 'finished', '2015-12-14 14:09:16', '2015-12-14 14:09:16', '0.00', '', '荔枝  ', '3.20', '9.90', '', '', '0', 1, '0.00', '6.90', '4.95'),
(52, '151214797560022', 20, 1, 1, 0, 'finished', '2015-12-14 14:09:16', '2015-12-14 14:09:16', '0.00', '', '山竹 ', '8.20', '10.90', '', '', '0', 1, '0.00', '8.50', '5.45'),
(53, '151214797560022', 19, 2, 1, 0, 'finished', '2015-12-14 14:09:16', '2015-12-14 14:09:16', '0.00', '', '榴莲 ', '8.00', '19.00', '', '', '0', 1, '0.00', '13.00', '9.50'),
(54, '151214797560022', 18, 2, 1, 0, 'finished', '2015-12-14 14:09:16', '2015-12-14 14:09:16', '0.00', '', '椰子', '8.00', '35.00', '', '', '0', 1, '0.00', '28.00', '17.50'),
(55, '151214797560022', 17, 2, 1, 0, 'finished', '2015-12-14 14:09:16', '2015-12-14 14:09:16', '0.00', '', '猕猴桃', '20.00', '45.00', '', '', '0', 1, '0.00', '33.00', '22.50'),
(56, '151214797560022', 16, 2, 1, 0, 'finished', '2015-12-14 14:09:16', '2015-12-14 14:09:16', '0.00', '', '芒果  ', '3.00', '9.70', '', '', '0', 1, '0.00', '6.80', '4.85'),
(57, '151214797560022', 21, 2, 1, 0, 'finished', '2015-12-14 14:09:16', '2015-12-14 14:09:16', '0.00', '', '枇杷', '5.00', '13.00', '', '', '0', 1, '0.00', '8.00', '6.50'),
(58, '151214804950023', 10, 2, 1, 0, 'finished', '2015-12-14 14:21:35', '2015-12-14 14:21:35', '0.00', '', '梅子', '18.00', '28.00', '', '', '0', 1, '0.00', '24.00', '14.00'),
(59, '151214809970024', 10, 2, 1, 0, 'finished', '2015-12-14 14:29:57', '2015-12-14 14:29:57', '0.00', '', '梅子', '18.00', '28.00', '', '', '0', 1, '0.00', '24.00', '28.00'),
(60, '151214813540025', 15, 2, 1, 0, 'finished', '2015-12-14 14:35:54', '2015-12-14 14:35:54', '0.00', '', '荔枝  ', '3.20', '9.90', '', '', '0', 2, '0.00', '6.90', '9.90'),
(61, '151214813540025', 10, 2, 1, 0, 'finished', '2015-12-14 14:35:54', '2015-12-14 14:35:54', '0.00', '', '梅子', '18.00', '28.00', '', '', '0', 1, '0.00', '24.00', '14.00'),
(62, '151214813540025', 5, 2, 1, 0, 'finished', '2015-12-14 14:35:54', '2015-12-14 14:35:54', '0.00', '', '杨桃  ', '21.00', '30.00', '', '', '0', 1, '0.00', '21.00', '15.00'),
(63, '151214819480026', 7, 2, 1, 0, 'finished', '2015-12-14 14:45:48', '2015-12-14 14:45:48', '0.00', '', '西瓜 ', '12.00', '21.90', '', '', '0', 2, '0.00', '15.50', '37.23'),
(64, '151215533150001', 2, 2, 1, 0, 'finished', '2015-12-15 06:48:35', '2015-12-15 06:48:35', '0.00', '', '青苹果', '0.00', '28.00', '', '/assets/images/product/2015/12/15/4accf42e036f597ddb9f74ca1c527cb2.jpg', '1', 1, '0.00', '20.00', '20.00'),
(65, '151215533580002', 6, 2, 2, 0, 'finished', '2015-12-15 06:49:18', '2015-12-15 06:49:18', '0.00', '', '樱桃  ', '15.00', '29.00', '', '/assets/images/product/2015/12/15/9627ab8da539ef8c8470b54d848250af.jpg', '1', 1, '0.00', '21.00', '21.00'),
(66, '151215533580002', 11, 2, 2, 0, 'finished', '2015-12-15 06:49:18', '2015-12-15 06:49:18', '0.00', '', '草莓  ', '14.00', '28.00', '', '/assets/images/product/2015/12/15/b18442b3596dbc76e72618ae7d7fff63.jpg', '0', 1, '0.00', '18.00', '28.00'),
(67, '151215533780003', 2, 2, 1, 0, 'finished', '2015-12-15 06:49:38', '2015-12-15 06:49:38', '0.00', '', '青苹果', '0.00', '28.00', '', '/assets/images/product/2015/12/15/4accf42e036f597ddb9f74ca1c527cb2.jpg', '1', 1, '0.00', '20.00', '20.00'),
(68, '151215533780003', 4, 2, 1, 0, 'finished', '2015-12-15 06:49:38', '2015-12-15 06:49:38', '0.00', '', '葡萄', '20.00', '29.90', '', '/assets/images/product/2015/12/15/f1469bab2437e898182a171d0fb95532.jpg', '0', 1, '0.00', '21.00', '25.42'),
(69, '151215533780003', 5, 2, 1, 0, 'finished', '2015-12-15 06:49:38', '2015-12-15 06:49:38', '0.00', '', '杨桃  ', '21.00', '30.00', '', '/assets/images/product/2015/12/15/4ffb750e18505b614922bc07440ceb5e.jpg', '0', 1, '0.00', '21.00', '25.50'),
(70, '151215533780003', 6, 2, 1, 0, 'finished', '2015-12-15 06:49:38', '2015-12-15 06:49:38', '0.00', '', '樱桃  ', '15.00', '29.00', '', '/assets/images/product/2015/12/15/9627ab8da539ef8c8470b54d848250af.jpg', '1', 1, '0.00', '21.00', '21.00'),
(71, '151215533880004', 6, 2, 1, 0, 'finished', '2015-12-15 06:49:48', '2015-12-15 06:49:48', '0.00', '', '樱桃  ', '15.00', '29.00', '', '/assets/images/product/2015/12/15/9627ab8da539ef8c8470b54d848250af.jpg', '1', 1, '0.00', '21.00', '21.00'),
(72, '151215533880004', 11, 2, 1, 0, 'finished', '2015-12-15 06:49:48', '2015-12-15 06:49:48', '0.00', '', '草莓  ', '14.00', '28.00', '', '/assets/images/product/2015/12/15/b18442b3596dbc76e72618ae7d7fff63.jpg', '0', 1, '0.00', '18.00', '28.00'),
(73, '151215533880004', 10, 2, 1, 0, 'finished', '2015-12-15 06:49:48', '2015-12-15 06:49:48', '0.00', '', '梅子', '18.00', '28.00', '', '/assets/images/product/2015/12/15/a3e48dbc9fb5c84cff0432d89060174b.jpg', '0', 1, '0.00', '24.00', '28.00'),
(74, '151215533880004', 4, 2, 1, 0, 'finished', '2015-12-15 06:49:48', '2015-12-15 06:49:48', '0.00', '', '葡萄', '20.00', '29.90', '', '/assets/images/product/2015/12/15/f1469bab2437e898182a171d0fb95532.jpg', '0', 1, '0.00', '21.00', '29.90'),
(75, '151215533880004', 14, 2, 1, 0, 'finished', '2015-12-15 06:49:48', '2015-12-15 06:49:48', '0.00', '', '柿子', '4.50', '8.80', '', '/assets/images/product/2015/12/15/8d42070092dad970f0cfdb17a06b6b22.jpg', '1', 1, '0.00', '6.60', '6.60'),
(76, '151215534260005', 6, 2, 1, 0, 'finished', '2015-12-15 06:50:26', '2015-12-15 06:50:26', '0.00', '', '樱桃  ', '15.00', '29.00', '', '/assets/images/product/2015/12/15/9627ab8da539ef8c8470b54d848250af.jpg', '1', 1, '0.00', '21.00', '21.00'),
(77, '151215534260005', 5, 2, 1, 0, 'finished', '2015-12-15 06:50:26', '2015-12-15 06:50:26', '0.00', '', '杨桃  ', '21.00', '30.00', '', '/assets/images/product/2015/12/15/4ffb750e18505b614922bc07440ceb5e.jpg', '0', 1, '0.00', '21.00', '30.00'),
(78, '151215534260005', 4, 2, 1, 0, 'finished', '2015-12-15 06:50:26', '2015-12-15 06:50:26', '0.00', '', '葡萄', '20.00', '29.90', '', '/assets/images/product/2015/12/15/f1469bab2437e898182a171d0fb95532.jpg', '0', 1, '0.00', '21.00', '29.90'),
(79, '151215542640006', 2, 2, 1, 0, 'finished', '2015-12-15 07:04:24', '2015-12-15 07:04:24', '0.00', '', '青苹果', '0.00', '28.00', '', '/assets/images/product/2015/12/15/4accf42e036f597ddb9f74ca1c527cb2.jpg', '1', 2, '0.00', '20.00', '40.00'),
(80, '151215542640006', 3, 2, 1, 0, 'finished', '2015-12-15 07:04:24', '2015-12-15 07:04:24', '0.00', '', '香蕉  ', '20.00', '39.90', '', '/assets/images/product/2015/12/15/cbd750916bdd9c402bc1f7cf80da51da.jpg', '1', 1, '0.00', '24.90', '24.90'),
(81, '151215542640006', 9, 2, 1, 0, 'finished', '2015-12-15 07:04:24', '2015-12-15 07:04:24', '0.00', '', '哈密瓜', '9.90', '19.90', '', '/assets/images/product/2015/12/15/907089c7e09dc96e29db37846f05eb5b.jpg', '1', 1, '0.00', '8.80', '8.80'),
(82, '151215542640006', 8, 2, 1, 0, 'finished', '2015-12-15 07:04:24', '2015-12-15 07:04:24', '0.00', '', '西瓜 ', '19.00', '32.40', '', '/assets/images/product/2015/12/15/a378f732c2ddcd0e7e183fb3e6ef85c5.jpg', '0', 1, '0.00', '29.00', '19.44'),
(83, '151215542640006', 7, 2, 1, 0, 'finished', '2015-12-15 07:04:24', '2015-12-15 07:04:24', '0.00', '', '西瓜 ', '12.00', '21.90', '', '/assets/images/product/2015/12/15/0655efb7d9e561aa28f7a41a24282013.jpg', '0', 1, '0.00', '15.50', '13.14'),
(84, '151215582510007', 11, 2, 1, 0, 'finished', '2015-12-15 08:10:51', '2015-12-15 08:10:51', '0.00', '', '草莓  ', '14.00', '28.00', '', '/assets/images/product/2015/12/15/b18442b3596dbc76e72618ae7d7fff63.jpg', '0', 1, '0.00', '18.00', '28.00'),
(85, '151215582510007', 10, 2, 1, 0, 'finished', '2015-12-15 08:10:51', '2015-12-15 08:10:51', '0.00', '', '梅子', '18.00', '28.00', '', '/assets/images/product/2015/12/15/a3e48dbc9fb5c84cff0432d89060174b.jpg', '0', 1, '0.00', '24.00', '28.00'),
(86, '151215582760008', 11, 2, 1, 0, 'finished', '2015-12-15 08:11:16', '2015-12-15 08:11:16', '0.00', '', '草莓  ', '14.00', '28.00', '', '/assets/images/product/2015/12/15/b18442b3596dbc76e72618ae7d7fff63.jpg', '0', 1, '0.00', '18.00', '28.00'),
(87, '151215582760008', 10, 2, 1, 0, 'finished', '2015-12-15 08:11:16', '2015-12-15 08:11:16', '0.00', '', '梅子', '18.00', '28.00', '', '/assets/images/product/2015/12/15/a3e48dbc9fb5c84cff0432d89060174b.jpg', '0', 1, '0.00', '24.00', '28.00'),
(88, '151215583040009', 11, 2, 1, 0, 'finished', '2015-12-15 08:11:44', '2015-12-15 08:11:44', '0.00', '', '草莓  ', '14.00', '28.00', '', '/assets/images/product/2015/12/15/b18442b3596dbc76e72618ae7d7fff63.jpg', '0', 1, '0.00', '18.00', '28.00'),
(89, '151215583040009', 10, 2, 1, 0, 'finished', '2015-12-15 08:11:44', '2015-12-15 08:11:44', '0.00', '', '梅子', '18.00', '28.00', '', '/assets/images/product/2015/12/15/a3e48dbc9fb5c84cff0432d89060174b.jpg', '0', 1, '0.00', '24.00', '28.00'),
(90, '151215587410010', 2, 2, 1, 0, 'finished', '2015-12-15 08:19:01', '2015-12-15 08:19:01', '0.00', '', '青苹果', '0.00', '28.00', '', '/assets/images/product/2015/12/15/4accf42e036f597ddb9f74ca1c527cb2.jpg', '1', 1, '0.00', '20.00', '20.00'),
(91, '151215587510011', 2, 2, 1, 0, 'finished', '2015-12-15 08:19:11', '2015-12-15 08:19:11', '0.00', '', '青苹果', '0.00', '28.00', '', '/assets/images/product/2015/12/15/4accf42e036f597ddb9f74ca1c527cb2.jpg', '1', 1, '0.00', '20.00', '20.00'),
(92, '151215592810012', 6, 2, 1, 0, 'finished', '2015-12-15 08:28:01', '2015-12-15 08:28:01', '0.00', '', '樱桃  ', '15.00', '29.00', '', '/assets/images/product/2015/12/15/9627ab8da539ef8c8470b54d848250af.jpg', '1', 1, '0.00', '21.00', '21.00'),
(93, '151215592810012', 11, 2, 1, 0, 'finished', '2015-12-15 08:28:01', '2015-12-15 08:28:01', '0.00', '', '草莓  ', '14.00', '28.00', '', '/assets/images/product/2015/12/15/b18442b3596dbc76e72618ae7d7fff63.jpg', '0', 2, '0.00', '18.00', '33.60'),
(94, '151215592810012', 16, 2, 1, 0, 'finished', '2015-12-15 08:28:01', '2015-12-15 08:28:01', '0.00', '', '芒果  ', '3.00', '9.70', '', '/assets/images/product/2015/12/15/0b1dec3e67ab8bbcd6f558809148fa05.jpg', '0', 1, '0.00', '6.80', '5.82'),
(95, '151215592810012', 15, 2, 1, 0, 'finished', '2015-12-15 08:28:01', '2015-12-15 08:28:01', '0.00', '', '荔枝  ', '3.20', '9.90', '', '/assets/images/product/2015/12/15/31bccdfe4af6d701e4ba2aa4b806ba53.jpg', '0', 1, '0.00', '6.90', '5.94'),
(96, '151215592810012', 14, 2, 1, 0, 'finished', '2015-12-15 08:28:01', '2015-12-15 08:28:01', '0.00', '', '柿子', '4.50', '8.80', '', '/assets/images/product/2015/12/15/8d42070092dad970f0cfdb17a06b6b22.jpg', '1', 1, '0.00', '6.60', '6.60'),
(97, '151215592810012', 13, 2, 1, 0, 'finished', '2015-12-15 08:28:01', '2015-12-15 08:28:01', '0.00', '', '柚子', '20.00', '45.00', '', '/assets/images/product/2015/12/15/7fdf25be1a89446754b55d4ea8b1cd21.jpg', '1', 1, '0.00', '30.00', '30.00'),
(98, '151215592810012', 12, 2, 1, 0, 'finished', '2015-12-15 08:28:01', '2015-12-15 08:28:01', '0.00', '', '蓝莓  ', '38.00', '59.80', '', '/assets/images/product/2015/12/15/4149ca3baa48a490659841b07d69f6dc.jpg', '0', 1, '0.00', '39.50', '35.88'),
(99, '151215592810012', 8, 2, 1, 0, 'finished', '2015-12-15 08:28:01', '2015-12-15 08:28:01', '0.00', '', '西瓜 ', '19.00', '32.40', '', '/assets/images/product/2015/12/15/a378f732c2ddcd0e7e183fb3e6ef85c5.jpg', '0', 4, '0.00', '29.00', '77.76'),
(100, '151215592810012', 10, 2, 1, 0, 'finished', '2015-12-15 08:28:01', '2015-12-15 08:28:01', '0.00', '', '梅子', '18.00', '28.00', '', '/assets/images/product/2015/12/15/a3e48dbc9fb5c84cff0432d89060174b.jpg', '0', 1, '0.00', '24.00', '16.80'),
(101, '151215592810012', 9, 2, 1, 0, 'finished', '2015-12-15 08:28:01', '2015-12-15 08:28:01', '0.00', '', '哈密瓜', '9.90', '19.90', '', '/assets/images/product/2015/12/15/907089c7e09dc96e29db37846f05eb5b.jpg', '1', 1, '0.00', '8.80', '8.80'),
(102, '151215592810012', 0, 0, 1, 0, 'finished', '2015-12-15 08:28:01', '2015-12-15 08:28:01', '0.00', '', '无码商品', '0.00', '123.00', '', '', '', 1, '0.00', '0.00', '73.80'),
(103, '151215621980013', 1, 1, 1, 0, 'finished', '2015-12-15 09:16:38', '2015-12-15 09:16:38', '0.00', '', '红苹果', '0.00', '28.00', '', '/assets/images/product/2015/12/15/ab81a643147236c6d559e35b47bb434f.jpg', '0', 1, '0.00', '20.00', '28.00'),
(104, '151215622340014', 1, 1, 1, 0, 'finished', '2015-12-15 09:17:14', '2015-12-15 09:17:14', '0.00', '', '红苹果', '0.00', '28.00', '', '/assets/images/product/2015/12/15/ab81a643147236c6d559e35b47bb434f.jpg', '0', 1, '0.00', '20.00', '28.00'),
(105, '151215622370015', 2, 2, 1, 0, 'finished', '2015-12-15 09:17:17', '2015-12-15 09:17:17', '0.00', '', '青苹果', '0.00', '28.00', '', '/assets/images/product/2015/12/15/4accf42e036f597ddb9f74ca1c527cb2.jpg', '1', 1, '0.00', '20.00', '20.00'),
(106, '151215622410016', 2, 2, 1, 0, 'finished', '2015-12-15 09:17:21', '2015-12-15 09:17:21', '0.00', '', '青苹果', '0.00', '28.00', '', '/assets/images/product/2015/12/15/4accf42e036f597ddb9f74ca1c527cb2.jpg', '1', 1, '0.00', '20.00', '20.00'),
(107, '151215631020017', 2, 2, 1, 0, 'finished', '2015-12-15 09:31:42', '2015-12-15 09:31:42', '0.00', '', '青苹果', '0.00', '28.00', '', '/assets/images/product/2015/12/15/4accf42e036f597ddb9f74ca1c527cb2.jpg', '1', 1, '0.00', '20.00', '20.00'),
(108, '151215632070018', 11, 2, 1, 0, 'finished', '2015-12-15 09:33:27', '2015-12-15 09:33:27', '0.00', '', '草莓  ', '14.00', '28.00', '', '/assets/images/product/2015/12/15/b18442b3596dbc76e72618ae7d7fff63.jpg', '0', 1, '0.00', '18.00', '28.00'),
(109, '151215810740019', 17, 2, 1, 0, 'finished', '2015-12-15 14:31:14', '2015-12-15 14:31:14', '0.00', '', '猕猴桃', '20.00', '45.00', '', '/assets/images/product/2015/12/15/603fbbfa40077197e401600f5fe697bb.jpg', '0', 1, '0.00', '33.00', '45.00'),
(110, '151215810740019', 18, 2, 1, 0, 'finished', '2015-12-15 14:31:14', '2015-12-15 14:31:14', '0.00', '', '椰子', '8.00', '35.00', '', '/assets/images/product/2015/12/15/20a17b16f6507f79ec2d06d7835a11ed.jpg', '0', 1, '0.00', '28.00', '35.00'),
(111, '151215827920020', 2, 2, 1, 0, 'finished', '2015-12-15 14:59:52', '2015-12-15 14:59:52', '0.00', '', '青苹果', '0.00', '28.00', '', '/assets/images/product/2015/12/15/4accf42e036f597ddb9f74ca1c527cb2.jpg', '1', 1, '0.00', '20.00', '20.00'),
(112, '151215827920020', 4, 2, 1, 0, 'finished', '2015-12-15 14:59:52', '2015-12-15 14:59:52', '0.00', '', '葡萄', '20.00', '29.90', '', '/assets/images/product/2015/12/15/f1469bab2437e898182a171d0fb95532.jpg', '0', 2, '0.00', '21.00', '38.87'),
(113, '151215827920020', 5, 2, 1, 0, 'finished', '2015-12-15 14:59:52', '2015-12-15 14:59:52', '0.00', '', '杨桃  ', '21.00', '30.00', '', '/assets/images/product/2015/12/15/4ffb750e18505b614922bc07440ceb5e.jpg', '0', 1, '0.00', '21.00', '19.50'),
(114, '151215827920020', 6, 2, 1, 0, 'finished', '2015-12-15 14:59:52', '2015-12-15 14:59:52', '0.00', '', '樱桃  ', '15.00', '29.00', '', '/assets/images/product/2015/12/15/9627ab8da539ef8c8470b54d848250af.jpg', '1', 1, '0.00', '21.00', '21.00'),
(115, '151215827920020', 11, 2, 1, 0, 'finished', '2015-12-15 14:59:52', '2015-12-15 14:59:52', '0.00', '', '草莓  ', '14.00', '28.00', '', '/assets/images/product/2015/12/15/b18442b3596dbc76e72618ae7d7fff63.jpg', '0', 1, '0.00', '18.00', '18.20'),
(116, '151215827920020', 10, 2, 1, 0, 'finished', '2015-12-15 14:59:52', '2015-12-15 14:59:52', '0.00', '', '梅子', '18.00', '28.00', '', '/assets/images/product/2015/12/15/a3e48dbc9fb5c84cff0432d89060174b.jpg', '0', 1, '0.00', '24.00', '18.20'),
(117, '151215827920020', 9, 2, 1, 0, 'finished', '2015-12-15 14:59:52', '2015-12-15 14:59:52', '0.00', '', '哈密瓜', '9.90', '19.90', '', '/assets/images/product/2015/12/15/907089c7e09dc96e29db37846f05eb5b.jpg', '1', 1, '0.00', '8.80', '8.80'),
(118, '151216574260001', 1, 1, 1, 0, 'finished', '2015-12-16 07:57:06', '2015-12-16 07:57:06', '0.00', '', '红苹果', '0.00', '28.00', '', '/assets/images/product/2015/12/15/ab81a643147236c6d559e35b47bb434f.jpg', '0', 1, '0.00', '20.00', '28.00'),
(119, '151216574620002', 1, 1, 1, 0, 'finished', '2015-12-16 07:57:42', '2015-12-16 07:57:42', '0.00', '', '红苹果', '0.00', '28.00', '', '/assets/images/product/2015/12/15/ab81a643147236c6d559e35b47bb434f.jpg', '0', 1, '0.00', '20.00', '28.00'),
(120, '151216574650003', 1, 1, 1, 0, 'finished', '2015-12-16 07:57:45', '2015-12-16 07:57:45', '0.00', '', '红苹果', '0.00', '28.00', '', '/assets/images/product/2015/12/15/ab81a643147236c6d559e35b47bb434f.jpg', '0', 1, '0.00', '20.00', '28.00'),
(121, '151216575180004', 6, 2, 1, 0, 'finished', '2015-12-16 07:58:38', '2015-12-16 07:58:38', '0.00', '', '樱桃  ', '15.00', '29.00', '', '/assets/images/product/2015/12/15/9627ab8da539ef8c8470b54d848250af.jpg', '1', 4, '0.00', '21.00', '84.00'),
(122, '151216575180004', 5, 2, 1, 0, 'finished', '2015-12-16 07:58:38', '2015-12-16 07:58:38', '0.00', '', '杨桃  ', '21.00', '30.00', '', '/assets/images/product/2015/12/15/4ffb750e18505b614922bc07440ceb5e.jpg', '0', 2, '0.00', '21.00', '60.00'),
(123, '151216575710005', 16, 2, 1, 0, 'finished', '2015-12-16 07:59:31', '2015-12-16 07:59:31', '0.00', '', '芒果  ', '3.00', '9.70', '', '/assets/images/product/2015/12/15/0b1dec3e67ab8bbcd6f558809148fa05.jpg', '0', 1, '0.00', '6.80', '6.60'),
(124, '151216575710005', 15, 2, 1, 0, 'finished', '2015-12-16 07:59:31', '2015-12-16 07:59:31', '0.00', '', '荔枝  ', '3.20', '9.90', '', '/assets/images/product/2015/12/15/31bccdfe4af6d701e4ba2aa4b806ba53.jpg', '0', 1, '0.00', '6.90', '6.73'),
(125, '151216576220006', 5, 2, 1, 0, 'finished', '2015-12-16 08:00:22', '2015-12-16 08:00:22', '0.00', '', '杨桃  ', '21.00', '30.00', '', '/assets/images/product/2015/12/15/4ffb750e18505b614922bc07440ceb5e.jpg', '0', 1, '0.00', '21.00', '30.00'),
(126, '151216576220006', 10, 2, 1, 0, 'finished', '2015-12-16 08:00:22', '2015-12-16 08:00:22', '0.00', '', '梅子', '18.00', '28.00', '', '/assets/images/product/2015/12/15/a3e48dbc9fb5c84cff0432d89060174b.jpg', '0', 1, '0.00', '24.00', '28.00'),
(127, '151216576220006', 9, 2, 1, 0, 'finished', '2015-12-16 08:00:22', '2015-12-16 08:00:22', '0.00', '', '哈密瓜', '9.90', '19.90', '', '/assets/images/product/2015/12/15/907089c7e09dc96e29db37846f05eb5b.jpg', '1', 1, '0.00', '8.80', '8.80'),
(128, '151216579060007', 11, 2, 1, 0, 'finished', '2015-12-16 08:05:06', '2015-12-16 08:05:06', '0.00', '', '草莓  ', '14.00', '28.00', '', '/assets/images/product/2015/12/15/b18442b3596dbc76e72618ae7d7fff63.jpg', '0', 1, '0.00', '18.00', '15.40'),
(129, '151216579060007', 10, 2, 1, 0, 'finished', '2015-12-16 08:05:06', '2015-12-16 08:05:06', '0.00', '', '梅子', '18.00', '28.00', '', '/assets/images/product/2015/12/15/a3e48dbc9fb5c84cff0432d89060174b.jpg', '0', 1, '0.00', '24.00', '15.40'),
(130, '151216621750008', 11, 2, 1, 0, 'finished', '2015-12-16 09:16:15', '2015-12-16 09:16:15', '0.00', '', '草莓  ', '14.00', '28.00', '', '/assets/images/product/2015/12/15/b18442b3596dbc76e72618ae7d7fff63.jpg', '0', 1, '0.00', '18.00', '28.00'),
(131, '151216621750008', 10, 2, 1, 0, 'finished', '2015-12-16 09:16:15', '2015-12-16 09:16:15', '0.00', '', '梅子', '18.00', '28.00', '', '/assets/images/product/2015/12/15/a3e48dbc9fb5c84cff0432d89060174b.jpg', '0', 1, '0.00', '24.00', '28.00'),
(132, '151216621850009', 10, 2, 1, 0, 'finished', '2015-12-16 09:16:25', '2015-12-16 09:16:25', '0.00', '', '梅子', '18.00', '28.00', '', '/assets/images/product/2015/12/15/a3e48dbc9fb5c84cff0432d89060174b.jpg', '0', 1, '0.00', '24.00', '28.00'),
(133, '151216621850009', 11, 2, 1, 0, 'finished', '2015-12-16 09:16:25', '2015-12-16 09:16:25', '0.00', '', '草莓  ', '14.00', '28.00', '', '/assets/images/product/2015/12/15/b18442b3596dbc76e72618ae7d7fff63.jpg', '0', 1, '0.00', '18.00', '28.00'),
(134, '151216622130010', 2, 2, 1, 0, 'finished', '2015-12-16 09:16:53', '2015-12-16 09:16:53', '0.00', '', '青苹果', '0.00', '28.00', '', '/assets/images/product/2015/12/15/4accf42e036f597ddb9f74ca1c527cb2.jpg', '1', 1, '0.00', '20.00', '20.00'),
(135, '151216622180011', 2, 2, 1, 0, 'finished', '2015-12-16 09:16:58', '2015-12-16 09:16:58', '0.00', '', '青苹果', '0.00', '28.00', '', '/assets/images/product/2015/12/15/4accf42e036f597ddb9f74ca1c527cb2.jpg', '1', 1, '0.00', '20.00', '20.00'),
(136, '151216625790012', 16, 2, 1, 0, 'finished', '2015-12-16 09:22:59', '2015-12-16 09:22:59', '0.00', '', '芒果  ', '3.00', '9.70', '', '/assets/images/product/2015/12/15/0b1dec3e67ab8bbcd6f558809148fa05.jpg', '0', 1, '0.00', '6.80', '7.76'),
(137, '151216625790012', 11, 2, 1, 0, 'finished', '2015-12-16 09:22:59', '2015-12-16 09:22:59', '0.00', '', '草莓  ', '14.00', '28.00', '', '/assets/images/product/2015/12/15/b18442b3596dbc76e72618ae7d7fff63.jpg', '0', 1, '0.00', '18.00', '22.40'),
(138, '151216627030013', 2, 2, 1, 0, 'finished', '2015-12-16 09:25:03', '2015-12-16 09:25:03', '0.00', '', '青苹果', '0.00', '28.00', '', '/assets/images/product/2015/12/15/4accf42e036f597ddb9f74ca1c527cb2.jpg', '1', 1, '0.00', '20.00', '20.00'),
(139, '151216650020014', 6, 2, 1, 0, 'finished', '2015-12-16 10:03:22', '2015-12-16 10:03:22', '0.00', '', '樱桃  ', '15.00', '29.00', '', '/assets/images/product/2015/12/15/9627ab8da539ef8c8470b54d848250af.jpg', '1', 2, '0.00', '21.00', '42.00'),
(140, '151216650290015', 6, 2, 1, 0, 'finished', '2015-12-16 10:03:49', '2015-12-16 10:03:49', '0.00', '', '樱桃  ', '15.00', '29.00', '', '/assets/images/product/2015/12/15/9627ab8da539ef8c8470b54d848250af.jpg', '1', 2, '0.00', '21.00', '42.00'),
(141, '151216777010016', 1, 1, 1, 0, 'finished', '2015-12-16 13:35:01', '2015-12-16 13:35:01', '0.00', '', '红苹果', '0.00', '28.00', '', '/assets/images/product/2015/12/15/ab81a643147236c6d559e35b47bb434f.jpg', '0', 1, '0.00', '20.00', '28.00'),
(142, '151216799460017', 8, 2, 1, 0, 'finished', '2015-12-16 14:12:26', '2015-12-16 14:12:26', '0.00', '', '西瓜 ', '19.00', '32.40', '', '/assets/images/product/2015/12/15/a378f732c2ddcd0e7e183fb3e6ef85c5.jpg', '0', 2, '0.00', '29.00', '64.80'),
(143, '151216799460017', 9, 2, 1, 0, 'finished', '2015-12-16 14:12:26', '2015-12-16 14:12:26', '0.00', '', '哈密瓜', '9.90', '19.90', '', '/assets/images/product/2015/12/15/907089c7e09dc96e29db37846f05eb5b.jpg', '1', 3, '0.00', '8.80', '26.40'),
(144, '151216799460017', 10, 2, 1, 0, 'finished', '2015-12-16 14:12:26', '2015-12-16 14:12:26', '0.00', '', '梅子', '18.00', '28.00', '', '/assets/images/product/2015/12/15/a3e48dbc9fb5c84cff0432d89060174b.jpg', '0', 3, '0.00', '24.00', '84.00'),
(145, '151216799460017', 11, 2, 1, 0, 'finished', '2015-12-16 14:12:26', '2015-12-16 14:12:26', '0.00', '', '草莓  ', '14.00', '28.00', '', '/assets/images/product/2015/12/15/b18442b3596dbc76e72618ae7d7fff63.jpg', '0', 3, '0.00', '18.00', '84.00'),
(146, '151216799460017', 12, 2, 1, 0, 'finished', '2015-12-16 14:12:26', '2015-12-16 14:12:26', '0.00', '', '蓝莓  ', '38.00', '59.80', '', '/assets/images/product/2015/12/15/4149ca3baa48a490659841b07d69f6dc.jpg', '0', 3, '0.00', '39.50', '179.40'),
(147, '151216801050018', 9, 2, 1, 0, 'finished', '2015-12-16 14:15:05', '2015-12-16 14:15:05', '0.00', '', '哈密瓜', '9.90', '19.90', '', '/assets/images/product/2015/12/15/907089c7e09dc96e29db37846f05eb5b.jpg', '1', 1, '0.00', '8.80', '8.80'),
(148, '151217386310001', 6, 2, 1, 0, 'finished', '2015-12-17 02:43:51', '2015-12-17 02:43:51', '0.00', '', '樱桃  ', '15.00', '29.00', '', '/assets/images/product/2015/12/15/9627ab8da539ef8c8470b54d848250af.jpg', '1', 1, '0.00', '21.00', '21.00'),
(149, '151217386310001', 9, 2, 1, 0, 'finished', '2015-12-17 02:43:51', '2015-12-17 02:43:51', '0.00', '', '哈密瓜', '9.90', '19.90', '', '/assets/images/product/2015/12/15/907089c7e09dc96e29db37846f05eb5b.jpg', '1', 3, '0.00', '8.80', '26.40'),
(150, '151217386310001', 8, 2, 1, 0, 'finished', '2015-12-17 02:43:51', '2015-12-17 02:43:51', '0.00', '', '西瓜 ', '19.00', '32.40', '', '/assets/images/product/2015/12/15/a378f732c2ddcd0e7e183fb3e6ef85c5.jpg', '0', 2, '0.00', '29.00', '64.80'),
(151, '151217401960002', 5, 2, 1, 0, 'finished', '2015-12-17 03:09:56', '2015-12-17 03:09:56', '0.00', '', '杨桃  ', '21.00', '30.00', '', '/assets/images/product/2015/12/15/4ffb750e18505b614922bc07440ceb5e.jpg', '0', 1, '0.00', '21.00', '28.50'),
(152, '151217401960002', 3, 2, 1, 0, 'finished', '2015-12-17 03:09:56', '2015-12-17 03:09:56', '0.00', '', '香蕉  ', '20.00', '39.90', '', '/assets/images/product/2015/12/15/cbd750916bdd9c402bc1f7cf80da51da.jpg', '1', 1, '0.00', '24.90', '24.90'),
(153, '151217401960002', 2, 2, 1, 0, 'finished', '2015-12-17 03:09:56', '2015-12-17 03:09:56', '0.00', '', '青苹果', '0.00', '28.00', '', '/assets/images/product/2015/12/15/4accf42e036f597ddb9f74ca1c527cb2.jpg', '1', 1, '0.00', '20.00', '20.00'),
(154, '151217401960002', 9, 2, 1, 0, 'finished', '2015-12-17 03:09:56', '2015-12-17 03:09:56', '0.00', '', '哈密瓜', '9.90', '19.90', '', '/assets/images/product/2015/12/15/907089c7e09dc96e29db37846f05eb5b.jpg', '1', 1, '0.00', '8.80', '8.80'),
(155, '151217401960002', 11, 2, 1, 0, 'finished', '2015-12-17 03:09:56', '2015-12-17 03:09:56', '0.00', '', '草莓  ', '14.00', '28.00', '', '/assets/images/product/2015/12/15/b18442b3596dbc76e72618ae7d7fff63.jpg', '0', 4, '0.00', '18.00', '106.40'),
(156, '151217403090003', 5, 2, 1, 0, 'finished', '2015-12-17 03:11:49', '2015-12-17 03:11:49', '0.00', '', '杨桃  ', '21.00', '30.00', '', '/assets/images/product/2015/12/15/4ffb750e18505b614922bc07440ceb5e.jpg', '0', 1, '0.00', '21.00', '30.00'),
(157, '151217403090003', 6, 2, 1, 0, 'finished', '2015-12-17 03:11:49', '2015-12-17 03:11:49', '0.00', '', '樱桃  ', '15.00', '29.00', '', '/assets/images/product/2015/12/15/9627ab8da539ef8c8470b54d848250af.jpg', '1', 1, '0.00', '21.00', '21.00'),
(158, '151217403090003', 10, 2, 1, 0, 'finished', '2015-12-17 03:11:49', '2015-12-17 03:11:49', '0.00', '', '梅子', '18.00', '28.00', '', '/assets/images/product/2015/12/15/a3e48dbc9fb5c84cff0432d89060174b.jpg', '0', 2, '0.00', '24.00', '56.00'),
(159, '151217403290004', 2, 2, 1, 0, 'finished', '2015-12-17 03:12:09', '2015-12-17 03:12:09', '0.00', '', '青苹果', '0.00', '28.00', '', '/assets/images/product/2015/12/15/4accf42e036f597ddb9f74ca1c527cb2.jpg', '1', 8, '0.00', '20.00', '160.00'),
(160, '151217500050005', 5, 2, 1, 0, 'finished', '2015-12-17 05:53:25', '2015-12-17 05:53:25', '0.00', '', '杨桃  ', '21.00', '30.00', '', '/assets/images/product/2015/12/15/4ffb750e18505b614922bc07440ceb5e.jpg', '0', 1, '0.00', '21.00', '25.80'),
(161, '151217500050005', 3, 2, 1, 0, 'finished', '2015-12-17 05:53:25', '2015-12-17 05:53:25', '0.00', '', '香蕉  ', '20.00', '39.90', '', '/assets/images/product/2015/12/15/cbd750916bdd9c402bc1f7cf80da51da.jpg', '1', 1, '0.00', '24.90', '24.90'),
(162, '151217500050005', 2, 2, 1, 0, 'finished', '2015-12-17 05:53:25', '2015-12-17 05:53:25', '0.00', '', '青苹果', '0.00', '28.00', '', '/assets/images/product/2015/12/15/4accf42e036f597ddb9f74ca1c527cb2.jpg', '1', 1, '0.00', '20.00', '20.00'),
(163, '151218373880001', 2, 2, 1, 0, 'finished', '2015-12-18 02:23:08', '2015-12-18 02:23:08', '0.00', '', '青苹果', '0.00', '28.00', '', '/assets/images/product/2015/12/15/4accf42e036f597ddb9f74ca1c527cb2.jpg', '1', 1, '0.00', '20.00', '20.00'),
(164, '151218374580002', 5, 2, 1, 0, 'finished', '2015-12-18 02:24:18', '2015-12-18 02:24:18', '0.00', '', '杨桃  ', '21.00', '30.00', '', '/assets/images/product/2015/12/15/4ffb750e18505b614922bc07440ceb5e.jpg', '0', 1, '0.00', '21.00', '30.00'),
(165, '151218375270003', 5, 2, 1, 0, 'finished', '2015-12-18 02:25:27', '2015-12-18 02:25:27', '0.00', '', '杨桃  ', '21.00', '30.00', '', '/assets/images/product/2015/12/15/4ffb750e18505b614922bc07440ceb5e.jpg', '0', 1, '0.00', '21.00', '30.00'),
(166, '151218481130004', 2, 2, 1, 0, 'finished', '2015-12-18 05:21:53', '2015-12-18 05:21:53', '0.00', '', '青苹果', '0.00', '28.00', '', '/assets/images/product/2015/12/15/4accf42e036f597ddb9f74ca1c527cb2.jpg', '1', 1, '0.00', '20.00', '20.00'),
(167, '151218501400005', 11, 2, 1, 0, 'finished', '2015-12-18 05:55:40', '2015-12-18 05:55:40', '0.00', '', '草莓  ', '14.00', '28.00', '', '/assets/images/product/2015/12/15/b18442b3596dbc76e72618ae7d7fff63.jpg', '0', 5, '0.00', '18.00', '105.00'),
(168, '151218501400005', 10, 2, 1, 0, 'finished', '2015-12-18 05:55:40', '2015-12-18 05:55:40', '0.00', '', '梅子', '18.00', '28.00', '', '/assets/images/product/2015/12/15/a3e48dbc9fb5c84cff0432d89060174b.jpg', '0', 4, '0.00', '24.00', '84.00'),
(169, '151218501400005', 16, 2, 1, 0, 'finished', '2015-12-18 05:55:40', '2015-12-18 05:55:40', '0.00', '', '芒果  ', '3.00', '9.70', '', '/assets/images/product/2015/12/15/0b1dec3e67ab8bbcd6f558809148fa05.jpg', '0', 1, '0.00', '6.80', '7.28'),
(170, '151218508430006', 11, 2, 1, 0, 'finished', '2015-12-18 06:07:23', '2015-12-18 06:07:23', '0.00', '', '草莓  ', '14.00', '28.00', '', '/assets/images/product/2015/12/15/b18442b3596dbc76e72618ae7d7fff63.jpg', '0', 1, '0.00', '18.00', '28.00'),
(171, '151218508430006', 10, 2, 1, 0, 'finished', '2015-12-18 06:07:23', '2015-12-18 06:07:23', '0.00', '', '梅子', '18.00', '28.00', '', '/assets/images/product/2015/12/15/a3e48dbc9fb5c84cff0432d89060174b.jpg', '0', 1, '0.00', '24.00', '28.00'),
(172, '151218508820007', 11, 2, 1, 0, 'finished', '2015-12-18 06:08:02', '2015-12-18 06:08:02', '0.00', '', '草莓  ', '14.00', '28.00', '', '/assets/images/product/2015/12/15/b18442b3596dbc76e72618ae7d7fff63.jpg', '0', 1, '0.00', '18.00', '19.60'),
(173, '151218508820007', 10, 2, 1, 0, 'finished', '2015-12-18 06:08:02', '2015-12-18 06:08:02', '0.00', '', '梅子', '18.00', '28.00', '', '/assets/images/product/2015/12/15/a3e48dbc9fb5c84cff0432d89060174b.jpg', '0', 1, '0.00', '24.00', '19.60'),
(174, '151218508820007', 6, 2, 1, 0, 'finished', '2015-12-18 06:08:02', '2015-12-18 06:08:02', '0.00', '', '樱桃  ', '15.00', '29.00', '', '/assets/images/product/2015/12/15/9627ab8da539ef8c8470b54d848250af.jpg', '1', 1, '0.00', '21.00', '21.00'),
(175, '151218561270008', 16, 2, 1, 0, 'finished', '2015-12-18 07:35:27', '2015-12-18 07:35:27', '0.00', '', '芒果  ', '3.00', '9.70', '', '/assets/images/product/2015/12/15/0b1dec3e67ab8bbcd6f558809148fa05.jpg', '0', 1, '0.00', '6.80', '9.70'),
(176, '151218564090009', 16, 2, 1, 0, 'finished', '2015-12-18 07:40:09', '2015-12-18 07:40:09', '0.00', '', '芒果  ', '3.00', '9.70', '', '/assets/images/product/2015/12/15/0b1dec3e67ab8bbcd6f558809148fa05.jpg', '0', 1, '0.00', '6.80', '9.70'),
(177, '151218613780010', 4, 2, 1, 0, 'finished', '2015-12-18 09:02:58', '2015-12-18 09:02:58', '0.00', '', '葡萄', '5.00', '10.00', '', '/assets/images/product/2015/12/15/f1469bab2437e898182a171d0fb95532.jpg', '0', 5, '0.00', '8.00', '40.00'),
(178, '151218614460011', 4, 2, 1, 0, 'finished', '2015-12-18 09:04:06', '2015-12-18 09:04:06', '0.00', '', '葡萄', '5.00', '10.00', '', '/assets/images/product/2015/12/15/f1469bab2437e898182a171d0fb95532.jpg', '0', 5, '0.00', '8.00', '40.00'),
(179, '151218615060012', 4, 2, 1, 0, 'finished', '2015-12-18 09:05:06', '2015-12-18 09:05:06', '0.00', '', '葡萄', '5.00', '10.00', '', '/assets/images/product/2015/12/15/f1469bab2437e898182a171d0fb95532.jpg', '0', 5, '0.00', '8.00', '40.00'),
(180, '151218617320013', 1, 1, 1, 0, 'finished', '2015-12-18 09:08:52', '2015-12-18 09:08:52', '0.00', '', '红苹果', '5.00', '20.00', '', '/assets/images/product/2015/12/15/ab81a643147236c6d559e35b47bb434f.jpg', '0', 1, '0.00', '18.00', '20.00'),
(181, '151218621800014', 4, 2, 1, 0, 'finished', '2015-12-18 09:16:20', '2015-12-18 09:16:20', '0.00', '', '葡萄', '5.00', '10.00', '', '/assets/images/product/2015/12/15/f1469bab2437e898182a171d0fb95532.jpg', '0', 5, '0.00', '8.00', '40.00'),
(182, '151218622220015', 4, 2, 1, 0, 'finished', '2015-12-18 09:17:02', '2015-12-18 09:17:02', '0.00', '', '葡萄', '5.00', '10.00', '', '/assets/images/product/2015/12/15/f1469bab2437e898182a171d0fb95532.jpg', '0', 5, '0.00', '8.00', '40.00'),
(183, '151218622400016', 4, 2, 1, 0, 'finished', '2015-12-18 09:17:20', '2015-12-18 09:17:20', '0.00', '', '葡萄', '5.00', '10.00', '', '/assets/images/product/2015/12/15/f1469bab2437e898182a171d0fb95532.jpg', '0', 5, '0.00', '8.00', '40.00'),
(184, '151218622520017', 1, 1, 1, 0, 'finished', '2015-12-18 09:17:32', '2015-12-18 09:17:32', '0.00', '', '红苹果', '5.00', '20.00', '', '/assets/images/product/2015/12/15/ab81a643147236c6d559e35b47bb434f.jpg', '0', 1, '0.00', '18.00', '20.00'),
(185, '151218624790018', 4, 2, 1, 0, 'finished', '2015-12-18 09:21:19', '2015-12-18 09:21:19', '0.00', '', '葡萄', '5.00', '10.00', '', '/assets/images/product/2015/12/15/f1469bab2437e898182a171d0fb95532.jpg', '0', 5, '0.00', '8.00', '40.00'),
(186, '151218624950019', 1, 1, 1, 0, 'finished', '2015-12-18 09:21:35', '2015-12-18 09:21:35', '0.00', '', '红苹果', '5.00', '20.00', '', '/assets/images/product/2015/12/15/ab81a643147236c6d559e35b47bb434f.jpg', '0', 1, '0.00', '18.00', '20.00'),
(187, '151218625150020', 4, 2, 1, 0, 'finished', '2015-12-18 09:21:55', '2015-12-18 09:21:55', '0.00', '', '葡萄', '5.00', '10.00', '', '/assets/images/product/2015/12/15/f1469bab2437e898182a171d0fb95532.jpg', '0', 5, '0.00', '8.00', '40.00'),
(188, '151218625460021', 4, 2, 1, 0, 'finished', '2015-12-18 09:22:26', '2015-12-18 09:22:26', '0.00', '', '葡萄', '5.00', '10.00', '', '/assets/images/product/2015/12/15/f1469bab2437e898182a171d0fb95532.jpg', '0', 5, '0.00', '8.00', '40.00'),
(189, '151219640990001', 6, 2, 1, 0, 'finished', '2015-12-19 09:48:19', '2015-12-19 09:48:19', '0.00', '', '樱桃  ', '15.00', '29.00', '', '/assets/images/product/2015/12/15/9627ab8da539ef8c8470b54d848250af.jpg', '1', 2, '0.00', '21.00', '42.00'),
(190, '151219640990001', 9, 2, 1, 0, 'finished', '2015-12-19 09:48:19', '2015-12-19 09:48:19', '0.00', '', '哈密瓜', '9.90', '19.90', '', '/assets/images/product/2015/12/15/907089c7e09dc96e29db37846f05eb5b.jpg', '1', 1, '0.00', '8.80', '8.80'),
(191, '151222746080001', 16, 2, 1, 0, 'finished', '2015-12-22 12:43:28', '2015-12-22 12:43:28', '0.00', '', '芒果  ', '3.00', '9.70', '', '/assets/images/product/2015/12/15/0b1dec3e67ab8bbcd6f558809148fa05.jpg', '0', 3, '0.00', '6.80', '24.74'),
(192, '151222746080001', 15, 2, 1, 0, 'finished', '2015-12-22 12:43:28', '2015-12-22 12:43:28', '0.00', '', '荔枝  ', '3.20', '9.90', '', '/assets/images/product/2015/12/15/31bccdfe4af6d701e4ba2aa4b806ba53.jpg', '0', 3, '0.00', '6.90', '25.25'),
(193, '151222746430002', 15, 2, 1, 0, 'finished', '2015-12-22 12:44:03', '2015-12-22 12:44:03', '0.00', '', '荔枝  ', '3.20', '9.90', '', '/assets/images/product/2015/12/15/31bccdfe4af6d701e4ba2aa4b806ba53.jpg', '0', 3, '0.00', '6.90', '28.22'),
(194, '151222746430002', 16, 2, 1, 0, 'finished', '2015-12-22 12:44:03', '2015-12-22 12:44:03', '0.00', '', '芒果  ', '3.00', '9.70', '', '/assets/images/product/2015/12/15/0b1dec3e67ab8bbcd6f558809148fa05.jpg', '0', 2, '0.00', '6.80', '18.43'),
(195, '151222746810003', 16, 2, 1, 0, 'finished', '2015-12-22 12:44:41', '2015-12-22 12:44:41', '0.00', '', '芒果  ', '3.00', '9.70', '', '/assets/images/product/2015/12/15/0b1dec3e67ab8bbcd6f558809148fa05.jpg', '0', 1, '0.00', '6.80', '9.70'),
(196, '151222747910004', 16, 2, 1, 0, 'finished', '2015-12-22 12:46:31', '2015-12-22 12:46:31', '0.00', '', '芒果  ', '3.00', '9.70', '', '/assets/images/product/2015/12/15/0b1dec3e67ab8bbcd6f558809148fa05.jpg', '0', 1, '0.00', '6.80', '9.70'),
(197, '151224741140001', 11, 2, 1, 0, 'finished', '2015-12-24 12:35:14', '2015-12-24 12:35:14', '0.00', '', '草莓  ', '14.00', '28.00', '', '/assets/images/product/2015/12/15/b18442b3596dbc76e72618ae7d7fff63.jpg', '0', 1, '0.00', '18.00', '23.80'),
(198, '151224741140001', 16, 2, 1, 0, 'finished', '2015-12-24 12:35:14', '2015-12-24 12:35:14', '0.00', '', '芒果  ', '3.00', '9.70', '', '/assets/images/product/2015/12/15/0b1dec3e67ab8bbcd6f558809148fa05.jpg', '0', 1, '0.00', '6.80', '8.25'),
(199, '151224741140001', 14, 2, 1, 0, 'finished', '2015-12-24 12:35:14', '2015-12-24 12:35:14', '0.00', '', '柿子', '4.50', '8.80', '', '/assets/images/product/2015/12/15/8d42070092dad970f0cfdb17a06b6b22.jpg', '1', 1, '0.00', '6.60', '6.60'),
(200, '151224741670002', 11, 2, 1, 0, 'finished', '2015-12-24 12:36:07', '2015-12-24 12:36:07', '0.00', '', '草莓  ', '14.00', '28.00', '', '/assets/images/product/2015/12/15/b18442b3596dbc76e72618ae7d7fff63.jpg', '0', 1, '0.00', '18.00', '22.40'),
(201, '151224741670002', 6, 2, 1, 0, 'finished', '2015-12-24 12:36:07', '2015-12-24 12:36:07', '0.00', '', '樱桃  ', '15.00', '29.00', '', '/assets/images/product/2015/12/15/9627ab8da539ef8c8470b54d848250af.jpg', '1', 1, '0.00', '21.00', '21.00'),
(202, '151224741870003', 11, 2, 1, 0, 'finished', '2015-12-24 12:36:27', '2015-12-24 12:36:27', '0.00', '', '草莓  ', '14.00', '28.00', '', '/assets/images/product/2015/12/15/b18442b3596dbc76e72618ae7d7fff63.jpg', '0', 1, '0.00', '18.00', '28.00'),
(203, '151224745370004', 21, 2, 1, 0, 'finished', '2015-12-24 12:42:17', '2015-12-24 12:42:17', '0.00', '', '枇杷', '5.00', '23.00', '', '/assets/images/product/2015/12/15/93a51371729e5a19a8371b0451d3837d.jpg', '0', 1, '0.00', '8.00', '23.00'),
(204, '151224745370004', 6, 2, 1, 0, 'finished', '2015-12-24 12:42:17', '2015-12-24 12:42:17', '0.00', '', '樱桃  ', '15.00', '29.00', '', '/assets/images/product/2015/12/15/9627ab8da539ef8c8470b54d848250af.jpg', '1', 1, '0.00', '21.00', '21.00'),
(205, '151224745370004', 11, 2, 1, 0, 'finished', '2015-12-24 12:42:17', '2015-12-24 12:42:17', '0.00', '', '草莓  ', '14.00', '28.00', '', '/assets/images/product/2015/12/15/b18442b3596dbc76e72618ae7d7fff63.jpg', '0', 1, '0.00', '18.00', '28.00'),
(206, '151224748280019', 14, 2, 1, 0, 'finished', '2015-12-24 12:47:08', '2015-12-24 12:47:08', '0.00', '', '柿子', '4.50', '8.80', '', '/assets/images/product/2015/12/15/8d42070092dad970f0cfdb17a06b6b22.jpg', '1', 1, '0.00', '6.60', '6.60'),
(207, '151224748390020', 11, 2, 1, 0, 'finished', '2015-12-24 12:47:19', '2015-12-24 12:47:19', '0.00', '', '草莓  ', '14.00', '28.00', '', '/assets/images/product/2015/12/15/b18442b3596dbc76e72618ae7d7fff63.jpg', '0', 1, '0.00', '18.00', '28.00'),
(208, '151224748390020', 16, 2, 1, 0, 'finished', '2015-12-24 12:47:19', '2015-12-24 12:47:19', '0.00', '', '芒果  ', '3.00', '9.70', '', '/assets/images/product/2015/12/15/0b1dec3e67ab8bbcd6f558809148fa05.jpg', '1', 1, '0.00', '6.80', '6.80'),
(209, '151224748390020', 15, 2, 1, 0, 'finished', '2015-12-24 12:47:19', '2015-12-24 12:47:19', '0.00', '', '荔枝  ', '3.20', '9.90', '', '/assets/images/product/2015/12/15/31bccdfe4af6d701e4ba2aa4b806ba53.jpg', '1', 1, '0.00', '6.90', '6.90'),
(210, '151224748530021', 11, 2, 1, 0, 'finished', '2015-12-24 12:47:33', '2015-12-24 12:47:33', '0.00', '', '草莓  ', '14.00', '28.00', '', '/assets/images/product/2015/12/15/b18442b3596dbc76e72618ae7d7fff63.jpg', '0', 1, '0.00', '18.00', '28.00'),
(211, '151224748530021', 16, 2, 1, 0, 'finished', '2015-12-24 12:47:33', '2015-12-24 12:47:33', '0.00', '', '芒果  ', '3.00', '9.70', '', '/assets/images/product/2015/12/15/0b1dec3e67ab8bbcd6f558809148fa05.jpg', '1', 1, '0.00', '6.80', '6.80'),
(212, '151224748530021', 15, 2, 1, 0, 'finished', '2015-12-24 12:47:33', '2015-12-24 12:47:33', '0.00', '', '荔枝  ', '3.20', '9.90', '', '/assets/images/product/2015/12/15/31bccdfe4af6d701e4ba2aa4b806ba53.jpg', '1', 1, '0.00', '6.90', '6.90'),
(213, '151224748910022', 11, 2, 1, 0, 'finished', '2015-12-24 12:48:11', '2015-12-24 12:48:11', '0.00', '', '草莓  ', '14.00', '28.00', '', '/assets/images/product/2015/12/15/b18442b3596dbc76e72618ae7d7fff63.jpg', '0', 1, '0.00', '18.00', '28.00'),
(214, '151224748910022', 21, 2, 1, 0, 'finished', '2015-12-24 12:48:11', '2015-12-24 12:48:11', '0.00', '', '枇杷', '5.00', '23.00', '', '/assets/images/product/2015/12/15/93a51371729e5a19a8371b0451d3837d.jpg', '1', 3, '0.00', '8.00', '24.00'),
(215, '151224749150023', 11, 2, 1, 0, 'finished', '2015-12-24 12:48:35', '2015-12-24 12:48:35', '0.00', '', '草莓  ', '14.00', '28.00', '', '/assets/images/product/2015/12/15/b18442b3596dbc76e72618ae7d7fff63.jpg', '0', 1, '0.00', '18.00', '28.00'),
(216, '151224749150023', 16, 2, 1, 0, 'finished', '2015-12-24 12:48:35', '2015-12-24 12:48:35', '0.00', '', '芒果  ', '3.00', '9.70', '', '/assets/images/product/2015/12/15/0b1dec3e67ab8bbcd6f558809148fa05.jpg', '1', 1, '0.00', '6.80', '6.80'),
(217, '151224749360024', 11, 2, 1, 0, 'finished', '2015-12-24 12:48:56', '2015-12-24 12:48:56', '0.00', '', '草莓  ', '14.00', '28.00', '', '/assets/images/product/2015/12/15/b18442b3596dbc76e72618ae7d7fff63.jpg', '0', 1, '0.00', '18.00', '28.00'),
(218, '151224749360024', 16, 2, 1, 0, 'finished', '2015-12-24 12:48:56', '2015-12-24 12:48:56', '0.00', '', '芒果  ', '3.00', '9.70', '', '/assets/images/product/2015/12/15/0b1dec3e67ab8bbcd6f558809148fa05.jpg', '1', 1, '0.00', '6.80', '6.80'),
(219, '151224749360024', 15, 2, 1, 0, 'finished', '2015-12-24 12:48:56', '2015-12-24 12:48:56', '0.00', '', '荔枝  ', '3.20', '9.90', '', '/assets/images/product/2015/12/15/31bccdfe4af6d701e4ba2aa4b806ba53.jpg', '1', 1, '0.00', '6.90', '6.90');
INSERT INTO `sales_order_item` (`sales_order_item_id`, `order_id`, `product_id`, `category_id`, `store_id`, `seller_id`, `status`, `created_at`, `updated_at`, `weight`, `sku`, `name`, `cost_price`, `price`, `description`, `image`, `is_promo`, `quantity`, `tax_amount`, `discount_amount`, `total_price`) VALUES
(220, '151224749480025', 11, 2, 1, 0, 'finished', '2015-12-24 12:49:08', '2015-12-24 12:49:08', '0.00', '', '草莓  ', '14.00', '28.00', '', '/assets/images/product/2015/12/15/b18442b3596dbc76e72618ae7d7fff63.jpg', '0', 1, '0.00', '18.00', '22.40'),
(221, '151224749480025', 16, 2, 1, 0, 'finished', '2015-12-24 12:49:08', '2015-12-24 12:49:08', '0.00', '', '芒果  ', '3.00', '9.70', '', '/assets/images/product/2015/12/15/0b1dec3e67ab8bbcd6f558809148fa05.jpg', '1', 1, '0.00', '6.80', '6.80'),
(222, '151224749480025', 15, 2, 1, 0, 'finished', '2015-12-24 12:49:08', '2015-12-24 12:49:08', '0.00', '', '荔枝  ', '3.20', '9.90', '', '/assets/images/product/2015/12/15/31bccdfe4af6d701e4ba2aa4b806ba53.jpg', '1', 1, '0.00', '6.90', '6.90'),
(223, '151224750270026', 11, 2, 1, 0, 'finished', '2015-12-24 12:50:27', '2015-12-24 12:50:27', '0.00', '', '草莓  ', '14.00', '28.00', '', '/assets/images/product/2015/12/15/b18442b3596dbc76e72618ae7d7fff63.jpg', '0', 2, '0.00', '18.00', '44.80'),
(224, '151224750270026', 16, 2, 1, 0, 'finished', '2015-12-24 12:50:27', '2015-12-24 12:50:27', '0.00', '', '芒果  ', '3.00', '9.70', '', '/assets/images/product/2015/12/15/0b1dec3e67ab8bbcd6f558809148fa05.jpg', '1', 2, '0.00', '6.80', '13.60'),
(225, '151224750270026', 15, 2, 1, 0, 'finished', '2015-12-24 12:50:27', '2015-12-24 12:50:27', '0.00', '', '荔枝  ', '3.20', '9.90', '', '/assets/images/product/2015/12/15/31bccdfe4af6d701e4ba2aa4b806ba53.jpg', '1', 2, '0.00', '6.90', '13.80'),
(226, '151224750400027', 11, 2, 1, 0, 'finished', '2015-12-24 12:50:40', '2015-12-24 12:50:40', '0.00', '', '草莓  ', '14.00', '28.00', '', '/assets/images/product/2015/12/15/b18442b3596dbc76e72618ae7d7fff63.jpg', '0', 1, '0.00', '18.00', '16.80'),
(227, '151224750400027', 6, 2, 1, 0, 'finished', '2015-12-24 12:50:40', '2015-12-24 12:50:40', '0.00', '', '樱桃  ', '15.00', '29.00', '', '/assets/images/product/2015/12/15/9627ab8da539ef8c8470b54d848250af.jpg', '1', 1, '0.00', '21.00', '21.00'),
(228, '151224750400027', 16, 2, 1, 0, 'finished', '2015-12-24 12:50:40', '2015-12-24 12:50:40', '0.00', '', '芒果  ', '3.00', '9.70', '', '/assets/images/product/2015/12/15/0b1dec3e67ab8bbcd6f558809148fa05.jpg', '1', 1, '0.00', '6.80', '6.80'),
(229, '151224751710028', 16, 2, 1, 0, 'finished', '2015-12-24 12:52:51', '2015-12-24 12:52:51', '0.00', '', '芒果  ', '3.00', '9.70', '', '/assets/images/product/2015/12/15/0b1dec3e67ab8bbcd6f558809148fa05.jpg', '1', 1, '0.00', '6.80', '6.80'),
(230, '151224751710028', 15, 2, 1, 0, 'finished', '2015-12-24 12:52:51', '2015-12-24 12:52:51', '0.00', '', '荔枝  ', '3.20', '9.90', '', '/assets/images/product/2015/12/15/31bccdfe4af6d701e4ba2aa4b806ba53.jpg', '1', 1, '0.00', '6.90', '6.90'),
(231, '151224751710028', 11, 2, 1, 0, 'finished', '2015-12-24 12:52:51', '2015-12-24 12:52:51', '0.00', '', '草莓  ', '14.00', '28.00', '', '/assets/images/product/2015/12/15/b18442b3596dbc76e72618ae7d7fff63.jpg', '0', 1, '0.00', '18.00', '16.80'),
(232, '151224756420045', 16, 2, 1, 0, 'finished', '2015-12-24 13:00:42', '2015-12-24 13:00:42', '0.00', '', '芒果  ', '3.00', '9.70', '', '/assets/images/product/2015/12/15/0b1dec3e67ab8bbcd6f558809148fa05.jpg', '1', 1, '0.00', '6.80', '6.80'),
(233, '151224756950047', 11, 2, 1, 0, 'finished', '2015-12-24 13:01:35', '2015-12-24 13:01:35', '0.00', '', '草莓  ', '14.00', '28.00', '', '/assets/images/product/2015/12/15/b18442b3596dbc76e72618ae7d7fff63.jpg', '0', 2, '0.00', '18.00', '44.80'),
(234, '151224757070048', 11, 2, 1, 0, 'finished', '2015-12-24 13:01:47', '2015-12-24 13:01:47', '0.00', '', '草莓  ', '14.00', '28.00', '', '/assets/images/product/2015/12/15/b18442b3596dbc76e72618ae7d7fff63.jpg', '0', 1, '0.00', '18.00', '16.80'),
(235, '151224757450050', 11, 2, 1, 0, 'finished', '2015-12-24 13:02:25', '2015-12-24 13:02:25', '0.00', '', '草莓  ', '14.00', '28.00', '', '/assets/images/product/2015/12/15/b18442b3596dbc76e72618ae7d7fff63.jpg', '0', 1, '0.00', '18.00', '16.80'),
(236, '151224758990057', 21, 2, 1, 0, 'finished', '2015-12-24 13:04:59', '2015-12-24 13:04:59', '0.00', '', '枇杷', '5.00', '23.00', '', '/assets/images/product/2015/12/15/93a51371729e5a19a8371b0451d3837d.jpg', '1', 4, '0.00', '8.00', '32.00'),
(237, '151224759980058', 2, 2, 1, 0, 'finished', '2015-12-24 13:06:38', '2015-12-24 13:06:38', '0.00', '', '青苹果', '0.00', '28.00', '', '/assets/images/product/2015/12/15/4accf42e036f597ddb9f74ca1c527cb2.jpg', '1', 1, '0.00', '20.00', '20.00'),
(238, '151224760020059', 1, 1, 1, 0, 'finished', '2015-12-24 13:06:42', '2015-12-24 13:06:42', '0.00', '', '红苹果', '5.00', '20.00', '', '/assets/images/product/2015/12/15/ab81a643147236c6d559e35b47bb434f.jpg', '0', 1, '0.00', '18.00', '20.00'),
(239, '151224760290060', 23, 6, 1, 0, 'finished', '2015-12-24 13:07:09', '2015-12-24 13:07:09', '0.00', '香菇炖鸡', '香菇炖鸡', '80.00', '40.00', '香菇炖鸡', '/assets/images/product/2015/12/24/dd947682da9d9605cde265891b4c60bc.png', '1', 1, '0.00', '60.00', '60.00'),
(240, '151224763820062', 16, 2, 1, 0, 'finished', '2015-12-24 13:13:02', '2015-12-24 13:13:02', '0.00', '', '芒果  ', '3.00', '9.70', '', '/assets/images/product/2015/12/15/0b1dec3e67ab8bbcd6f558809148fa05.jpg', '1', 1, '0.00', '6.80', '6.80'),
(241, '151224768430063', 21, 2, 1, 0, 'finished', '2015-12-24 13:20:43', '2015-12-24 13:20:43', '0.00', '', '枇杷', '5.00', '23.00', '', '/assets/images/product/2015/12/15/93a51371729e5a19a8371b0451d3837d.jpg', '1', 1, '0.00', '8.00', '8.00'),
(242, '151224777370064', 21, 2, 1, 0, 'finished', '2015-12-24 13:35:37', '2015-12-24 13:35:37', '0.00', '', '枇杷', '5.00', '23.00', '', '/assets/images/product/2015/12/15/93a51371729e5a19a8371b0451d3837d.jpg', '1', 1, '0.00', '8.00', '8.00'),
(243, '151224777370064', 16, 2, 1, 0, 'finished', '2015-12-24 13:35:37', '2015-12-24 13:35:37', '0.00', '', '芒果  ', '3.00', '9.70', '', '/assets/images/product/2015/12/15/0b1dec3e67ab8bbcd6f558809148fa05.jpg', '1', 1, '0.00', '6.80', '6.80'),
(244, '151224777370064', 15, 2, 1, 0, 'finished', '2015-12-24 13:35:37', '2015-12-24 13:35:37', '0.00', '', '荔枝  ', '3.20', '9.90', '', '/assets/images/product/2015/12/15/31bccdfe4af6d701e4ba2aa4b806ba53.jpg', '1', 1, '0.00', '6.90', '6.90'),
(245, '151224777370064', 14, 2, 1, 0, 'finished', '2015-12-24 13:35:37', '2015-12-24 13:35:37', '0.00', '', '柿子', '4.50', '8.80', '', '/assets/images/product/2015/12/15/8d42070092dad970f0cfdb17a06b6b22.jpg', '1', 1, '0.00', '6.60', '6.60'),
(246, '151224777370064', 13, 2, 1, 0, 'finished', '2015-12-24 13:35:37', '2015-12-24 13:35:37', '0.00', '', '柚子', '20.00', '45.00', '', '/assets/images/product/2015/12/15/7fdf25be1a89446754b55d4ea8b1cd21.jpg', '1', 1, '0.00', '30.00', '30.00'),
(247, '151224777370064', 12, 2, 1, 0, 'finished', '2015-12-24 13:35:37', '2015-12-24 13:35:37', '0.00', '', '蓝莓  ', '38.00', '59.80', '', '/assets/images/product/2015/12/15/4149ca3baa48a490659841b07d69f6dc.jpg', '0', 1, '0.00', '39.50', '35.88'),
(248, '151224777370064', 7, 2, 1, 0, 'finished', '2015-12-24 13:35:37', '2015-12-24 13:35:37', '0.00', '', '西瓜 ', '12.00', '21.90', '', '/assets/images/product/2015/12/15/0655efb7d9e561aa28f7a41a24282013.jpg', '0', 1, '0.00', '15.50', '13.14'),
(249, '151224777370064', 8, 2, 1, 0, 'finished', '2015-12-24 13:35:37', '2015-12-24 13:35:37', '0.00', '', '西瓜 ', '19.00', '32.40', '', '/assets/images/product/2015/12/15/a378f732c2ddcd0e7e183fb3e6ef85c5.jpg', '0', 1, '0.00', '29.00', '19.44'),
(250, '151224777370064', 9, 2, 1, 0, 'finished', '2015-12-24 13:35:37', '2015-12-24 13:35:37', '0.00', '', '哈密瓜', '9.90', '19.90', '', '/assets/images/product/2015/12/15/907089c7e09dc96e29db37846f05eb5b.jpg', '1', 1, '0.00', '8.80', '8.80'),
(251, '151224777370064', 10, 2, 1, 0, 'finished', '2015-12-24 13:35:37', '2015-12-24 13:35:37', '0.00', '', '梅子', '18.00', '28.00', '', '/assets/images/product/2015/12/15/a3e48dbc9fb5c84cff0432d89060174b.jpg', '0', 1, '0.00', '24.00', '16.80'),
(252, '151224777370064', 11, 2, 1, 0, 'finished', '2015-12-24 13:35:37', '2015-12-24 13:35:37', '0.00', '', '草莓  ', '14.00', '28.00', '', '/assets/images/product/2015/12/15/b18442b3596dbc76e72618ae7d7fff63.jpg', '0', 1, '0.00', '18.00', '16.80'),
(253, '151224777570065', 2, 2, 1, 0, 'finished', '2015-12-24 13:35:57', '2015-12-24 13:35:57', '0.00', '', '青苹果', '0.00', '28.00', '', '/assets/images/product/2015/12/15/4accf42e036f597ddb9f74ca1c527cb2.jpg', '1', 1, '0.00', '20.00', '20.00'),
(254, '151224777570065', 3, 2, 1, 0, 'finished', '2015-12-24 13:35:57', '2015-12-24 13:35:57', '0.00', '', '香蕉  ', '20.00', '39.90', '', '/assets/images/product/2015/12/15/cbd750916bdd9c402bc1f7cf80da51da.jpg', '1', 1, '0.00', '24.90', '24.90'),
(255, '151224777570065', 8, 2, 1, 0, 'finished', '2015-12-24 13:35:57', '2015-12-24 13:35:57', '0.00', '', '西瓜 ', '19.00', '32.40', '', '/assets/images/product/2015/12/15/a378f732c2ddcd0e7e183fb3e6ef85c5.jpg', '0', 1, '0.00', '29.00', '30.78'),
(256, '151224777570065', 9, 2, 1, 0, 'finished', '2015-12-24 13:35:57', '2015-12-24 13:35:57', '0.00', '', '哈密瓜', '9.90', '19.90', '', '/assets/images/product/2015/12/15/907089c7e09dc96e29db37846f05eb5b.jpg', '1', 1, '0.00', '8.80', '8.80'),
(257, '151224777570065', 10, 2, 1, 0, 'finished', '2015-12-24 13:35:57', '2015-12-24 13:35:57', '0.00', '', '梅子', '18.00', '28.00', '', '/assets/images/product/2015/12/15/a3e48dbc9fb5c84cff0432d89060174b.jpg', '0', 1, '0.00', '24.00', '26.60'),
(258, '151224780270066', 11, 2, 1, 0, 'finished', '2015-12-24 13:40:27', '2015-12-24 13:40:27', '0.00', '', '草莓  ', '14.00', '28.00', '', '/assets/images/product/2015/12/15/b18442b3596dbc76e72618ae7d7fff63.jpg', '0', 1, '0.00', '18.00', '26.60'),
(259, '151224782160067', 10, 2, 1, 0, 'finished', '2015-12-24 13:43:36', '2015-12-24 13:43:36', '0.00', '', '梅子', '18.00', '28.00', '', '/assets/images/product/2015/12/15/a3e48dbc9fb5c84cff0432d89060174b.jpg', '0', 1, '0.00', '24.00', '26.60'),
(260, '151224783950068', 15, 2, 1, 0, 'finished', '2015-12-24 13:46:35', '2015-12-24 13:46:35', '0.00', '', '荔枝  ', '3.20', '9.90', '', '/assets/images/product/2015/12/15/31bccdfe4af6d701e4ba2aa4b806ba53.jpg', '1', 1, '0.00', '6.90', '6.90'),
(261, '151224783950068', 10, 2, 1, 0, 'finished', '2015-12-24 13:46:35', '2015-12-24 13:46:35', '0.00', '', '梅子', '18.00', '28.00', '', '/assets/images/product/2015/12/15/a3e48dbc9fb5c84cff0432d89060174b.jpg', '0', 1, '0.00', '24.00', '26.60'),
(262, '151224783950068', 8, 2, 1, 0, 'finished', '2015-12-24 13:46:35', '2015-12-24 13:46:35', '0.00', '', '西瓜 ', '19.00', '32.40', '', '/assets/images/product/2015/12/15/a378f732c2ddcd0e7e183fb3e6ef85c5.jpg', '0', 1, '0.00', '29.00', '30.78'),
(263, '151224784700069', 10, 2, 1, 0, 'finished', '2015-12-24 13:47:50', '2015-12-24 13:47:50', '0.00', '', '梅子', '18.00', '28.00', '', '/assets/images/product/2015/12/15/a3e48dbc9fb5c84cff0432d89060174b.jpg', '0', 1, '0.00', '24.00', '26.60'),
(264, '151224789560070', 10, 2, 1, 0, 'finished', '2015-12-24 13:55:56', '2015-12-24 13:55:56', '0.00', '', '梅子', '18.00', '28.00', '', '/assets/images/product/2015/12/15/a3e48dbc9fb5c84cff0432d89060174b.jpg', '0', 2, '0.00', '24.00', '53.20'),
(265, '151225377260002', 5, 2, 1, 0, 'finished', '2015-12-25 02:28:46', '2015-12-25 02:28:46', '0.00', '', '杨桃  ', '21.00', '30.00', '', '/assets/images/product/2015/12/15/4ffb750e18505b614922bc07440ceb5e.jpg', '0', 1, '0.00', '21.00', '30.00'),
(266, '151225377260002', 4, 2, 1, 0, 'finished', '2015-12-25 02:28:46', '2015-12-25 02:28:46', '0.00', '', '葡萄', '5.00', '10.00', '', '/assets/images/product/2015/12/15/f1469bab2437e898182a171d0fb95532.jpg', '0', 1, '0.00', '8.00', '10.00'),
(267, '151225396250006', 0, 0, 1, 0, 'finished', '2015-12-25 03:00:25', '2015-12-25 03:00:25', '0.00', '', '无码商品', '0.00', '50.00', '', '', '', 1, '0.00', '0.00', '50.00'),
(268, '151225396480007', 0, 0, 1, 0, 'finished', '2015-12-25 03:00:48', '2015-12-25 03:00:48', '0.00', '', '无码商品', '0.00', '80.00', '', '', '', 1, '0.00', '0.00', '80.00'),
(269, '151225396480007', 3, 2, 1, 0, 'finished', '2015-12-25 03:00:48', '2015-12-25 03:00:48', '0.00', '', '香蕉  ', '20.00', '39.90', '', '/assets/images/product/2015/12/15/cbd750916bdd9c402bc1f7cf80da51da.jpg', '1', 1, '0.00', '24.90', '24.90'),
(270, '151225396480007', 2, 2, 1, 0, 'finished', '2015-12-25 03:00:48', '2015-12-25 03:00:48', '0.00', '', '青苹果', '0.00', '28.00', '', '/assets/images/product/2015/12/15/4accf42e036f597ddb9f74ca1c527cb2.jpg', '1', 1, '0.00', '20.00', '20.00'),
(271, '151225397370008', 3, 2, 1, 0, 'finished', '2015-12-25 03:02:17', '2015-12-25 03:02:17', '0.00', '', '香蕉  ', '20.00', '39.90', '', '/assets/images/product/2015/12/15/cbd750916bdd9c402bc1f7cf80da51da.jpg', '1', 2, '0.00', '24.90', '49.80'),
(272, '151225397370008', 2, 2, 1, 0, 'finished', '2015-12-25 03:02:17', '2015-12-25 03:02:17', '0.00', '', '青苹果', '0.00', '28.00', '', '/assets/images/product/2015/12/15/4accf42e036f597ddb9f74ca1c527cb2.jpg', '1', 1, '0.00', '20.00', '20.00'),
(273, '151225398670009', 4, 2, 1, 0, 'finished', '2015-12-25 03:04:27', '2015-12-25 03:04:27', '0.00', '', '葡萄', '5.00', '10.00', '', '/assets/images/product/2015/12/15/f1469bab2437e898182a171d0fb95532.jpg', '0', 4, '0.00', '8.00', '40.00'),
(274, '151225401600010', 0, 0, 1, 0, 'finished', '2015-12-25 03:09:20', '2015-12-25 03:09:20', '0.00', '', '无码商品', '0.00', '30.00', '', '', '', 1, '0.00', '0.00', '30.00'),
(275, '151225406270011', 4, 2, 1, 0, 'finished', '2015-12-25 03:17:07', '2015-12-25 03:17:07', '0.00', '', '葡萄', '5.00', '10.00', '', '/assets/images/product/2015/12/15/f1469bab2437e898182a171d0fb95532.jpg', '0', 1, '0.00', '8.00', '10.00'),
(276, '151225406800012', 4, 2, 1, 0, 'finished', '2015-12-25 03:18:00', '2015-12-25 03:18:00', '0.00', '', '葡萄', '5.00', '10.00', '', '/assets/images/product/2015/12/15/f1469bab2437e898182a171d0fb95532.jpg', '0', 1, '0.00', '8.00', '7.00'),
(277, '151225406800012', 3, 2, 1, 0, 'finished', '2015-12-25 03:18:00', '2015-12-25 03:18:00', '0.00', '', '香蕉  ', '20.00', '39.90', '', '/assets/images/product/2015/12/15/cbd750916bdd9c402bc1f7cf80da51da.jpg', '1', 1, '0.00', '24.90', '24.90'),
(278, '151225791120013', 5, 2, 1, 0, 'finished', '2015-12-25 13:58:32', '2015-12-25 13:58:32', '0.00', '', '杨桃  ', '21.00', '30.00', '', '/assets/images/product/2015/12/15/4ffb750e18505b614922bc07440ceb5e.jpg', '0', 1, '0.00', '21.00', '30.00'),
(279, '151225791530014', 5, 2, 1, 0, 'finished', '2015-12-25 13:59:13', '2015-12-25 13:59:13', '0.00', '', '杨桃  ', '21.00', '30.00', '', '/assets/images/product/2015/12/15/4ffb750e18505b614922bc07440ceb5e.jpg', '0', 2, '0.00', '21.00', '60.00'),
(280, '151225791850015', 4, 2, 1, 0, 'finished', '2015-12-25 13:59:45', '2015-12-25 13:59:45', '0.00', '', '葡萄', '5.00', '10.00', '', '/assets/images/product/2015/12/15/f1469bab2437e898182a171d0fb95532.jpg', '0', 1, '0.00', '8.00', '10.00'),
(281, '151225791850015', 5, 2, 1, 0, 'finished', '2015-12-25 13:59:45', '2015-12-25 13:59:45', '0.00', '', '杨桃  ', '21.00', '30.00', '', '/assets/images/product/2015/12/15/4ffb750e18505b614922bc07440ceb5e.jpg', '0', 1, '0.00', '21.00', '30.00'),
(282, '151225792610016', 4, 2, 1, 0, 'finished', '2015-12-25 14:01:01', '2015-12-25 14:01:01', '0.00', '', '葡萄', '5.00', '10.00', '', '/assets/images/product/2015/12/15/f1469bab2437e898182a171d0fb95532.jpg', '0', 1, '0.00', '8.00', '10.00'),
(283, '151225792980017', 4, 2, 1, 0, 'finished', '2015-12-25 14:01:38', '2015-12-25 14:01:38', '0.00', '', '葡萄', '5.00', '10.00', '', '/assets/images/product/2015/12/15/f1469bab2437e898182a171d0fb95532.jpg', '0', 1, '0.00', '8.00', '10.00'),
(284, '151225804320018', 4, 2, 1, 0, 'finished', '2015-12-25 14:20:32', '2015-12-25 14:20:32', '0.00', '', '葡萄', '5.00', '10.00', '', '/assets/images/product/2015/12/15/f1469bab2437e898182a171d0fb95532.jpg', '0', 1, '0.00', '8.00', '10.00'),
(285, '151225805090019', 4, 2, 1, 0, 'finished', '2015-12-25 14:21:49', '2015-12-25 14:21:49', '0.00', '', '葡萄', '5.00', '10.00', '', '/assets/images/product/2015/12/15/f1469bab2437e898182a171d0fb95532.jpg', '0', 1, '0.00', '8.00', '10.00'),
(286, '151226477330001', 11, 2, 1, 0, 'finished', '2015-12-26 05:15:33', '2015-12-26 05:15:33', '0.00', '', '草莓  ', '14.00', '28.00', '', '/assets/images/product/2015/12/15/b18442b3596dbc76e72618ae7d7fff63.jpg', '0', 1, '0.00', '18.00', '19.60'),
(287, '151226477630002', 11, 2, 1, 0, 'finished', '2015-12-26 05:16:03', '2015-12-26 05:16:03', '0.00', '', '草莓  ', '14.00', '28.00', '', '/assets/images/product/2015/12/15/b18442b3596dbc76e72618ae7d7fff63.jpg', '0', 1, '0.00', '18.00', '28.00'),
(288, '151226478890003', 0, 0, 1, 0, 'finished', '2015-12-26 05:18:09', '2015-12-26 05:18:09', '0.00', '', '无码商品', '0.00', '40.00', '', '', '', 1, '0.00', '0.00', '40.00'),
(289, '151226530960004', 24, 0, 1, 0, 'finished', '2015-12-26 06:44:56', '2015-12-26 06:44:56', '5.00', '千克', '鸡腿', '5.00', '10.00', '鸡肉肉质细嫩，滋味鲜美，由于其味较淡，因此可使用于各种料理中。蛋白质的含量颇多，在肉之中，可以说是蛋白质最高的肉类之一，是属于高蛋白低脂肪的食品。钾硫酸氨基酸的含量颇多，因此可弥补牛及猪肉的不足。同时也由于鸡肉比其他肉类的维生素A含量多，而在量方面虽比蔬菜', '', '1', 1, '0.00', '8.00', '8.00'),
(290, '151226544610005', 24, 0, 1, 0, 'finished', '2015-12-26 07:07:41', '2015-12-26 07:07:41', '5.00', '千克', '鸡腿', '5.00', '10.00', '鸡肉肉质细嫩，滋味鲜美，由于其味较淡，因此可使用于各种料理中。蛋白质的含量颇多，在肉之中，可以说是蛋白质最高的肉类之一，是属于高蛋白低脂肪的食品。钾硫酸氨基酸的含量颇多，因此可弥补牛及猪肉的不足。同时也由于鸡肉比其他肉类的维生素A含量多，而在量方面虽比蔬菜', '', '1', 1, '0.00', '8.00', '8.00'),
(291, '151226544900006', 24, 0, 1, 0, 'finished', '2015-12-26 07:08:10', '2015-12-26 07:08:10', '5.00', '千克', '鸡腿', '5.00', '10.00', '鸡肉肉质细嫩，滋味鲜美，由于其味较淡，因此可使用于各种料理中。蛋白质的含量颇多，在肉之中，可以说是蛋白质最高的肉类之一，是属于高蛋白低脂肪的食品。钾硫酸氨基酸的含量颇多，因此可弥补牛及猪肉的不足。同时也由于鸡肉比其他肉类的维生素A含量多，而在量方面虽比蔬菜', '', '1', 1, '0.00', '8.00', '8.00'),
(292, '151226808590007', 11, 2, 1, 0, 'finished', '2015-12-26 14:27:39', '2015-12-26 14:27:39', '0.00', '', '草莓  ', '14.00', '28.00', '', '/assets/images/product/2015/12/15/b18442b3596dbc76e72618ae7d7fff63.jpg', '0', 1, '0.00', '18.00', '28.00'),
(293, '151226809040008', 11, 2, 1, 0, 'finished', '2015-12-26 14:28:24', '2015-12-26 14:28:24', '0.00', '', '草莓  ', '14.00', '28.00', '', '/assets/images/product/2015/12/15/b18442b3596dbc76e72618ae7d7fff63.jpg', '0', 1, '0.00', '18.00', '28.00'),
(294, '151226809040008', 0, 0, 1, 0, 'finished', '2015-12-26 14:28:24', '2015-12-26 14:28:24', '0.00', '', '无码商品', '0.00', '28.00', '', '', '', 1, '0.00', '0.00', '28.00'),
(295, '151226809410009', 11, 2, 1, 0, 'finished', '2015-12-26 14:29:01', '2015-12-26 14:29:01', '0.00', '', '草莓  ', '14.00', '28.00', '', '/assets/images/product/2015/12/15/b18442b3596dbc76e72618ae7d7fff63.jpg', '0', 1, '0.00', '18.00', '28.00'),
(296, '151226809770010', 0, 0, 1, 0, 'finished', '2015-12-26 14:29:37', '2015-12-26 14:29:37', '0.00', '', '无码商品', '0.00', '10.00', '', '', '', 1, '0.00', '0.00', '10.00'),
(297, '151226810040011', 0, 0, 1, 0, 'finished', '2015-12-26 14:30:04', '2015-12-26 14:30:04', '0.00', '', '无码商品', '0.00', '10.00', '', '', '', 1, '0.00', '0.00', '10.00'),
(298, '151227428430001', 10, 2, 1, 0, 'finished', '2015-12-27 03:54:03', '2015-12-27 03:54:03', '0.00', '', '梅子', '18.00', '28.00', '', '/assets/images/product/2015/12/15/a3e48dbc9fb5c84cff0432d89060174b.jpg', '0', 1, '0.00', '24.00', '28.00'),
(299, '151227513320002', 15, 2, 1, 0, 'finished', '2015-12-27 06:15:32', '2015-12-27 06:15:32', '0.00', '', '荔枝  ', '3.90', '9.90', '', '/assets/images/product/2015/12/15/31bccdfe4af6d701e4ba2aa4b806ba53.jpg', '1', 2, '0.00', '6.90', '13.80'),
(300, '151227514240003', 15, 2, 1, 0, 'finished', '2015-12-27 06:17:04', '2015-12-27 06:17:04', '0.00', '', '荔枝  ', '3.90', '9.90', '', '/assets/images/product/2015/12/15/31bccdfe4af6d701e4ba2aa4b806ba53.jpg', '1', 2, '0.00', '6.90', '13.80'),
(301, '151227514440004', 15, 2, 1, 0, 'finished', '2015-12-27 06:17:24', '2015-12-27 06:17:24', '0.00', '', '荔枝  ', '3.90', '9.90', '', '/assets/images/product/2015/12/15/31bccdfe4af6d701e4ba2aa4b806ba53.jpg', '1', 2, '0.00', '6.90', '13.80'),
(302, '151227515080005', 14, 2, 1, 0, 'finished', '2015-12-27 06:18:28', '2015-12-27 06:18:28', '0.00', '', '柿子', '4.50', '8.80', '', '/assets/images/product/2015/12/15/8d42070092dad970f0cfdb17a06b6b22.jpg', '1', 1, '0.00', '6.60', '6.60'),
(303, '151227516650006', 15, 2, 1, 0, 'finished', '2015-12-27 06:21:05', '2015-12-27 06:21:05', '0.00', '', '荔枝  ', '3.90', '9.90', '', '/assets/images/product/2015/12/15/31bccdfe4af6d701e4ba2aa4b806ba53.jpg', '1', 1, '0.00', '6.90', '6.90'),
(304, '151227516890007', 15, 2, 1, 0, 'finished', '2015-12-27 06:21:29', '2015-12-27 06:21:29', '0.00', '', '荔枝  ', '3.90', '9.90', '', '/assets/images/product/2015/12/15/31bccdfe4af6d701e4ba2aa4b806ba53.jpg', '1', 1, '0.00', '6.90', '6.90'),
(305, '151227517100008', 15, 2, 1, 0, 'finished', '2015-12-27 06:21:50', '2015-12-27 06:21:50', '0.00', '', '荔枝  ', '3.90', '9.90', '', '/assets/images/product/2015/12/15/31bccdfe4af6d701e4ba2aa4b806ba53.jpg', '1', 1, '0.00', '6.90', '6.90'),
(306, '151227518640009', 11, 2, 1, 0, 'finished', '2015-12-27 06:24:24', '2015-12-27 06:24:24', '0.00', '', '草莓  ', '14.00', '28.00', '', '/assets/images/product/2015/12/15/b18442b3596dbc76e72618ae7d7fff63.jpg', '0', 1, '0.00', '18.00', '28.00'),
(307, '151227518810010', 11, 2, 1, 0, 'finished', '2015-12-27 06:24:41', '2015-12-27 06:24:41', '0.00', '', '草莓  ', '14.00', '28.00', '', '/assets/images/product/2015/12/15/b18442b3596dbc76e72618ae7d7fff63.jpg', '0', 1, '0.00', '18.00', '28.00'),
(308, '151227518950011', 11, 2, 1, 0, 'finished', '2015-12-27 06:24:55', '2015-12-27 06:24:55', '0.00', '', '草莓  ', '14.00', '28.00', '', '/assets/images/product/2015/12/15/b18442b3596dbc76e72618ae7d7fff63.jpg', '0', 1, '0.00', '18.00', '28.00'),
(309, '151227520880012', 11, 2, 1, 0, 'finished', '2015-12-27 06:28:08', '2015-12-27 06:28:08', '0.00', '', '草莓  ', '14.00', '28.00', '', '/assets/images/product/2015/12/15/b18442b3596dbc76e72618ae7d7fff63.jpg', '0', 1, '0.00', '18.00', '26.60'),
(310, '151227522890013', 11, 2, 1, 0, 'finished', '2015-12-27 06:31:29', '2015-12-27 06:31:29', '0.00', '', '草莓  ', '14.00', '28.00', '', '/assets/images/product/2015/12/15/b18442b3596dbc76e72618ae7d7fff63.jpg', '0', 1, '0.00', '18.00', '26.60'),
(311, '151227523150014', 11, 2, 1, 0, 'finished', '2015-12-27 06:31:55', '2015-12-27 06:31:55', '0.00', '', '草莓  ', '14.00', '28.00', '', '/assets/images/product/2015/12/15/b18442b3596dbc76e72618ae7d7fff63.jpg', '0', 1, '0.00', '18.00', '26.60'),
(312, '151229504710001', 26, 21, 1, 0, 'finished', '2015-12-29 06:01:11', '2015-12-29 06:01:11', '0.00', '', '洋葱', '2.00', '4.00', '', '', '1', 2, '0.00', '3.00', '6.00'),
(313, '151229509350004', 14, 2, 1, 0, 'finished', '2015-12-29 06:08:55', '2015-12-29 06:08:55', '0.00', '', '柿子', '4.50', '8.80', '', '/assets/images/product/2015/12/15/8d42070092dad970f0cfdb17a06b6b22.jpg', '1', 1, '0.00', '6.60', '6.60'),
(314, '151229582190005', 1, 21, 1, 0, 'finished', '2015-12-29 08:10:19', '2015-12-29 08:10:19', '5.00', '5', '红苹果5', '5.00', '25.00', '5', '/assets/images/product/2015/12/15/ab81a643147236c6d559e35b47bb434f.jpg', '0', 1, '0.00', '15.00', '25.00'),
(315, '151229582690006', 1, 21, 1, 0, 'finished', '2015-12-29 08:11:09', '2015-12-29 08:11:09', '5.00', '5', '红苹果5', '5.00', '25.00', '5', '/assets/images/product/2015/12/15/ab81a643147236c6d559e35b47bb434f.jpg', '0', 1, '0.00', '15.00', '12.50'),
(316, '151229583000007', 1, 21, 1, 0, 'finished', '2015-12-29 08:11:40', '2015-12-29 08:11:40', '5.00', '5', '红苹果5', '5.00', '25.00', '5', '/assets/images/product/2015/12/15/ab81a643147236c6d559e35b47bb434f.jpg', '0', 1, '0.00', '15.00', '25.00'),
(317, '151229583210008', 1, 21, 1, 0, 'finished', '2015-12-29 08:12:01', '2015-12-29 08:12:01', '5.00', '5', '红苹果5', '5.00', '25.00', '5', '/assets/images/product/2015/12/15/ab81a643147236c6d559e35b47bb434f.jpg', '0', 1, '0.00', '15.00', '12.50'),
(318, '151229583420009', 1, 21, 1, 0, 'finished', '2015-12-29 08:12:22', '2015-12-29 08:12:22', '5.00', '5', '红苹果5', '5.00', '25.00', '5', '/assets/images/product/2015/12/15/ab81a643147236c6d559e35b47bb434f.jpg', '0', 1, '0.00', '15.00', '25.00'),
(319, '151229584500010', 27, 2, 1, 0, 'finished', '2015-12-29 08:14:10', '2015-12-29 08:14:10', '0.00', '', '苹果', '10.00', '13.00', '苹果（Malus pumila Mill.）：是落叶乔木，通常树木可高至15米，但栽培树木一般只高3-5米左右。树干呈灰褐色，树皮有一定程度的脱落。苹果树开花期是基于各地气候而定，但一般集中在4-5月份。苹果是异花授粉植物，大部分品种自花不能结成果实。', '/assets/images/product/2015/12/29/3f5c138e9c797f49d70c0ca8370f9312.png', '0', 2, '0.00', '8.00', '26.00'),
(320, '151229584700011', 1, 21, 1, 0, 'finished', '2015-12-29 08:14:30', '2015-12-29 08:14:30', '5.00', '5', '红苹果5', '5.00', '25.00', '5', '/assets/images/product/2015/12/15/ab81a643147236c6d559e35b47bb434f.jpg', '0', 1, '0.00', '15.00', '25.00'),
(321, '151229585350012', 10, 2, 1, 0, 'finished', '2015-12-29 08:15:35', '2015-12-29 08:15:35', '0.00', '', '梅子', '18.00', '28.00', '', '/assets/images/product/2015/12/15/a3e48dbc9fb5c84cff0432d89060174b.jpg', '0', 1, '0.00', '24.00', '21.00'),
(322, '151229585350012', 11, 2, 1, 0, 'finished', '2015-12-29 08:15:35', '2015-12-29 08:15:35', '0.00', '', '草莓  ', '14.00', '28.00', '', '/assets/images/product/2015/12/15/b18442b3596dbc76e72618ae7d7fff63.jpg', '0', 1, '0.00', '18.00', '21.00'),
(323, '151229585350012', 9, 2, 1, 0, 'finished', '2015-12-29 08:15:35', '2015-12-29 08:15:35', '0.00', '', '哈密瓜', '9.90', '19.90', '', '/assets/images/product/2015/12/15/907089c7e09dc96e29db37846f05eb5b.jpg', '1', 1, '0.00', '8.80', '8.80'),
(324, '151229585350012', 27, 2, 1, 0, 'finished', '2015-12-29 08:15:35', '2015-12-29 08:15:35', '0.00', '', '苹果', '10.00', '13.00', '苹果（Malus pumila Mill.）：是落叶乔木，通常树木可高至15米，但栽培树木一般只高3-5米左右。树干呈灰褐色，树皮有一定程度的脱落。苹果树开花期是基于各地气候而定，但一般集中在4-5月份。苹果是异花授粉植物，大部分品种自花不能结成果实。', '/assets/images/product/2015/12/29/3f5c138e9c797f49d70c0ca8370f9312.png', '0', 1, '0.00', '8.00', '9.75'),
(325, '151229585870013', 11, 2, 1, 0, 'finished', '2015-12-29 08:16:27', '2015-12-29 08:16:27', '0.00', '', '草莓  ', '14.00', '28.00', '', '/assets/images/product/2015/12/15/b18442b3596dbc76e72618ae7d7fff63.jpg', '0', 1, '0.00', '18.00', '21.00'),
(326, '151229585870013', 27, 2, 1, 0, 'finished', '2015-12-29 08:16:27', '2015-12-29 08:16:27', '0.00', '', '苹果', '10.00', '13.00', '苹果（Malus pumila Mill.）：是落叶乔木，通常树木可高至15米，但栽培树木一般只高3-5米左右。树干呈灰褐色，树皮有一定程度的脱落。苹果树开花期是基于各地气候而定，但一般集中在4-5月份。苹果是异花授粉植物，大部分品种自花不能结成果实。', '/assets/images/product/2015/12/29/3f5c138e9c797f49d70c0ca8370f9312.png', '0', 1, '0.00', '8.00', '9.75'),
(327, '151229585870013', 25, 2, 1, 0, 'finished', '2015-12-29 08:16:27', '2015-12-29 08:16:27', '0.00', '', '枇杷', '0.00', '0.00', '', '', '1', 1, '0.00', '0.00', '0.00'),
(328, '151229585870013', 16, 2, 1, 0, 'finished', '2015-12-29 08:16:27', '2015-12-29 08:16:27', '0.00', '', '芒果  ', '3.00', '9.70', '', '/assets/images/product/2015/12/15/0b1dec3e67ab8bbcd6f558809148fa05.jpg', '1', 1, '0.00', '6.80', '6.80'),
(329, '151229616800014', 3, 2, 1, 0, 'finished', '2015-12-29 09:08:00', '2015-12-29 09:08:00', '0.00', '', '香蕉  ', '20.00', '39.90', '', '/assets/images/product/2015/12/15/cbd750916bdd9c402bc1f7cf80da51da.jpg', '1', 1, '0.00', '24.90', '24.90'),
(330, '151229616800014', 15, 2, 1, 0, 'finished', '2015-12-29 09:08:00', '2015-12-29 09:08:00', '0.00', '', '荔枝  ', '3.90', '9.90', '', '/assets/images/product/2015/12/15/31bccdfe4af6d701e4ba2aa4b806ba53.jpg', '1', 1, '0.00', '6.90', '6.90'),
(331, '151229616800014', 17, 2, 1, 0, 'finished', '2015-12-29 09:08:00', '2015-12-29 09:08:00', '0.00', '', '猕猴桃', '20.00', '45.00', '', '/assets/images/product/2015/12/15/603fbbfa40077197e401600f5fe697bb.jpg', '1', 1, '0.00', '33.00', '33.00'),
(332, '151229616800014', 12, 2, 1, 0, 'finished', '2015-12-29 09:08:00', '2015-12-29 09:08:00', '0.00', '', '蓝莓  ', '38.00', '59.80', '', '/assets/images/product/2015/12/15/4149ca3baa48a490659841b07d69f6dc.jpg', '0', 1, '0.00', '39.50', '59.80'),
(333, '151229618720015', 1, 10, 1, 0, 'finished', '2015-12-29 09:11:12', '2015-12-29 09:11:12', '5.00', '5', '红苹果5', '5.00', '25.00', '5', '/assets/images/product/2015/12/15/ab81a643147236c6d559e35b47bb434f.jpg', '0', 1, '0.00', '15.00', '25.00'),
(334, '151229620330016', 1, 8, 1, 0, 'finished', '2015-12-29 09:13:53', '2015-12-29 09:13:53', '5.00', '5', '红苹果5', '5.00', '25.00', '5', '/assets/images/product/2015/12/15/ab81a643147236c6d559e35b47bb434f.jpg', '0', 2, '0.00', '15.00', '50.00'),
(335, '151230402870001', 29, 21, 1, 0, 'finished', '2015-12-30 03:11:27', '2015-12-30 03:11:27', '0.00', '', '圣诞节', '10.00', '25.00', '', '', '0', 1, '0.00', '15.00', '25.00'),
(336, '151230565160002', 29, 7, 1, 0, 'finished', '2015-12-30 07:41:56', '2015-12-30 07:41:56', '0.00', '', '草鱼', '10.00', '25.00', '', '/assets/images/product/2015/12/30/eba096524cd61604affe5e00bc9b85bc.jpg', '0', 2, '0.00', '15.00', '30.00'),
(337, '151230565160002', 28, 7, 1, 0, 'finished', '2015-12-30 07:41:56', '2015-12-30 07:41:56', '0.00', '', '鳕鱼', '40.00', '45.00', '', '/assets/images/product/2015/12/30/5fc6e2c330ec6c88e2f9b86caa90d12c.jpg', '0', 1, '0.00', '42.00', '27.00'),
(338, '151230565160002', 22, 25, 1, 0, 'finished', '2015-12-30 07:41:56', '2015-12-30 07:41:56', '0.00', '', '宫爆人丁', '10.00', '20.00', '宫爆人丁', '', '0', 1, '0.00', '16.00', '12.00'),
(339, '151230565160002', 20, 25, 1, 0, 'finished', '2015-12-30 07:41:56', '2015-12-30 07:41:56', '0.00', '', '山竹 ', '8.20', '10.90', '', '/assets/images/product/2015/12/15/1c412f3536ad828f43b7f31f9b078dfd.jpg', '0', 1, '0.00', '8.50', '6.54'),
(340, '151230565160002', 26, 25, 1, 0, 'finished', '2015-12-30 07:41:56', '2015-12-30 07:41:56', '0.00', '', '洋葱', '2.00', '4.00', '', '', '0', 1, '0.00', '3.00', '2.40'),
(341, '151230565160002', 24, 25, 1, 0, 'finished', '2015-12-30 07:41:56', '2015-12-30 07:41:56', '5.00', '千克', '鸡腿', '5.00', '10.00', '鸡肉肉质细嫩，滋味鲜美，由于其味较淡，因此可使用于各种料理中。蛋白质的含量颇多，在肉之中，可以说是蛋白质最高的肉类之一，是属于高蛋白低脂肪的食品。钾硫酸氨基酸的含量颇多，因此可弥补牛及猪肉的不足。同时也由于鸡肉比其他肉类的维生素A含量多，而在量方面虽比蔬菜', '', '0', 1, '0.00', '8.00', '6.00'),
(342, '151231423550001', 13, 8, 1, 0, 'finished', '2015-12-31 03:45:55', '2015-12-31 03:45:55', '0.00', '', '柚子', '20.00', '45.00', '', '/assets/images/product/2015/12/15/7fdf25be1a89446754b55d4ea8b1cd21.jpg', '1', 2, '0.00', '30.00', '60.00'),
(343, '151231423550001', 12, 8, 1, 0, 'finished', '2015-12-31 03:45:55', '2015-12-31 03:45:55', '0.00', '', '蓝莓  ', '38.00', '59.80', '', '/assets/images/product/2015/12/15/4149ca3baa48a490659841b07d69f6dc.jpg', '0', 1, '0.00', '39.50', '59.80'),
(344, '160105543180001', 2, 8, 1, 0, 'finished', '2016-01-05 07:05:18', '2016-01-05 07:05:18', '0.00', '', '青苹果', '0.00', '28.00', '青苹果', '/assets/images/product/2015/12/15/4accf42e036f597ddb9f74ca1c527cb2.jpg', '1', 1, '0.00', '20.00', '20.00'),
(345, '160105543180001', 5, 8, 1, 0, 'finished', '2016-01-05 07:05:18', '2016-01-05 07:05:18', '0.00', '', '杨桃  ', '21.00', '30.00', '', '/assets/images/product/2015/12/15/4ffb750e18505b614922bc07440ceb5e.jpg', '0', 1, '0.00', '21.00', '30.00'),
(346, '160105543920002', 2, 8, 1, 0, 'finished', '2016-01-05 07:06:32', '2016-01-05 07:06:32', '0.00', '', '青苹果', '0.00', '28.00', '青苹果', '/assets/images/product/2015/12/15/4accf42e036f597ddb9f74ca1c527cb2.jpg', '1', 1, '0.00', '20.00', '20.00'),
(347, '160105543920002', 5, 8, 1, 0, 'finished', '2016-01-05 07:06:32', '2016-01-05 07:06:32', '0.00', '', '杨桃  ', '21.00', '30.00', '', '/assets/images/product/2015/12/15/4ffb750e18505b614922bc07440ceb5e.jpg', '0', 1, '0.00', '21.00', '24.00'),
(348, '160105544490003', 2, 8, 1, 0, 'finished', '2016-01-05 07:07:29', '2016-01-05 07:07:29', '0.00', '', '青苹果', '0.00', '28.00', '青苹果', '/assets/images/product/2015/12/15/4accf42e036f597ddb9f74ca1c527cb2.jpg', '1', 1, '0.00', '20.00', '20.00'),
(349, '160105544490003', 5, 8, 1, 0, 'finished', '2016-01-05 07:07:29', '2016-01-05 07:07:29', '0.00', '', '杨桃  ', '21.00', '30.00', '', '/assets/images/product/2015/12/15/4ffb750e18505b614922bc07440ceb5e.jpg', '0', 1, '0.00', '21.00', '30.00'),
(350, '160105545780004', 2, 8, 1, 0, 'finished', '2016-01-05 07:09:38', '2016-01-05 07:09:38', '0.00', '', '青苹果', '0.00', '28.00', '青苹果', '/assets/images/product/2015/12/15/4accf42e036f597ddb9f74ca1c527cb2.jpg', '1', 1, '0.00', '20.00', '20.00'),
(351, '160105545780004', 5, 8, 1, 0, 'finished', '2016-01-05 07:09:38', '2016-01-05 07:09:38', '0.00', '', '杨桃  ', '21.00', '30.00', '', '/assets/images/product/2015/12/15/4ffb750e18505b614922bc07440ceb5e.jpg', '0', 1, '0.00', '21.00', '24.00'),
(352, '160105554870007', 14, 8, 1, 0, 'finished', '2016-01-05 07:24:47', '2016-01-05 07:24:47', '0.00', '', '柿子', '4.50', '8.80', '', '/assets/images/product/2015/12/15/8d42070092dad970f0cfdb17a06b6b22.jpg', '0', 1, '0.00', '6.60', '8.80'),
(353, '160105557240008', 32, 31, 1, 0, 'finished', '2016-01-05 07:28:44', '2016-01-05 07:28:44', '0.00', '', '西红柿', '15.00', '5.00', '', '', '1', 1, '0.00', '10.00', '10.00'),
(354, '160105587000009', 19, 25, 1, 0, 'finished', '2016-01-05 08:18:20', '2016-01-05 08:18:20', '0.00', '', '榴莲 ', '8.00', '19.00', '', '/assets/images/product/2015/12/15/a1fa6ad04fc0224ce11b2a6914d9aaaa.jpg', '0', 1, '0.00', '13.00', '19.00'),
(355, '160105588380010', 5, 8, 1, 0, 'finished', '2016-01-05 08:20:38', '2016-01-05 08:20:38', '0.00', '', '杨桃  ', '21.00', '30.00', '', '/assets/images/product/2015/12/15/4ffb750e18505b614922bc07440ceb5e.jpg', '0', 1, '0.00', '21.00', '30.00'),
(356, '160105588680011', 5, 8, 1, 0, 'finished', '2016-01-05 08:21:08', '2016-01-05 08:21:08', '0.00', '', '杨桃  ', '21.00', '30.00', '', '/assets/images/product/2015/12/15/4ffb750e18505b614922bc07440ceb5e.jpg', '0', 1, '0.00', '21.00', '24.00'),
(357, '160105588780012', 32, 31, 1, 0, 'finished', '2016-01-05 08:21:18', '2016-01-05 08:21:18', '0.00', '', '西红柿', '15.00', '5.00', '', '', '1', 1, '0.00', '10.00', '10.00'),
(358, '160105588870013', 14, 8, 1, 0, 'finished', '2016-01-05 08:21:27', '2016-01-05 08:21:27', '0.00', '', '柿子', '4.50', '8.80', '', '/assets/images/product/2015/12/15/8d42070092dad970f0cfdb17a06b6b22.jpg', '0', 1, '0.00', '6.60', '8.80'),
(359, '160105589000014', 5, 8, 1, 0, 'finished', '2016-01-05 08:21:40', '2016-01-05 08:21:40', '0.00', '', '杨桃  ', '21.00', '30.00', '', '/assets/images/product/2015/12/15/4ffb750e18505b614922bc07440ceb5e.jpg', '0', 1, '0.00', '21.00', '30.00'),
(360, '160105589410015', 5, 8, 1, 0, 'finished', '2016-01-05 08:22:21', '2016-01-05 08:22:21', '0.00', '', '杨桃  ', '21.00', '30.00', '', '/assets/images/product/2015/12/15/4ffb750e18505b614922bc07440ceb5e.jpg', '0', 1, '0.00', '21.00', '24.00'),
(361, '160105802150016', 20, 25, 1, 0, 'finished', '2016-01-05 14:16:55', '2016-01-05 14:16:55', '0.00', '', '山竹 ', '8.20', '10.90', '', '/assets/images/product/2015/12/15/1c412f3536ad828f43b7f31f9b078dfd.jpg', '0', 1, '0.00', '8.50', '10.90'),
(362, '160105802470017', 20, 25, 1, 0, 'finished', '2016-01-05 14:17:27', '2016-01-05 14:17:27', '0.00', '', '山竹 ', '8.20', '10.90', '', '/assets/images/product/2015/12/15/1c412f3536ad828f43b7f31f9b078dfd.jpg', '0', 1, '0.00', '8.50', '10.90'),
(363, '160111771410001', 19, 25, 1, 0, 'finished', '2016-01-11 13:25:41', '2016-01-11 13:25:41', '0.00', '', '榴莲 ', '8.00', '19.00', '', '/assets/images/product/2015/12/15/a1fa6ad04fc0224ce11b2a6914d9aaaa.jpg', '0', 1, '0.00', '13.00', '19.00'),
(364, '160111771950002', 19, 25, 1, 0, 'finished', '2016-01-11 13:26:35', '2016-01-11 13:26:35', '0.00', '', '榴莲 ', '8.00', '19.00', '', '/assets/images/product/2015/12/15/a1fa6ad04fc0224ce11b2a6914d9aaaa.jpg', '0', 2, '0.00', '13.00', '38.00'),
(365, '160111772080003', 32, 31, 1, 0, 'finished', '2016-01-11 13:26:48', '2016-01-11 13:26:48', '0.00', '', '西红柿', '15.00', '5.00', '', '', '1', 1, '0.00', '10.00', '10.00'),
(366, '160111773670004', 32, 31, 1, 0, 'finished', '2016-01-11 13:29:27', '2016-01-11 13:29:27', '0.00', '', '西红柿', '15.00', '5.00', '', '', '1', 1, '0.00', '10.00', '10.00'),
(367, '160111774050005', 19, 25, 1, 0, 'finished', '2016-01-11 13:30:05', '2016-01-11 13:30:05', '0.00', '', '榴莲 ', '8.00', '19.00', '', '/assets/images/product/2015/12/15/a1fa6ad04fc0224ce11b2a6914d9aaaa.jpg', '0', 2, '0.00', '13.00', '38.00'),
(368, '160111774810006', 19, 25, 1, 0, 'finished', '2016-01-11 13:31:21', '2016-01-11 13:31:21', '0.00', '', '榴莲 ', '8.00', '19.00', '', '/assets/images/product/2015/12/15/a1fa6ad04fc0224ce11b2a6914d9aaaa.jpg', '0', 2, '0.00', '13.00', '38.00'),
(369, '160111775290007', 20, 25, 1, 0, 'finished', '2016-01-11 13:32:09', '2016-01-11 13:32:09', '0.00', '', '山竹 ', '8.20', '10.90', '', '/assets/images/product/2015/12/15/1c412f3536ad828f43b7f31f9b078dfd.jpg', '0', 2, '0.00', '8.50', '21.80'),
(370, '160111784070008', 19, 25, 1, 0, 'finished', '2016-01-11 13:46:47', '2016-01-11 13:46:47', '0.00', '', '榴莲 ', '8.00', '19.00', '', '/assets/images/product/2015/12/15/a1fa6ad04fc0224ce11b2a6914d9aaaa.jpg', '0', 2, '0.00', '13.00', '38.00'),
(371, '160111784280009', 20, 25, 1, 0, 'finished', '2016-01-11 13:47:08', '2016-01-11 13:47:08', '0.00', '', '山竹 ', '8.20', '10.90', '', '/assets/images/product/2015/12/15/1c412f3536ad828f43b7f31f9b078dfd.jpg', '0', 2, '0.00', '8.50', '21.80'),
(372, '160113612440001', 19, 25, 1, 0, 'finished', '2016-01-13 09:00:44', '2016-01-13 09:00:44', '0.00', '', '榴莲 ', '8.00', '19.00', '', '/assets/images/product/2015/12/15/a1fa6ad04fc0224ce11b2a6914d9aaaa.jpg', '0', 2, '0.00', '13.00', '38.00'),
(373, '160113612670002', 20, 25, 1, 0, 'finished', '2016-01-13 09:01:07', '2016-01-13 09:01:07', '0.00', '', '山竹 ', '8.20', '10.90', '', '/assets/images/product/2015/12/15/1c412f3536ad828f43b7f31f9b078dfd.jpg', '0', 2, '0.00', '8.50', '21.80'),
(374, '160113624130003', 14, 8, 1, 0, 'finished', '2016-01-13 09:20:13', '2016-01-13 09:20:13', '0.00', '', '柿子', '4.50', '8.80', '', '/assets/images/product/2015/12/15/8d42070092dad970f0cfdb17a06b6b22.jpg', '0', 2, '0.00', '6.60', '17.60'),
(375, '160117766050001', 10, 8, 1, 0, 'finished', '2016-01-17 13:16:45', '2016-01-17 13:16:45', '0.00', '', '梅子', '18.00', '28.00', '', '/assets/images/product/2015/12/15/a3e48dbc9fb5c84cff0432d89060174b.jpg', '0', 1, '0.00', '24.00', '26.60'),
(376, '160117779350002', 5, 8, 1, 0, 'finished', '2016-01-17 13:38:55', '2016-01-17 13:38:55', '0.00', '', '杨桃  ', '21.00', '30.00', '', '/assets/images/product/2015/12/15/4ffb750e18505b614922bc07440ceb5e.jpg', '0', 1, '0.00', '21.00', '28.50'),
(377, '160117781310003', 5, 8, 1, 0, 'finished', '2016-01-17 13:42:11', '2016-01-17 13:42:11', '0.00', '', '杨桃  ', '21.00', '30.00', '', '/assets/images/product/2015/12/15/4ffb750e18505b614922bc07440ceb5e.jpg', '0', 1, '0.00', '21.00', '28.50'),
(378, '160117784920004', 5, 8, 1, 0, 'finished', '2016-01-17 13:48:12', '2016-01-17 13:48:12', '0.00', '', '杨桃  ', '21.00', '30.00', '', '/assets/images/product/2015/12/15/4ffb750e18505b614922bc07440ceb5e.jpg', '0', 1, '0.00', '21.00', '30.00'),
(379, '160117788750005', 5, 8, 1, 0, 'finished', '2016-01-17 13:54:35', '2016-01-17 13:54:35', '0.00', '', '杨桃  ', '21.00', '30.00', '', '/assets/images/product/2015/12/15/4ffb750e18505b614922bc07440ceb5e.jpg', '0', 2, '0.00', '21.00', '60.00'),
(380, '160117789260006', 5, 8, 1, 0, 'finished', '2016-01-17 13:55:26', '2016-01-17 13:55:26', '0.00', '', '杨桃  ', '21.00', '30.00', '', '/assets/images/product/2015/12/15/4ffb750e18505b614922bc07440ceb5e.jpg', '0', 2, '0.00', '21.00', '60.00'),
(381, '160117789700007', 24, 31, 1, 0, 'finished', '2016-01-17 13:56:10', '2016-01-17 13:56:10', '5.00', '千克', '鸡腿', '5.00', '10.00', '鸡肉肉质细嫩，滋味鲜美，由于其味较淡，因此可使用于各种料理中。蛋白质的含量颇多，在肉之中，可以说是蛋白质最高的肉类之一，是属于高蛋白低脂肪的食品。钾硫酸氨基酸的含量颇多，因此可弥补牛及猪肉的不足。同时也由于鸡肉比其他肉类的维生素A含量多，而在量方面虽比蔬菜', '', '0', 1, '0.00', '8.00', '10.00'),
(382, '160117804640008', 5, 8, 1, 0, 'finished', '2016-01-17 14:21:04', '2016-01-17 14:21:04', '0.00', '', '杨桃  ', '21.00', '30.00', '', '/assets/images/product/2015/12/15/4ffb750e18505b614922bc07440ceb5e.jpg', '0', 2, '0.00', '21.00', '60.00'),
(383, '160117806400009', 5, 8, 1, 0, 'finished', '2016-01-17 14:24:00', '2016-01-17 14:24:00', '0.00', '', '杨桃  ', '21.00', '30.00', '', '/assets/images/product/2015/12/15/4ffb750e18505b614922bc07440ceb5e.jpg', '0', 2, '0.00', '21.00', '60.00'),
(384, '160118359850001', 5, 8, 1, 0, 'finished', '2016-01-18 01:59:45', '2016-01-18 01:59:45', '0.00', '', '杨桃  ', '21.00', '30.00', '', '/assets/images/product/2015/12/15/4ffb750e18505b614922bc07440ceb5e.jpg', '0', 1, '0.00', '21.00', '30.00'),
(385, '160118364170002', 4, 8, 1, 0, 'finished', '2016-01-18 02:06:57', '2016-01-18 02:06:57', '0.00', '', '葡萄', '5.00', '10.00', '', '/assets/images/product/2015/12/15/f1469bab2437e898182a171d0fb95532.jpg', '0', 1, '0.00', '8.00', '10.00'),
(386, '160118364770003', 3, 8, 1, 0, 'finished', '2016-01-18 02:07:57', '2016-01-18 02:07:57', '0.00', '', '香蕉  ', '20.00', '39.90', '', '/assets/images/product/2015/12/15/cbd750916bdd9c402bc1f7cf80da51da.jpg', '1', 1, '0.00', '24.90', '24.90'),
(387, '160120518810001', 10, 8, 1, 0, 'finished', '2016-01-20 06:24:41', '2016-01-20 06:24:41', '0.00', '', '梅子', '18.00', '28.00', '', '/assets/images/product/2015/12/15/a3e48dbc9fb5c84cff0432d89060174b.jpg', '0', 2, '0.00', '24.00', '56.00'),
(388, '160120519060002', 24, 31, 1, 0, 'finished', '2016-01-20 06:25:06', '2016-01-20 06:25:06', '5.00', '千克', '鸡腿', '5.00', '10.00', '鸡肉肉质细嫩，滋味鲜美，由于其味较淡，因此可使用于各种料理中。蛋白质的含量颇多，在肉之中，可以说是蛋白质最高的肉类之一，是属于高蛋白低脂肪的食品。钾硫酸氨基酸的含量颇多，因此可弥补牛及猪肉的不足。同时也由于鸡肉比其他肉类的维生素A含量多，而在量方面虽比蔬菜', '', '0', 1, '0.00', '8.00', '10.00'),
(389, '160120519110003', 24, 31, 1, 0, 'finished', '2016-01-20 06:25:11', '2016-01-20 06:25:11', '5.00', '千克', '鸡腿', '5.00', '10.00', '鸡肉肉质细嫩，滋味鲜美，由于其味较淡，因此可使用于各种料理中。蛋白质的含量颇多，在肉之中，可以说是蛋白质最高的肉类之一，是属于高蛋白低脂肪的食品。钾硫酸氨基酸的含量颇多，因此可弥补牛及猪肉的不足。同时也由于鸡肉比其他肉类的维生素A含量多，而在量方面虽比蔬菜', '', '0', 1, '0.00', '8.00', '10.00'),
(390, '160120519410004', 10, 8, 1, 0, 'finished', '2016-01-20 06:25:41', '2016-01-20 06:25:41', '0.00', '', '梅子', '18.00', '28.00', '', '/assets/images/product/2015/12/15/a3e48dbc9fb5c84cff0432d89060174b.jpg', '0', 2, '0.00', '24.00', '56.00'),
(391, '160120523460005', 10, 8, 1, 0, 'finished', '2016-01-20 06:32:26', '2016-01-20 06:32:26', '0.00', '', '梅子', '18.00', '28.00', '', '/assets/images/product/2015/12/15/a3e48dbc9fb5c84cff0432d89060174b.jpg', '0', 2, '0.00', '24.00', '56.00'),
(392, '160120559830006', 5, 8, 1, 0, 'finished', '2016-01-20 07:33:03', '2016-01-20 07:33:03', '0.00', '', '杨桃  ', '21.00', '30.00', '', '/assets/images/product/2015/12/15/4ffb750e18505b614922bc07440ceb5e.jpg', '0', 1, '0.00', '21.00', '27.00'),
(393, '160120560850007', 24, 31, 1, 0, 'finished', '2016-01-20 07:34:45', '2016-01-20 07:34:45', '5.00', '千克', '鸡腿', '5.00', '10.00', '鸡肉肉质细嫩，滋味鲜美，由于其味较淡，因此可使用于各种料理中。蛋白质的含量颇多，在肉之中，可以说是蛋白质最高的肉类之一，是属于高蛋白低脂肪的食品。钾硫酸氨基酸的含量颇多，因此可弥补牛及猪肉的不足。同时也由于鸡肉比其他肉类的维生素A含量多，而在量方面虽比蔬菜', '', '0', 1, '0.00', '8.00', '10.00'),
(394, '160120561040008', 5, 8, 1, 0, 'finished', '2016-01-20 07:35:04', '2016-01-20 07:35:04', '0.00', '', '杨桃  ', '21.00', '30.00', '', '/assets/images/product/2015/12/15/4ffb750e18505b614922bc07440ceb5e.jpg', '0', 2, '0.00', '21.00', '60.00'),
(395, '160120561850009', 5, 8, 1, 0, 'finished', '2016-01-20 07:36:25', '2016-01-20 07:36:25', '0.00', '', '杨桃  ', '21.00', '30.00', '', '/assets/images/product/2015/12/15/4ffb750e18505b614922bc07440ceb5e.jpg', '0', 1, '0.00', '21.00', '30.00'),
(396, '160120562030010', 24, 31, 1, 0, 'finished', '2016-01-20 07:36:43', '2016-01-20 07:36:43', '5.00', '千克', '鸡腿', '5.00', '10.00', '鸡肉肉质细嫩，滋味鲜美，由于其味较淡，因此可使用于各种料理中。蛋白质的含量颇多，在肉之中，可以说是蛋白质最高的肉类之一，是属于高蛋白低脂肪的食品。钾硫酸氨基酸的含量颇多，因此可弥补牛及猪肉的不足。同时也由于鸡肉比其他肉类的维生素A含量多，而在量方面虽比蔬菜', '', '0', 1, '0.00', '8.00', '10.00'),
(397, '160120562070011', 24, 31, 1, 0, 'finished', '2016-01-20 07:36:47', '2016-01-20 07:36:47', '5.00', '千克', '鸡腿', '5.00', '10.00', '鸡肉肉质细嫩，滋味鲜美，由于其味较淡，因此可使用于各种料理中。蛋白质的含量颇多，在肉之中，可以说是蛋白质最高的肉类之一，是属于高蛋白低脂肪的食品。钾硫酸氨基酸的含量颇多，因此可弥补牛及猪肉的不足。同时也由于鸡肉比其他肉类的维生素A含量多，而在量方面虽比蔬菜', '', '0', 1, '0.00', '8.00', '10.00'),
(398, '160120562650012', 24, 31, 1, 0, 'finished', '2016-01-20 07:37:45', '2016-01-20 07:37:45', '5.00', '千克', '鸡腿', '5.00', '10.00', '鸡肉肉质细嫩，滋味鲜美，由于其味较淡，因此可使用于各种料理中。蛋白质的含量颇多，在肉之中，可以说是蛋白质最高的肉类之一，是属于高蛋白低脂肪的食品。钾硫酸氨基酸的含量颇多，因此可弥补牛及猪肉的不足。同时也由于鸡肉比其他肉类的维生素A含量多，而在量方面虽比蔬菜', '', '0', 1, '0.00', '8.00', '10.00'),
(399, '160120562720013', 5, 8, 1, 0, 'finished', '2016-01-20 07:37:52', '2016-01-20 07:37:52', '0.00', '', '杨桃  ', '21.00', '30.00', '', '/assets/images/product/2015/12/15/4ffb750e18505b614922bc07440ceb5e.jpg', '0', 1, '0.00', '21.00', '30.00'),
(400, '160120563780014', 5, 8, 1, 0, 'finished', '2016-01-20 07:39:38', '2016-01-20 07:39:38', '0.00', '', '杨桃  ', '21.00', '30.00', '', '/assets/images/product/2015/12/15/4ffb750e18505b614922bc07440ceb5e.jpg', '0', 1, '0.00', '21.00', '30.00'),
(401, '160120566080015', 5, 8, 1, 0, 'finished', '2016-01-20 07:43:28', '2016-01-20 07:43:28', '0.00', '', '杨桃  ', '21.00', '30.00', '', '/assets/images/product/2015/12/15/4ffb750e18505b614922bc07440ceb5e.jpg', '0', 2, '0.00', '21.00', '54.00'),
(402, '160125790840001', 5, 8, 1, 0, 'finished', '2016-01-25 13:58:04', '2016-01-25 13:58:04', '0.00', '', '杨桃  ', '21.00', '30.00', '', '/assets/images/product/2015/12/15/4ffb750e18505b614922bc07440ceb5e.jpg', '0', 2, '0.00', '21.00', '54.00'),
(403, '160125793670002', 4, 8, 1, 0, 'finished', '2016-01-25 14:02:47', '2016-01-25 14:02:47', '0.00', '', '葡萄', '5.00', '10.00', '', '/assets/images/product/2015/12/15/f1469bab2437e898182a171d0fb95532.jpg', '0', 1, '0.00', '8.00', '9.00'),
(404, '160125799910003', 5, 8, 1, 0, 'finished', '2016-01-25 14:13:11', '2016-01-25 14:13:11', '0.00', '', '杨桃  ', '21.00', '30.00', '', '/assets/images/product/2015/12/15/4ffb750e18505b614922bc07440ceb5e.jpg', '0', 1, '0.00', '21.00', '27.00'),
(405, '160127424320001', 5, 8, 1, 0, 'finished', '2016-01-27 03:47:12', '2016-01-27 03:47:12', '0.00', '', '杨桃  ', '21.00', '30.00', '', '/assets/images/product/2015/12/15/4ffb750e18505b614922bc07440ceb5e.jpg', '0', 1, '0.00', '21.00', '27.00'),
(406, '160127511310002', 5, 8, 1, 0, 'finished', '2016-01-27 06:12:11', '2016-01-27 06:12:11', '0.00', '', '杨桃  ', '21.00', '30.00', '', '/assets/images/product/2015/12/15/4ffb750e18505b614922bc07440ceb5e.jpg', '0', 1, '0.00', '21.00', '27.00');
INSERT INTO `sales_order_item` (`sales_order_item_id`, `order_id`, `product_id`, `category_id`, `store_id`, `seller_id`, `status`, `created_at`, `updated_at`, `weight`, `sku`, `name`, `cost_price`, `price`, `description`, `image`, `is_promo`, `quantity`, `tax_amount`, `discount_amount`, `total_price`) VALUES
(407, '160127537000003', 5, 8, 1, 0, 'finished', '2016-01-27 06:55:00', '2016-01-27 06:55:00', '0.00', '', '杨桃  ', '21.00', '30.00', '', '/assets/images/product/2015/12/15/4ffb750e18505b614922bc07440ceb5e.jpg', '0', 1, '0.00', '21.00', '27.00'),
(408, '160127538070004', 5, 8, 1, 0, 'finished', '2016-01-27 06:56:47', '2016-01-27 06:56:47', '0.00', '', '杨桃  ', '21.00', '30.00', '', '/assets/images/product/2015/12/15/4ffb750e18505b614922bc07440ceb5e.jpg', '0', 1, '0.00', '21.00', '30.00'),
(409, '160130641370002', 4, 8, 1, 0, 'finished', '2016-01-30 09:48:57', '2016-01-30 09:48:57', '0.00', '', '葡萄', '5.00', '10.00', '', '/assets/images/product/2015/12/15/f1469bab2437e898182a171d0fb95532.jpg', '0', 4, '0.00', '8.00', '40.00'),
(410, '160130643040003', 4, 8, 1, 0, 'finished', '2016-01-30 09:51:44', '2016-01-30 09:51:44', '0.00', '', '葡萄', '5.00', '10.00', '', '/assets/images/product/2015/12/15/f1469bab2437e898182a171d0fb95532.jpg', '0', 3, '0.00', '8.00', '30.00'),
(411, '160130644000008', 5, 8, 1, 0, 'finished', '2016-01-30 09:53:20', '2016-01-30 09:53:20', '0.00', '', '杨桃  ', '21.00', '30.00', '', '/assets/images/product/2015/12/15/4ffb750e18505b614922bc07440ceb5e.jpg', '0', 3, '0.00', '21.00', '90.00'),
(412, '160130805600010', 1, 8, 1, 0, 'finished', '2016-01-30 14:22:40', '2016-01-30 14:22:40', '5.00', '5', '红苹果5', '5.00', '25.00', '5', '/assets/images/product/2015/12/15/ab81a643147236c6d559e35b47bb434f.jpg', '0', 1, '0.00', '15.00', '16.25'),
(413, '160130806680011', 1, 8, 1, 0, 'finished', '2016-01-30 14:24:28', '2016-01-30 14:24:28', '5.00', '5', '红苹果5', '5.00', '25.00', '5', '/assets/images/product/2015/12/15/ab81a643147236c6d559e35b47bb434f.jpg', '0', 1, '0.00', '15.00', '16.25'),
(414, '160130809690012', 1, 8, 1, 0, 'finished', '2016-01-30 14:29:29', '2016-01-30 14:29:29', '5.00', '5', '红苹果5', '5.00', '25.00', '5', '/assets/images/product/2015/12/15/ab81a643147236c6d559e35b47bb434f.jpg', '0', 1, '0.00', '15.00', '16.25'),
(415, '160130813690013', 1, 8, 1, 0, 'finished', '2016-01-30 14:36:09', '2016-01-30 14:36:09', '5.00', '5', '红苹果5', '5.00', '25.00', '5', '/assets/images/product/2015/12/15/ab81a643147236c6d559e35b47bb434f.jpg', '0', 1, '0.00', '15.00', '16.25'),
(416, '160130816220014', 1, 8, 1, 0, 'finished', '2016-01-30 14:40:22', '2016-01-30 14:40:22', '5.00', '5', '红苹果5', '5.00', '25.00', '5', '/assets/images/product/2015/12/15/ab81a643147236c6d559e35b47bb434f.jpg', '0', 1, '0.00', '15.00', '16.25'),
(417, '160130817540015', 1, 8, 1, 0, 'finished', '2016-01-30 14:42:34', '2016-01-30 14:42:34', '5.00', '5', '红苹果5', '5.00', '25.00', '5', '/assets/images/product/2015/12/15/ab81a643147236c6d559e35b47bb434f.jpg', '0', 1, '0.00', '15.00', '16.25'),
(418, '160130817620016', 1, 8, 1, 0, 'finished', '2016-01-30 14:42:42', '2016-01-30 14:42:42', '5.00', '5', '红苹果5', '5.00', '25.00', '5', '/assets/images/product/2015/12/15/ab81a643147236c6d559e35b47bb434f.jpg', '0', 1, '0.00', '15.00', '16.25'),
(419, '160203453440001', 1, 8, 1, 0, 'finished', '2016-02-03 04:35:44', '2016-02-03 04:35:44', '5.00', '5', '红苹果5', '5.00', '25.00', '5', '/assets/images/product/2015/12/15/ab81a643147236c6d559e35b47bb434f.jpg', '0', 2, '0.00', '15.00', '45.00'),
(420, '160203453440001', 2, 8, 1, 0, 'finished', '2016-02-03 04:35:44', '2016-02-03 04:35:44', '0.00', '', '青苹果', '0.00', '28.00', '青苹果', '/assets/images/product/2015/12/15/4accf42e036f597ddb9f74ca1c527cb2.jpg', '1', 1, '0.00', '20.00', '20.00'),
(421, '160203453440001', 5, 8, 1, 0, 'finished', '2016-02-03 04:35:44', '2016-02-03 04:35:44', '0.00', '', '杨桃  ', '21.00', '30.00', '', '/assets/images/product/2015/12/15/4ffb750e18505b614922bc07440ceb5e.jpg', '0', 1, '0.00', '21.00', '27.00'),
(422, '160203809500002', 1, 8, 1, 0, 'finished', '2016-02-03 14:29:10', '2016-02-03 14:29:10', '5.00', '5', '红苹果5', '5.00', '25.00', '5', '/assets/images/product/2015/12/15/ab81a643147236c6d559e35b47bb434f.jpg', '0', 3, '0.00', '15.00', '71.25'),
(423, '160203809500002', 2, 8, 1, 0, 'finished', '2016-02-03 14:29:10', '2016-02-03 14:29:10', '0.00', '', '青苹果', '0.00', '28.00', '青苹果', '/assets/images/product/2015/12/15/4accf42e036f597ddb9f74ca1c527cb2.jpg', '1', 2, '0.00', '20.00', '40.00'),
(424, '160203809500002', 5, 8, 1, 0, 'finished', '2016-02-03 14:29:10', '2016-02-03 14:29:10', '0.00', '', '杨桃  ', '21.00', '30.00', '', '/assets/images/product/2015/12/15/4ffb750e18505b614922bc07440ceb5e.jpg', '0', 1, '0.00', '21.00', '28.50');

-- --------------------------------------------------------

--
-- Table structure for table `sales_order_refund`
--

CREATE TABLE IF NOT EXISTS `sales_order_refund` (
  `refund_id` int(11) NOT NULL AUTO_INCREMENT COMMENT '自增主键',
  `store_id` int(10) unsigned NOT NULL DEFAULT '0' COMMENT '商店ID',
  `seller_id` int(10) unsigned NOT NULL DEFAULT '0' COMMENT '收银员ID',
  `order_id` varchar(16) COLLATE utf8_unicode_ci NOT NULL DEFAULT '' COMMENT '需要退货的订单号',
  `status` varchar(16) COLLATE utf8_unicode_ci NOT NULL DEFAULT 'finished' COMMENT '退货单状态',
  `payment_method_id` int(10) unsigned NOT NULL DEFAULT '1' COMMENT '退款方式ID',
  `refund_amount` decimal(12,2) NOT NULL DEFAULT '0.00' COMMENT '退货金额',
  `refund_time` timestamp NOT NULL DEFAULT CURRENT_TIMESTAMP COMMENT '退货时间',
  `created_at` timestamp NOT NULL DEFAULT '0000-00-00 00:00:00' COMMENT '退货单创建时间',
  PRIMARY KEY (`refund_id`),
  KEY `order_id` (`order_id`)
) ENGINE=InnoDB  DEFAULT CHARSET=utf8 COLLATE=utf8_unicode_ci AUTO_INCREMENT=112 ;

--
-- Dumping data for table `sales_order_refund`
--

INSERT INTO `sales_order_refund` (`refund_id`, `store_id`, `seller_id`, `order_id`, `status`, `payment_method_id`, `refund_amount`, `refund_time`, `created_at`) VALUES
(1, 1, 1, '151211398380004', 'finished', 4, '18.20', '2015-12-11 03:07:20', '2015-12-11 03:07:20'),
(2, 1, 12, '151214763070017', 'finished', 4, '28.00', '2015-12-14 13:12:58', '2015-12-14 13:12:58'),
(3, 1, 12, '151214788960021', 'finished', 1, '24.90', '2015-12-14 13:55:16', '2015-12-14 13:55:16'),
(4, 1, 12, '151214785300020', 'finished', 1, '367.74', '2015-12-14 13:59:49', '2015-12-14 13:59:49'),
(5, 1, 12, '151214774600019', 'finished', 1, '40.00', '2015-12-14 14:01:05', '2015-12-14 14:01:05'),
(6, 1, 12, '151214763120018', 'finished', 4, '28.00', '2015-12-14 14:01:15', '2015-12-14 14:01:15'),
(7, 1, 12, '151214763010016', 'finished', 4, '20.00', '2015-12-14 14:01:39', '2015-12-14 14:01:39'),
(8, 1, 1, '151214756020015', 'finished', 4, '28.00', '2015-12-14 14:02:34', '2015-12-14 14:02:34'),
(9, 1, 1, '151214755920014', 'finished', 4, '28.00', '2015-12-14 14:04:03', '2015-12-14 14:04:03'),
(10, 1, 12, '151214797560022', 'finished', 2, '311.55', '2015-12-14 14:09:51', '2015-12-14 14:09:51'),
(11, 1, 12, '151214813540025', 'finished', 1, '4.95', '2015-12-14 14:37:03', '2015-12-14 14:37:03'),
(12, 1, 1, '151214748670009', 'finished', 1, '20.00', '2015-12-15 03:27:35', '2015-12-15 03:27:35'),
(13, 1, 1, '151215587510011', 'finished', 4, '20.00', '2015-12-15 08:19:36', '2015-12-15 08:19:36'),
(14, 1, 1, '151215583040009', 'finished', 1, '28.00', '2015-12-15 08:20:37', '2015-12-15 08:20:37'),
(15, 1, 1, '151215582760008', 'finished', 2, '28.00', '2015-12-15 08:21:39', '2015-12-15 08:21:39'),
(16, 1, 1, '151215582510007', 'finished', 1, '28.00', '2015-12-15 08:21:51', '2015-12-15 08:21:51'),
(17, 1, 12, '151215631020017', 'finished', 4, '20.00', '2015-12-15 09:31:57', '2015-12-15 09:31:57'),
(18, 1, 12, '151215632070018', 'finished', 2, '28.00', '2015-12-15 09:33:47', '2015-12-15 09:33:47'),
(19, 1, 1, '151216574260001', 'finished', 4, '28.00', '2015-12-16 07:57:20', '2015-12-16 07:57:20'),
(20, 1, 1, '151216574620002', 'finished', 4, '28.00', '2015-12-16 07:57:55', '2015-12-16 07:57:55'),
(21, 1, 1, '151216575180004', 'finished', 2, '144.00', '2015-12-16 07:59:08', '2015-12-16 07:59:08'),
(22, 1, 1, '151216576220006', 'finished', 2, '66.80', '2015-12-16 08:01:22', '2015-12-16 08:01:22'),
(23, 1, 1, '151216574650003', 'finished', 4, '28.00', '2015-12-16 08:02:57', '2015-12-16 08:02:57'),
(24, 1, 12, '151216622180011', 'finished', 4, '20.00', '2015-12-16 09:17:46', '2015-12-16 09:17:46'),
(25, 1, 12, '151216621850009', 'finished', 1, '28.00', '2015-12-16 09:17:55', '2015-12-16 09:17:55'),
(26, 1, 12, '151216621750008', 'finished', 2, '28.00', '2015-12-16 09:18:06', '2015-12-16 09:18:06'),
(27, 1, 12, '151216625790012', 'finished', 2, '7.76', '2015-12-16 09:23:34', '2015-12-16 09:23:34'),
(28, 1, 12, '151216627030013', 'finished', 4, '20.00', '2015-12-16 09:25:32', '2015-12-16 09:25:32'),
(29, 1, 12, '151216575710005', 'finished', 2, '6.60', '2015-12-16 13:23:39', '2015-12-16 13:23:39'),
(30, 1, 12, '151216650020014', 'finished', 2, '21.00', '2015-12-16 13:24:25', '2015-12-16 13:24:25'),
(31, 1, 1, '151216777010016', 'finished', 4, '28.00', '2015-12-16 13:36:42', '2015-12-16 13:36:42'),
(32, 1, 12, '151216579060007', 'finished', 1, '15.40', '2015-12-16 14:09:49', '2015-12-16 14:09:49'),
(33, 1, 1, '151216799460017', 'finished', 1, '64.80', '2015-12-16 14:14:01', '2015-12-16 14:14:01'),
(34, 1, 1, '151216801050018', 'finished', 1, '8.80', '2015-12-16 14:17:38', '2015-12-16 14:17:38'),
(35, 1, 12, '151217386310001', 'finished', 2, '112.20', '2015-12-17 03:11:00', '2015-12-17 03:11:00'),
(36, 1, 12, '151217401960002', 'finished', 2, '188.60', '2015-12-17 03:11:19', '2015-12-17 03:11:19'),
(37, 1, 1, '151217403090003', 'finished', 2, '107.00', '2015-12-17 03:12:35', '2015-12-17 03:12:35'),
(38, 1, 12, '151218373880001', 'finished', 4, '20.00', '2015-12-18 02:23:27', '2015-12-18 02:23:27'),
(39, 1, 12, '151218374580002', 'finished', 2, '30.00', '2015-12-18 02:24:49', '2015-12-18 02:24:49'),
(40, 1, 12, '151218375270003', 'finished', 1, '30.00', '2015-12-18 02:25:50', '2015-12-18 02:25:50'),
(41, 1, 12, '151218501400005', 'finished', 1, '154.28', '2015-12-18 06:19:58', '2015-12-18 06:19:58'),
(42, 1, 12, '151218508430006', 'finished', 1, '28.00', '2015-12-18 06:37:45', '2015-12-18 06:37:45'),
(43, 1, 12, '151218617320013', 'finished', 4, '20.00', '2015-12-18 09:10:24', '2015-12-18 09:10:24'),
(44, 1, 12, '151218615060012', 'finished', 2, '40.00', '2015-12-18 09:11:51', '2015-12-18 09:11:51'),
(45, 1, 12, '151218614460011', 'finished', 1, '40.00', '2015-12-18 09:12:32', '2015-12-18 09:12:32'),
(46, 1, 12, '151218613780010', 'finished', 1, '40.00', '2015-12-18 09:13:23', '2015-12-18 09:13:23'),
(47, 1, 12, '151218621800014', 'finished', 1, '40.00', '2015-12-18 09:19:12', '2015-12-18 09:19:12'),
(48, 1, 12, '151218622220015', 'finished', 1, '40.00', '2015-12-18 09:19:17', '2015-12-18 09:19:17'),
(49, 1, 12, '151218622400016', 'finished', 2, '40.00', '2015-12-18 09:19:21', '2015-12-18 09:19:21'),
(50, 1, 12, '151218622520017', 'finished', 4, '20.00', '2015-12-18 09:19:45', '2015-12-18 09:19:45'),
(51, 1, 12, '151218624790018', 'finished', 1, '40.00', '2015-12-18 09:23:31', '2015-12-18 09:23:31'),
(52, 1, 12, '151218624950019', 'finished', 4, '20.00', '2015-12-18 09:23:35', '2015-12-18 09:23:35'),
(53, 1, 12, '151218625150020', 'finished', 1, '40.00', '2015-12-18 09:23:38', '2015-12-18 09:23:38'),
(54, 1, 12, '151218625460021', 'finished', 2, '40.00', '2015-12-18 09:23:42', '2015-12-18 09:23:42'),
(55, 1, 12, '151224741140001', 'finished', 1, '38.65', '2015-12-24 12:41:45', '2015-12-24 12:41:45'),
(56, 1, 12, '151224741670002', 'finished', 2, '43.40', '2015-12-24 12:41:49', '2015-12-24 12:41:49'),
(57, 1, 12, '151224741870003', 'finished', 1, '28.00', '2015-12-24 12:41:52', '2015-12-24 12:41:52'),
(58, 1, 12, '151224745370004', 'finished', 1, '72.00', '2015-12-24 12:50:06', '2015-12-24 12:50:06'),
(59, 1, 12, '151224748280019', 'finished', 1, '6.60', '2015-12-24 12:50:09', '2015-12-24 12:50:09'),
(60, 1, 12, '151224748390020', 'finished', 1, '41.70', '2015-12-24 12:50:12', '2015-12-24 12:50:12'),
(61, 1, 12, '151224748530021', 'finished', 1, '41.70', '2015-12-24 12:52:58', '2015-12-24 12:52:58'),
(62, 1, 12, '151224748910022', 'finished', 1, '52.00', '2015-12-24 12:53:03', '2015-12-24 12:53:03'),
(63, 1, 12, '151224749150023', 'finished', 1, '34.80', '2015-12-24 12:53:08', '2015-12-24 12:53:08'),
(64, 1, 12, '151224760290060', 'finished', 4, '60.00', '2015-12-24 13:21:24', '2015-12-24 13:21:24'),
(65, 1, 12, '151224784700069', 'finished', 1, '26.60', '2015-12-24 13:49:01', '2015-12-24 13:49:01'),
(66, 1, 12, '151226530960004', 'finished', 1, '8.00', '2015-12-26 06:45:10', '2015-12-26 06:45:10'),
(67, 1, 12, '151227523150014', 'finished', 2, '26.60', '2015-12-27 06:34:48', '2015-12-27 06:34:48'),
(68, 1, 12, '151227522890013', 'finished', 1, '26.60', '2015-12-27 06:35:09', '2015-12-27 06:35:09'),
(69, 1, 12, '151227520880012', 'finished', 1, '26.60', '2015-12-27 06:35:13', '2015-12-27 06:35:13'),
(70, 1, 12, '151227518950011', 'finished', 2, '28.00', '2015-12-27 06:35:16', '2015-12-27 06:35:16'),
(71, 1, 12, '151227518810010', 'finished', 1, '28.00', '2015-12-27 06:35:19', '2015-12-27 06:35:19'),
(72, 1, 12, '151227518640009', 'finished', 1, '28.00', '2015-12-27 06:35:23', '2015-12-27 06:35:23'),
(73, 1, 12, '151227517100008', 'finished', 1, '6.90', '2015-12-27 06:35:26', '2015-12-27 06:35:26'),
(74, 1, 12, '151227516890007', 'finished', 2, '6.90', '2015-12-27 06:35:29', '2015-12-27 06:35:29'),
(75, 1, 12, '151229582190005', 'finished', 1, '25.00', '2015-12-29 08:10:32', '2015-12-29 08:10:32'),
(76, 1, 12, '151229583210008', 'finished', 2, '12.50', '2015-12-29 08:12:36', '2015-12-29 08:12:36'),
(77, 1, 12, '160105543180001', 'finished', 1, '50.00', '2016-01-05 08:28:22', '2016-01-05 08:28:22'),
(78, 1, 1, '160111771410001', 'finished', 1, '19.00', '2016-01-11 13:28:28', '2016-01-11 13:28:28'),
(79, 1, 1, '160111774050005', 'finished', 2, '19.00', '2016-01-11 13:30:17', '2016-01-11 13:30:17'),
(80, 1, 1, '160111774810006', 'finished', 2, '19.00', '2016-01-11 13:31:32', '2016-01-11 13:31:32'),
(81, 1, 1, '160111775290007', 'finished', 1, '10.90', '2016-01-11 13:32:19', '2016-01-11 13:32:19'),
(82, 1, 12, '160111784070008', 'finished', 1, '19.00', '2016-01-11 13:47:24', '2016-01-11 13:47:24'),
(83, 1, 12, '160111784280009', 'finished', 2, '10.90', '2016-01-11 13:47:34', '2016-01-11 13:47:34'),
(84, 1, 12, '160113612440001', 'finished', 1, '19.00', '2016-01-13 09:00:57', '2016-01-13 09:00:57'),
(85, 1, 12, '160113612670002', 'finished', 1, '21.80', '2016-01-13 09:01:12', '2016-01-13 09:01:12'),
(86, 1, 12, '160113624130003', 'finished', 1, '17.60', '2016-01-13 09:20:48', '2016-01-13 09:20:48'),
(87, 1, 12, '160117784920004', 'finished', 1, '30.00', '2016-01-17 13:53:44', '2016-01-17 13:53:44'),
(88, 1, 12, '160117788750005', 'finished', 1, '30.00', '2016-01-17 13:54:51', '2016-01-17 13:54:51'),
(89, 1, 12, '160117789260006', 'finished', 2, '30.00', '2016-01-17 13:55:36', '2016-01-17 13:55:36'),
(90, 1, 12, '160117789700007', 'finished', 4, '10.00', '2016-01-17 13:56:22', '2016-01-17 13:56:22'),
(91, 1, 12, '160117804640008', 'finished', 2, '60.00', '2016-01-17 14:22:26', '2016-01-17 14:22:26'),
(92, 1, 12, '160120518810001', 'finished', 1, '56.00', '2016-01-20 06:26:19', '2016-01-20 06:26:19'),
(93, 1, 12, '160120519060002', 'finished', 4, '10.00', '2016-01-20 06:26:24', '2016-01-20 06:26:24'),
(94, 1, 12, '160120519110003', 'finished', 4, '10.00', '2016-01-20 06:26:27', '2016-01-20 06:26:27'),
(95, 1, 12, '160120519410004', 'finished', 2, '56.00', '2016-01-20 06:26:42', '2016-01-20 06:26:42'),
(96, 1, 12, '160120523460005', 'finished', 1, '28.00', '2016-01-20 06:32:40', '2016-01-20 06:32:40'),
(97, 1, 12, '160120559830006', 'finished', 1, '27.00', '2016-01-20 07:35:17', '2016-01-20 07:35:17'),
(98, 1, 12, '160120561040008', 'finished', 2, '30.00', '2016-01-20 07:35:33', '2016-01-20 07:35:33'),
(99, 1, 12, '160120560850007', 'finished', 4, '10.00', '2016-01-20 07:35:44', '2016-01-20 07:35:44'),
(100, 1, 12, '160120562030010', 'finished', 4, '10.00', '2016-01-20 07:37:04', '2016-01-20 07:37:04'),
(101, 1, 12, '160120562070011', 'finished', 4, '10.00', '2016-01-20 07:37:11', '2016-01-20 07:37:11'),
(102, 1, 12, '160120561850009', 'finished', 1, '30.00', '2016-01-20 07:37:22', '2016-01-20 07:37:22'),
(103, 1, 12, '160120562720013', 'finished', 2, '30.00', '2016-01-20 07:38:24', '2016-01-20 07:38:24'),
(104, 1, 12, '160120562650012', 'finished', 4, '10.00', '2016-01-20 07:39:05', '2016-01-20 07:39:05'),
(105, 1, 12, '160120563780014', 'finished', 1, '30.00', '2016-01-20 07:39:49', '2016-01-20 07:39:49'),
(106, 1, 12, '160127424320001', 'finished', 1, '27.00', '2016-01-27 03:58:50', '2016-01-27 03:58:50'),
(107, 1, 4, '160130817620016', 'finished', 2, '16.25', '2016-01-30 14:45:29', '2016-01-30 14:45:29'),
(108, 1, 4, '160130816220014', 'finished', 2, '16.25', '2016-01-30 14:47:22', '2016-01-30 14:47:22'),
(109, 1, 4, '160130817540015', 'finished', 2, '16.25', '2016-01-30 14:48:17', '2016-01-30 14:48:17'),
(110, 1, 4, '160130813690013', 'finished', 2, '16.25', '2016-01-30 14:48:36', '2016-01-30 14:48:36'),
(111, 1, 4, '160130809690012', 'finished', 2, '16.25', '2016-01-30 14:49:06', '2016-01-30 14:49:06');

-- --------------------------------------------------------

--
-- Table structure for table `sales_order_refund_item`
--

CREATE TABLE IF NOT EXISTS `sales_order_refund_item` (
  `refund_item_id` int(10) NOT NULL AUTO_INCREMENT,
  `order_id` varchar(16) COLLATE utf8_unicode_ci NOT NULL DEFAULT '' COMMENT '订单号',
  `product_id` int(10) unsigned NOT NULL COMMENT '商品ID',
  `category_id` int(11) NOT NULL DEFAULT '0' COMMENT '分类ID',
  `store_id` int(10) unsigned NOT NULL COMMENT '店铺Id',
  `seller_id` int(10) unsigned DEFAULT NULL COMMENT '收银员ID',
  `status` varchar(16) COLLATE utf8_unicode_ci NOT NULL DEFAULT 'finished' COMMENT '本item退货状态',
  `weight` decimal(4,2) DEFAULT NULL COMMENT '商品重量',
  `sku` varchar(16) COLLATE utf8_unicode_ci DEFAULT NULL COMMENT '商品的sku',
  `name` varchar(256) COLLATE utf8_unicode_ci DEFAULT NULL COMMENT '商品名称',
  `cost_price` decimal(12,2) unsigned NOT NULL COMMENT '成本价',
  `price` decimal(12,2) DEFAULT NULL COMMENT '商品价格',
  `description` varchar(128) COLLATE utf8_unicode_ci DEFAULT NULL COMMENT '商品描述',
  `image` varchar(128) COLLATE utf8_unicode_ci DEFAULT NULL COMMENT '商品图片地址',
  `is_promo` enum('0','1') COLLATE utf8_unicode_ci NOT NULL DEFAULT '0' COMMENT '是否是促销商品',
  `quantity` int(10) unsigned NOT NULL DEFAULT '1' COMMENT '数量',
  `tax_amount` decimal(12,2) DEFAULT NULL COMMENT '税收',
  `discount_amount` decimal(12,2) DEFAULT NULL COMMENT '折扣价格',
  `total_price` decimal(12,2) DEFAULT NULL COMMENT '本item总价',
  `created_at` timestamp NOT NULL DEFAULT '0000-00-00 00:00:00' COMMENT '创建时间',
  `updated_at` timestamp NOT NULL DEFAULT CURRENT_TIMESTAMP COMMENT '更新时间',
  PRIMARY KEY (`refund_item_id`),
  KEY `order_id` (`order_id`)
) ENGINE=InnoDB  DEFAULT CHARSET=utf8 COLLATE=utf8_unicode_ci COMMENT='退货详情表' AUTO_INCREMENT=173 ;

--
-- Dumping data for table `sales_order_refund_item`
--

INSERT INTO `sales_order_refund_item` (`refund_item_id`, `order_id`, `product_id`, `category_id`, `store_id`, `seller_id`, `status`, `weight`, `sku`, `name`, `cost_price`, `price`, `description`, `image`, `is_promo`, `quantity`, `tax_amount`, `discount_amount`, `total_price`, `created_at`, `updated_at`) VALUES
(1, '151211398380004', 1, 1, 1, 0, 'finished', '0.00', '', '红苹果', '0.00', '28.00', '', '/1.jpg', '0', 1, '0.00', '20.00', '18.20', '2015-12-11 03:07:20', '2015-12-11 03:07:20'),
(2, '151214763070017', 1, 1, 1, 0, 'finished', '0.00', '', '红苹果', '0.00', '28.00', '', '/1.jpg', '0', 1, '0.00', '20.00', '28.00', '2015-12-14 13:12:58', '2015-12-14 13:12:58'),
(3, '151214788960021', 3, 2, 1, 0, 'finished', '0.00', '', '香蕉  ', '20.00', '39.90', '', '', '1', 1, '0.00', '24.90', '24.90', '2015-12-14 13:55:16', '2015-12-14 13:55:16'),
(4, '151214785300020', 15, 2, 1, 0, 'finished', '0.00', '', '荔枝  ', '3.20', '9.90', '', '', '0', 1, '0.00', '6.90', '8.91', '2015-12-14 13:59:49', '2015-12-14 13:59:49'),
(5, '151214785300020', 14, 2, 1, 0, 'finished', '0.00', '', '柿子', '4.50', '8.80', '', '', '1', 1, '0.00', '6.60', '6.60', '2015-12-14 13:59:49', '2015-12-14 13:59:49'),
(6, '151214785300020', 13, 2, 1, 0, 'finished', '0.00', '', '柚子', '20.00', '45.00', '', '', '1', 1, '0.00', '30.00', '30.00', '2015-12-14 13:59:49', '2015-12-14 13:59:49'),
(7, '151214785300020', 9, 2, 1, 0, 'finished', '0.00', '', '哈密瓜', '9.90', '19.90', '', '', '1', 1, '0.00', '8.80', '8.80', '2015-12-14 13:59:49', '2015-12-14 13:59:49'),
(8, '151214785300020', 8, 2, 1, 0, 'finished', '0.00', '', '西瓜 ', '19.00', '32.40', '', '', '0', 1, '0.00', '29.00', '29.16', '2015-12-14 13:59:49', '2015-12-14 13:59:49'),
(9, '151214785300020', 7, 2, 1, 0, 'finished', '0.00', '', '西瓜 ', '12.00', '21.90', '', '', '0', 1, '0.00', '15.50', '19.71', '2015-12-14 13:59:49', '2015-12-14 13:59:49'),
(10, '151214785300020', 21, 2, 1, 0, 'finished', '0.00', '', '枇杷', '5.00', '13.00', '', '', '0', 1, '0.00', '8.00', '11.70', '2015-12-14 13:59:49', '2015-12-14 13:59:49'),
(11, '151214785300020', 20, 1, 1, 0, 'finished', '0.00', '', '山竹 ', '8.20', '10.90', '', '', '0', 1, '0.00', '8.50', '9.81', '2015-12-14 13:59:49', '2015-12-14 13:59:49'),
(12, '151214785300020', 19, 2, 1, 0, 'finished', '0.00', '', '榴莲 ', '8.00', '19.00', '', '', '0', 1, '0.00', '13.00', '17.10', '2015-12-14 13:59:49', '2015-12-14 13:59:49'),
(13, '151214785300020', 18, 2, 1, 0, 'finished', '0.00', '', '椰子', '8.00', '35.00', '', '', '0', 1, '0.00', '28.00', '31.50', '2015-12-14 13:59:49', '2015-12-14 13:59:49'),
(14, '151214785300020', 17, 2, 1, 0, 'finished', '0.00', '', '猕猴桃', '20.00', '45.00', '', '', '0', 1, '0.00', '33.00', '40.50', '2015-12-14 13:59:49', '2015-12-14 13:59:49'),
(15, '151214785300020', 16, 2, 1, 0, 'finished', '0.00', '', '芒果  ', '3.00', '9.70', '', '', '0', 1, '0.00', '6.80', '8.73', '2015-12-14 13:59:49', '2015-12-14 13:59:49'),
(16, '151214785300020', 11, 2, 1, 0, 'finished', '0.00', '', '草莓  ', '14.00', '28.00', '', '', '0', 1, '0.00', '18.00', '25.20', '2015-12-14 13:59:49', '2015-12-14 13:59:49'),
(17, '151214785300020', 12, 2, 1, 0, 'finished', '0.00', '', '蓝莓  ', '38.00', '59.80', '', '', '0', 1, '0.00', '39.50', '53.82', '2015-12-14 13:59:49', '2015-12-14 13:59:49'),
(18, '151214785300020', 6, 2, 1, 0, 'finished', '0.00', '', '樱桃  ', '15.00', '29.00', '', '', '1', 1, '0.00', '21.00', '21.00', '2015-12-14 13:59:49', '2015-12-14 13:59:49'),
(19, '151214785300020', 1, 1, 1, 0, 'finished', '0.00', '', '红苹果', '0.00', '28.00', '', '', '0', 1, '0.00', '20.00', '25.20', '2015-12-14 13:59:49', '2015-12-14 13:59:49'),
(20, '151214785300020', 2, 1, 1, 0, 'finished', '0.00', '', '青苹果', '0.00', '28.00', '', '/2.jpg', '1', 1, '0.00', '20.00', '20.00', '2015-12-14 13:59:49', '2015-12-14 13:59:49'),
(21, '151214774600019', 2, 1, 1, 0, 'finished', '0.00', '', '青苹果', '0.00', '28.00', '', '/2.jpg', '1', 2, '0.00', '20.00', '40.00', '2015-12-14 14:01:05', '2015-12-14 14:01:05'),
(22, '151214763120018', 1, 1, 1, 0, 'finished', '0.00', '', '红苹果', '0.00', '28.00', '', '/1.jpg', '0', 1, '0.00', '20.00', '28.00', '2015-12-14 14:01:15', '2015-12-14 14:01:15'),
(23, '151214763010016', 2, 1, 1, 0, 'finished', '0.00', '', '青苹果', '0.00', '28.00', '', '/2.jpg', '1', 1, '0.00', '20.00', '20.00', '2015-12-14 14:01:39', '2015-12-14 14:01:39'),
(24, '151214756020015', 1, 1, 1, 0, 'finished', '0.00', '', '红苹果', '0.00', '28.00', '', '/1.jpg', '0', 1, '0.00', '20.00', '28.00', '2015-12-14 14:02:34', '2015-12-14 14:02:34'),
(25, '151214755920014', 1, 1, 1, 0, 'finished', '0.00', '', '红苹果', '0.00', '28.00', '', '/1.jpg', '0', 1, '0.00', '20.00', '28.00', '2015-12-14 14:04:03', '2015-12-14 14:04:03'),
(26, '151214797560022', 1, 1, 1, 0, 'finished', '0.00', '', '红苹果', '0.00', '28.00', '', '', '0', 1, '0.00', '20.00', '14.00', '2015-12-14 14:09:51', '2015-12-14 14:09:51'),
(27, '151214797560022', 2, 1, 1, 0, 'finished', '0.00', '', '青苹果', '0.00', '28.00', '', '/2.jpg', '1', 1, '0.00', '20.00', '20.00', '2015-12-14 14:09:51', '2015-12-14 14:09:51'),
(28, '151214797560022', 3, 2, 1, 0, 'finished', '0.00', '', '香蕉  ', '20.00', '39.90', '', '', '1', 1, '0.00', '24.90', '24.90', '2015-12-14 14:09:51', '2015-12-14 14:09:51'),
(29, '151214797560022', 4, 2, 1, 0, 'finished', '0.00', '', '葡萄', '20.00', '29.90', '', '', '0', 1, '0.00', '21.00', '14.95', '2015-12-14 14:09:51', '2015-12-14 14:09:51'),
(30, '151214797560022', 5, 2, 1, 0, 'finished', '0.00', '', '杨桃  ', '21.00', '30.00', '', '', '0', 1, '0.00', '21.00', '15.00', '2015-12-14 14:09:51', '2015-12-14 14:09:51'),
(31, '151214797560022', 10, 2, 1, 0, 'finished', '0.00', '', '梅子', '18.00', '28.00', '', '', '0', 1, '0.00', '24.00', '14.00', '2015-12-14 14:09:51', '2015-12-14 14:09:51'),
(32, '151214797560022', 9, 2, 1, 0, 'finished', '0.00', '', '哈密瓜', '9.90', '19.90', '', '', '1', 1, '0.00', '8.80', '8.80', '2015-12-14 14:09:51', '2015-12-14 14:09:51'),
(33, '151214797560022', 8, 2, 1, 0, 'finished', '0.00', '', '西瓜 ', '19.00', '32.40', '', '', '0', 1, '0.00', '29.00', '16.20', '2015-12-14 14:09:51', '2015-12-14 14:09:51'),
(34, '151214797560022', 7, 2, 1, 0, 'finished', '0.00', '', '西瓜 ', '12.00', '21.90', '', '', '0', 1, '0.00', '15.50', '10.95', '2015-12-14 14:09:51', '2015-12-14 14:09:51'),
(35, '151214797560022', 6, 2, 1, 0, 'finished', '0.00', '', '樱桃  ', '15.00', '29.00', '', '', '1', 1, '0.00', '21.00', '21.00', '2015-12-14 14:09:51', '2015-12-14 14:09:51'),
(36, '151214797560022', 11, 2, 1, 0, 'finished', '0.00', '', '草莓  ', '14.00', '28.00', '', '', '0', 1, '0.00', '18.00', '14.00', '2015-12-14 14:09:51', '2015-12-14 14:09:51'),
(37, '151214797560022', 12, 2, 1, 0, 'finished', '0.00', '', '蓝莓  ', '38.00', '59.80', '', '', '0', 1, '0.00', '39.50', '29.90', '2015-12-14 14:09:51', '2015-12-14 14:09:51'),
(38, '151214797560022', 13, 2, 1, 0, 'finished', '0.00', '', '柚子', '20.00', '45.00', '', '', '1', 1, '0.00', '30.00', '30.00', '2015-12-14 14:09:51', '2015-12-14 14:09:51'),
(39, '151214797560022', 14, 2, 1, 0, 'finished', '0.00', '', '柿子', '4.50', '8.80', '', '', '1', 1, '0.00', '6.60', '6.60', '2015-12-14 14:09:51', '2015-12-14 14:09:51'),
(40, '151214797560022', 15, 2, 1, 0, 'finished', '0.00', '', '荔枝  ', '3.20', '9.90', '', '', '0', 1, '0.00', '6.90', '4.95', '2015-12-14 14:09:51', '2015-12-14 14:09:51'),
(41, '151214797560022', 20, 1, 1, 0, 'finished', '0.00', '', '山竹 ', '8.20', '10.90', '', '', '0', 1, '0.00', '8.50', '5.45', '2015-12-14 14:09:51', '2015-12-14 14:09:51'),
(42, '151214797560022', 19, 2, 1, 0, 'finished', '0.00', '', '榴莲 ', '8.00', '19.00', '', '', '0', 1, '0.00', '13.00', '9.50', '2015-12-14 14:09:51', '2015-12-14 14:09:51'),
(43, '151214797560022', 18, 2, 1, 0, 'finished', '0.00', '', '椰子', '8.00', '35.00', '', '', '0', 1, '0.00', '28.00', '17.50', '2015-12-14 14:09:51', '2015-12-14 14:09:51'),
(44, '151214797560022', 17, 2, 1, 0, 'finished', '0.00', '', '猕猴桃', '20.00', '45.00', '', '', '0', 1, '0.00', '33.00', '22.50', '2015-12-14 14:09:51', '2015-12-14 14:09:51'),
(45, '151214797560022', 16, 2, 1, 0, 'finished', '0.00', '', '芒果  ', '3.00', '9.70', '', '', '0', 1, '0.00', '6.80', '4.85', '2015-12-14 14:09:51', '2015-12-14 14:09:51'),
(46, '151214797560022', 21, 2, 1, 0, 'finished', '0.00', '', '枇杷', '5.00', '13.00', '', '', '0', 1, '0.00', '8.00', '6.50', '2015-12-14 14:09:51', '2015-12-14 14:09:51'),
(47, '151214813540025', 15, 2, 1, 0, 'finished', '0.00', '', '荔枝  ', '3.20', '9.90', '', '', '0', 1, '0.00', '6.90', '4.95', '2015-12-14 14:37:03', '2015-12-14 14:37:03'),
(48, '151214748670009', 2, 1, 1, 0, 'finished', '0.00', '', '青苹果', '0.00', '28.00', '', '/2.jpg', '1', 1, '0.00', '20.00', '20.00', '2015-12-15 03:27:35', '2015-12-15 03:27:35'),
(49, '151215587510011', 2, 2, 1, 0, 'finished', '0.00', '', '青苹果', '0.00', '28.00', '', '/assets/images/product/2015/12/15/4accf42e036f597ddb9f74ca1c527cb2.jpg', '1', 1, '0.00', '20.00', '20.00', '2015-12-15 08:19:36', '2015-12-15 08:19:36'),
(50, '151215583040009', 11, 2, 1, 0, 'finished', '0.00', '', '草莓  ', '14.00', '28.00', '', '/assets/images/product/2015/12/15/b18442b3596dbc76e72618ae7d7fff63.jpg', '0', 1, '0.00', '18.00', '28.00', '2015-12-15 08:20:37', '2015-12-15 08:20:37'),
(51, '151215582760008', 11, 2, 1, 0, 'finished', '0.00', '', '草莓  ', '14.00', '28.00', '', '/assets/images/product/2015/12/15/b18442b3596dbc76e72618ae7d7fff63.jpg', '0', 1, '0.00', '18.00', '28.00', '2015-12-15 08:21:39', '2015-12-15 08:21:39'),
(52, '151215582510007', 11, 2, 1, 0, 'finished', '0.00', '', '草莓  ', '14.00', '28.00', '', '/assets/images/product/2015/12/15/b18442b3596dbc76e72618ae7d7fff63.jpg', '0', 1, '0.00', '18.00', '28.00', '2015-12-15 08:21:51', '2015-12-15 08:21:51'),
(53, '151215631020017', 2, 2, 1, 0, 'finished', '0.00', '', '青苹果', '0.00', '28.00', '', '/assets/images/product/2015/12/15/4accf42e036f597ddb9f74ca1c527cb2.jpg', '1', 1, '0.00', '20.00', '20.00', '2015-12-15 09:31:57', '2015-12-15 09:31:57'),
(54, '151215632070018', 11, 2, 1, 0, 'finished', '0.00', '', '草莓  ', '14.00', '28.00', '', '/assets/images/product/2015/12/15/b18442b3596dbc76e72618ae7d7fff63.jpg', '0', 1, '0.00', '18.00', '28.00', '2015-12-15 09:33:47', '2015-12-15 09:33:47'),
(55, '151216574260001', 1, 1, 1, 0, 'finished', '0.00', '', '红苹果', '0.00', '28.00', '', '/assets/images/product/2015/12/15/ab81a643147236c6d559e35b47bb434f.jpg', '0', 1, '0.00', '20.00', '28.00', '2015-12-16 07:57:20', '2015-12-16 07:57:20'),
(56, '151216574620002', 1, 1, 1, 0, 'finished', '0.00', '', '红苹果', '0.00', '28.00', '', '/assets/images/product/2015/12/15/ab81a643147236c6d559e35b47bb434f.jpg', '0', 1, '0.00', '20.00', '28.00', '2015-12-16 07:57:55', '2015-12-16 07:57:55'),
(57, '151216575180004', 6, 2, 1, 0, 'finished', '0.00', '', '樱桃  ', '15.00', '29.00', '', '/assets/images/product/2015/12/15/9627ab8da539ef8c8470b54d848250af.jpg', '1', 4, '0.00', '21.00', '84.00', '2015-12-16 07:59:08', '2015-12-16 07:59:08'),
(58, '151216575180004', 5, 2, 1, 0, 'finished', '0.00', '', '杨桃  ', '21.00', '30.00', '', '/assets/images/product/2015/12/15/4ffb750e18505b614922bc07440ceb5e.jpg', '0', 2, '0.00', '21.00', '60.00', '2015-12-16 07:59:08', '2015-12-16 07:59:08'),
(59, '151216576220006', 5, 2, 1, 0, 'finished', '0.00', '', '杨桃  ', '21.00', '30.00', '', '/assets/images/product/2015/12/15/4ffb750e18505b614922bc07440ceb5e.jpg', '0', 1, '0.00', '21.00', '30.00', '2015-12-16 08:01:22', '2015-12-16 08:01:22'),
(60, '151216576220006', 10, 2, 1, 0, 'finished', '0.00', '', '梅子', '18.00', '28.00', '', '/assets/images/product/2015/12/15/a3e48dbc9fb5c84cff0432d89060174b.jpg', '0', 1, '0.00', '24.00', '28.00', '2015-12-16 08:01:22', '2015-12-16 08:01:22'),
(61, '151216576220006', 9, 2, 1, 0, 'finished', '0.00', '', '哈密瓜', '9.90', '19.90', '', '/assets/images/product/2015/12/15/907089c7e09dc96e29db37846f05eb5b.jpg', '1', 1, '0.00', '8.80', '8.80', '2015-12-16 08:01:22', '2015-12-16 08:01:22'),
(62, '151216574650003', 1, 1, 1, 0, 'finished', '0.00', '', '红苹果', '0.00', '28.00', '', '/assets/images/product/2015/12/15/ab81a643147236c6d559e35b47bb434f.jpg', '0', 1, '0.00', '20.00', '28.00', '2015-12-16 08:02:57', '2015-12-16 08:02:57'),
(63, '151216622180011', 2, 2, 1, 0, 'finished', '0.00', '', '青苹果', '0.00', '28.00', '', '/assets/images/product/2015/12/15/4accf42e036f597ddb9f74ca1c527cb2.jpg', '1', 1, '0.00', '20.00', '20.00', '2015-12-16 09:17:46', '2015-12-16 09:17:46'),
(64, '151216621850009', 10, 2, 1, 0, 'finished', '0.00', '', '梅子', '18.00', '28.00', '', '/assets/images/product/2015/12/15/a3e48dbc9fb5c84cff0432d89060174b.jpg', '0', 1, '0.00', '24.00', '28.00', '2015-12-16 09:17:55', '2015-12-16 09:17:55'),
(65, '151216621750008', 11, 2, 1, 0, 'finished', '0.00', '', '草莓  ', '14.00', '28.00', '', '/assets/images/product/2015/12/15/b18442b3596dbc76e72618ae7d7fff63.jpg', '0', 1, '0.00', '18.00', '28.00', '2015-12-16 09:18:06', '2015-12-16 09:18:06'),
(66, '151216625790012', 16, 2, 1, 0, 'finished', '0.00', '', '芒果  ', '3.00', '9.70', '', '/assets/images/product/2015/12/15/0b1dec3e67ab8bbcd6f558809148fa05.jpg', '0', 1, '0.00', '6.80', '7.76', '2015-12-16 09:23:34', '2015-12-16 09:23:34'),
(67, '151216627030013', 2, 2, 1, 0, 'finished', '0.00', '', '青苹果', '0.00', '28.00', '', '/assets/images/product/2015/12/15/4accf42e036f597ddb9f74ca1c527cb2.jpg', '1', 1, '0.00', '20.00', '20.00', '2015-12-16 09:25:32', '2015-12-16 09:25:32'),
(68, '151216575710005', 16, 2, 1, 0, 'finished', '0.00', '', '芒果  ', '3.00', '9.70', '', '/assets/images/product/2015/12/15/0b1dec3e67ab8bbcd6f558809148fa05.jpg', '0', 1, '0.00', '6.80', '6.60', '2015-12-16 13:23:39', '2015-12-16 13:23:39'),
(69, '151216650020014', 6, 2, 1, 0, 'finished', '0.00', '', '樱桃  ', '15.00', '29.00', '', '/assets/images/product/2015/12/15/9627ab8da539ef8c8470b54d848250af.jpg', '1', 1, '0.00', '21.00', '21.00', '2015-12-16 13:24:25', '2015-12-16 13:24:25'),
(70, '151216777010016', 1, 1, 1, 0, 'finished', '0.00', '', '红苹果', '0.00', '28.00', '', '/assets/images/product/2015/12/15/ab81a643147236c6d559e35b47bb434f.jpg', '0', 1, '0.00', '20.00', '28.00', '2015-12-16 13:36:42', '2015-12-16 13:36:42'),
(71, '151216579060007', 11, 2, 1, 0, 'finished', '0.00', '', '草莓  ', '14.00', '28.00', '', '/assets/images/product/2015/12/15/b18442b3596dbc76e72618ae7d7fff63.jpg', '0', 1, '0.00', '18.00', '15.40', '2015-12-16 14:09:49', '2015-12-16 14:09:49'),
(72, '151216799460017', 8, 2, 1, 0, 'finished', '0.00', '', '西瓜 ', '19.00', '32.40', '', '/assets/images/product/2015/12/15/a378f732c2ddcd0e7e183fb3e6ef85c5.jpg', '0', 2, '0.00', '29.00', '64.80', '2015-12-16 14:14:01', '2015-12-16 14:14:01'),
(73, '151216801050018', 9, 2, 1, 0, 'finished', '0.00', '', '哈密瓜', '9.90', '19.90', '', '/assets/images/product/2015/12/15/907089c7e09dc96e29db37846f05eb5b.jpg', '1', 1, '0.00', '8.80', '8.80', '2015-12-16 14:17:38', '2015-12-16 14:17:38'),
(74, '151217386310001', 6, 2, 1, 12, 'finished', '0.00', '', '樱桃  ', '15.00', '29.00', '', '/assets/images/product/2015/12/15/9627ab8da539ef8c8470b54d848250af.jpg', '1', 1, '0.00', '21.00', '21.00', '2015-12-17 03:11:00', '2015-12-17 03:11:00'),
(75, '151217386310001', 9, 2, 1, 12, 'finished', '0.00', '', '哈密瓜', '9.90', '19.90', '', '/assets/images/product/2015/12/15/907089c7e09dc96e29db37846f05eb5b.jpg', '1', 3, '0.00', '8.80', '26.40', '2015-12-17 03:11:00', '2015-12-17 03:11:00'),
(76, '151217386310001', 8, 2, 1, 12, 'finished', '0.00', '', '西瓜 ', '19.00', '32.40', '', '/assets/images/product/2015/12/15/a378f732c2ddcd0e7e183fb3e6ef85c5.jpg', '0', 2, '0.00', '29.00', '64.80', '2015-12-17 03:11:00', '2015-12-17 03:11:00'),
(77, '151217401960002', 5, 2, 1, 12, 'finished', '0.00', '', '杨桃  ', '21.00', '30.00', '', '/assets/images/product/2015/12/15/4ffb750e18505b614922bc07440ceb5e.jpg', '0', 1, '0.00', '21.00', '28.50', '2015-12-17 03:11:19', '2015-12-17 03:11:19'),
(78, '151217401960002', 3, 2, 1, 12, 'finished', '0.00', '', '香蕉  ', '20.00', '39.90', '', '/assets/images/product/2015/12/15/cbd750916bdd9c402bc1f7cf80da51da.jpg', '1', 1, '0.00', '24.90', '24.90', '2015-12-17 03:11:19', '2015-12-17 03:11:19'),
(79, '151217401960002', 2, 2, 1, 12, 'finished', '0.00', '', '青苹果', '0.00', '28.00', '', '/assets/images/product/2015/12/15/4accf42e036f597ddb9f74ca1c527cb2.jpg', '1', 1, '0.00', '20.00', '20.00', '2015-12-17 03:11:19', '2015-12-17 03:11:19'),
(80, '151217401960002', 9, 2, 1, 12, 'finished', '0.00', '', '哈密瓜', '9.90', '19.90', '', '/assets/images/product/2015/12/15/907089c7e09dc96e29db37846f05eb5b.jpg', '1', 1, '0.00', '8.80', '8.80', '2015-12-17 03:11:19', '2015-12-17 03:11:19'),
(81, '151217401960002', 11, 2, 1, 12, 'finished', '0.00', '', '草莓  ', '14.00', '28.00', '', '/assets/images/product/2015/12/15/b18442b3596dbc76e72618ae7d7fff63.jpg', '0', 4, '0.00', '18.00', '106.40', '2015-12-17 03:11:19', '2015-12-17 03:11:19'),
(82, '151217403090003', 5, 2, 1, 1, 'finished', '0.00', '', '杨桃  ', '21.00', '30.00', '', '/assets/images/product/2015/12/15/4ffb750e18505b614922bc07440ceb5e.jpg', '0', 1, '0.00', '21.00', '30.00', '2015-12-17 03:12:35', '2015-12-17 03:12:35'),
(83, '151217403090003', 6, 2, 1, 1, 'finished', '0.00', '', '樱桃  ', '15.00', '29.00', '', '/assets/images/product/2015/12/15/9627ab8da539ef8c8470b54d848250af.jpg', '1', 1, '0.00', '21.00', '21.00', '2015-12-17 03:12:35', '2015-12-17 03:12:35'),
(84, '151217403090003', 10, 2, 1, 1, 'finished', '0.00', '', '梅子', '18.00', '28.00', '', '/assets/images/product/2015/12/15/a3e48dbc9fb5c84cff0432d89060174b.jpg', '0', 2, '0.00', '24.00', '56.00', '2015-12-17 03:12:35', '2015-12-17 03:12:35'),
(85, '151218373880001', 2, 2, 1, 12, 'finished', '0.00', '', '青苹果', '0.00', '28.00', '', '/assets/images/product/2015/12/15/4accf42e036f597ddb9f74ca1c527cb2.jpg', '1', 1, '0.00', '20.00', '20.00', '2015-12-18 02:23:27', '2015-12-18 02:23:27'),
(86, '151218374580002', 5, 2, 1, 12, 'finished', '0.00', '', '杨桃  ', '21.00', '30.00', '', '/assets/images/product/2015/12/15/4ffb750e18505b614922bc07440ceb5e.jpg', '0', 1, '0.00', '21.00', '30.00', '2015-12-18 02:24:49', '2015-12-18 02:24:49'),
(87, '151218375270003', 5, 2, 1, 12, 'finished', '0.00', '', '杨桃  ', '21.00', '30.00', '', '/assets/images/product/2015/12/15/4ffb750e18505b614922bc07440ceb5e.jpg', '0', 1, '0.00', '21.00', '30.00', '2015-12-18 02:25:50', '2015-12-18 02:25:50'),
(88, '151218501400005', 11, 2, 1, 12, 'finished', '0.00', '', '草莓  ', '14.00', '28.00', '', '/assets/images/product/2015/12/15/b18442b3596dbc76e72618ae7d7fff63.jpg', '0', 3, '0.00', '18.00', '63.00', '2015-12-18 06:19:58', '2015-12-18 06:19:58'),
(89, '151218501400005', 10, 2, 1, 12, 'finished', '0.00', '', '梅子', '18.00', '28.00', '', '/assets/images/product/2015/12/15/a3e48dbc9fb5c84cff0432d89060174b.jpg', '0', 4, '0.00', '24.00', '84.00', '2015-12-18 06:19:58', '2015-12-18 06:19:58'),
(90, '151218501400005', 16, 2, 1, 12, 'finished', '0.00', '', '芒果  ', '3.00', '9.70', '', '/assets/images/product/2015/12/15/0b1dec3e67ab8bbcd6f558809148fa05.jpg', '0', 1, '0.00', '6.80', '7.28', '2015-12-18 06:19:58', '2015-12-18 06:19:58'),
(91, '151218508430006', 10, 2, 1, 12, 'finished', '0.00', '', '梅子', '18.00', '28.00', '', '/assets/images/product/2015/12/15/a3e48dbc9fb5c84cff0432d89060174b.jpg', '0', 1, '0.00', '24.00', '28.00', '2015-12-18 06:37:45', '2015-12-18 06:37:45'),
(92, '151218617320013', 1, 1, 1, 12, 'finished', '0.00', '', '红苹果', '5.00', '20.00', '', '/assets/images/product/2015/12/15/ab81a643147236c6d559e35b47bb434f.jpg', '0', 1, '0.00', '18.00', '20.00', '2015-12-18 09:10:24', '2015-12-18 09:10:24'),
(93, '151218615060012', 4, 2, 1, 12, 'finished', '0.00', '', '葡萄', '5.00', '10.00', '', '/assets/images/product/2015/12/15/f1469bab2437e898182a171d0fb95532.jpg', '0', 5, '0.00', '8.00', '40.00', '2015-12-18 09:11:51', '2015-12-18 09:11:51'),
(94, '151218614460011', 4, 2, 1, 12, 'finished', '0.00', '', '葡萄', '5.00', '10.00', '', '/assets/images/product/2015/12/15/f1469bab2437e898182a171d0fb95532.jpg', '0', 5, '0.00', '8.00', '40.00', '2015-12-18 09:12:32', '2015-12-18 09:12:32'),
(95, '151218613780010', 4, 2, 1, 12, 'finished', '0.00', '', '葡萄', '5.00', '10.00', '', '/assets/images/product/2015/12/15/f1469bab2437e898182a171d0fb95532.jpg', '0', 5, '0.00', '8.00', '40.00', '2015-12-18 09:13:23', '2015-12-18 09:13:23'),
(96, '151218621800014', 4, 2, 1, 12, 'finished', '0.00', '', '葡萄', '5.00', '10.00', '', '/assets/images/product/2015/12/15/f1469bab2437e898182a171d0fb95532.jpg', '0', 5, '0.00', '8.00', '40.00', '2015-12-18 09:19:12', '2015-12-18 09:19:12'),
(97, '151218622220015', 4, 2, 1, 12, 'finished', '0.00', '', '葡萄', '5.00', '10.00', '', '/assets/images/product/2015/12/15/f1469bab2437e898182a171d0fb95532.jpg', '0', 5, '0.00', '8.00', '40.00', '2015-12-18 09:19:17', '2015-12-18 09:19:17'),
(98, '151218622400016', 4, 2, 1, 12, 'finished', '0.00', '', '葡萄', '5.00', '10.00', '', '/assets/images/product/2015/12/15/f1469bab2437e898182a171d0fb95532.jpg', '0', 5, '0.00', '8.00', '40.00', '2015-12-18 09:19:21', '2015-12-18 09:19:21'),
(99, '151218622520017', 1, 1, 1, 12, 'finished', '0.00', '', '红苹果', '5.00', '20.00', '', '/assets/images/product/2015/12/15/ab81a643147236c6d559e35b47bb434f.jpg', '0', 1, '0.00', '18.00', '20.00', '2015-12-18 09:19:45', '2015-12-18 09:19:45'),
(100, '151218624790018', 4, 2, 1, 12, 'finished', '0.00', '', '葡萄', '5.00', '10.00', '', '/assets/images/product/2015/12/15/f1469bab2437e898182a171d0fb95532.jpg', '0', 5, '0.00', '8.00', '40.00', '2015-12-18 09:23:31', '2015-12-18 09:23:31'),
(101, '151218624950019', 1, 1, 1, 12, 'finished', '0.00', '', '红苹果', '5.00', '20.00', '', '/assets/images/product/2015/12/15/ab81a643147236c6d559e35b47bb434f.jpg', '0', 1, '0.00', '18.00', '20.00', '2015-12-18 09:23:35', '2015-12-18 09:23:35'),
(102, '151218625150020', 4, 2, 1, 12, 'finished', '0.00', '', '葡萄', '5.00', '10.00', '', '/assets/images/product/2015/12/15/f1469bab2437e898182a171d0fb95532.jpg', '0', 5, '0.00', '8.00', '40.00', '2015-12-18 09:23:38', '2015-12-18 09:23:38'),
(103, '151218625460021', 4, 2, 1, 12, 'finished', '0.00', '', '葡萄', '5.00', '10.00', '', '/assets/images/product/2015/12/15/f1469bab2437e898182a171d0fb95532.jpg', '0', 5, '0.00', '8.00', '40.00', '2015-12-18 09:23:42', '2015-12-18 09:23:42'),
(104, '151224741140001', 11, 2, 1, 12, 'finished', '0.00', '', '草莓  ', '14.00', '28.00', '', '/assets/images/product/2015/12/15/b18442b3596dbc76e72618ae7d7fff63.jpg', '0', 1, '0.00', '18.00', '23.80', '2015-12-24 12:41:45', '2015-12-24 12:41:45'),
(105, '151224741140001', 16, 2, 1, 12, 'finished', '0.00', '', '芒果  ', '3.00', '9.70', '', '/assets/images/product/2015/12/15/0b1dec3e67ab8bbcd6f558809148fa05.jpg', '0', 1, '0.00', '6.80', '8.25', '2015-12-24 12:41:45', '2015-12-24 12:41:45'),
(106, '151224741140001', 14, 2, 1, 12, 'finished', '0.00', '', '柿子', '4.50', '8.80', '', '/assets/images/product/2015/12/15/8d42070092dad970f0cfdb17a06b6b22.jpg', '1', 1, '0.00', '6.60', '6.60', '2015-12-24 12:41:45', '2015-12-24 12:41:45'),
(107, '151224741670002', 11, 2, 1, 12, 'finished', '0.00', '', '草莓  ', '14.00', '28.00', '', '/assets/images/product/2015/12/15/b18442b3596dbc76e72618ae7d7fff63.jpg', '0', 1, '0.00', '18.00', '22.40', '2015-12-24 12:41:49', '2015-12-24 12:41:49'),
(108, '151224741670002', 6, 2, 1, 12, 'finished', '0.00', '', '樱桃  ', '15.00', '29.00', '', '/assets/images/product/2015/12/15/9627ab8da539ef8c8470b54d848250af.jpg', '1', 1, '0.00', '21.00', '21.00', '2015-12-24 12:41:49', '2015-12-24 12:41:49'),
(109, '151224741870003', 11, 2, 1, 12, 'finished', '0.00', '', '草莓  ', '14.00', '28.00', '', '/assets/images/product/2015/12/15/b18442b3596dbc76e72618ae7d7fff63.jpg', '0', 1, '0.00', '18.00', '28.00', '2015-12-24 12:41:52', '2015-12-24 12:41:52'),
(110, '151224745370004', 21, 2, 1, 12, 'finished', '0.00', '', '枇杷', '5.00', '23.00', '', '/assets/images/product/2015/12/15/93a51371729e5a19a8371b0451d3837d.jpg', '0', 1, '0.00', '8.00', '23.00', '2015-12-24 12:50:06', '2015-12-24 12:50:06'),
(111, '151224745370004', 6, 2, 1, 12, 'finished', '0.00', '', '樱桃  ', '15.00', '29.00', '', '/assets/images/product/2015/12/15/9627ab8da539ef8c8470b54d848250af.jpg', '1', 1, '0.00', '21.00', '21.00', '2015-12-24 12:50:06', '2015-12-24 12:50:06'),
(112, '151224745370004', 11, 2, 1, 12, 'finished', '0.00', '', '草莓  ', '14.00', '28.00', '', '/assets/images/product/2015/12/15/b18442b3596dbc76e72618ae7d7fff63.jpg', '0', 1, '0.00', '18.00', '28.00', '2015-12-24 12:50:06', '2015-12-24 12:50:06'),
(113, '151224748280019', 14, 2, 1, 12, 'finished', '0.00', '', '柿子', '4.50', '8.80', '', '/assets/images/product/2015/12/15/8d42070092dad970f0cfdb17a06b6b22.jpg', '1', 1, '0.00', '6.60', '6.60', '2015-12-24 12:50:09', '2015-12-24 12:50:09'),
(114, '151224748390020', 11, 2, 1, 12, 'finished', '0.00', '', '草莓  ', '14.00', '28.00', '', '/assets/images/product/2015/12/15/b18442b3596dbc76e72618ae7d7fff63.jpg', '0', 1, '0.00', '18.00', '28.00', '2015-12-24 12:50:12', '2015-12-24 12:50:12'),
(115, '151224748390020', 16, 2, 1, 12, 'finished', '0.00', '', '芒果  ', '3.00', '9.70', '', '/assets/images/product/2015/12/15/0b1dec3e67ab8bbcd6f558809148fa05.jpg', '1', 1, '0.00', '6.80', '6.80', '2015-12-24 12:50:12', '2015-12-24 12:50:12'),
(116, '151224748390020', 15, 2, 1, 12, 'finished', '0.00', '', '荔枝  ', '3.20', '9.90', '', '/assets/images/product/2015/12/15/31bccdfe4af6d701e4ba2aa4b806ba53.jpg', '1', 1, '0.00', '6.90', '6.90', '2015-12-24 12:50:12', '2015-12-24 12:50:12'),
(117, '151224748530021', 11, 2, 1, 12, 'finished', '0.00', '', '草莓  ', '14.00', '28.00', '', '/assets/images/product/2015/12/15/b18442b3596dbc76e72618ae7d7fff63.jpg', '0', 1, '0.00', '18.00', '28.00', '2015-12-24 12:52:58', '2015-12-24 12:52:58'),
(118, '151224748530021', 16, 2, 1, 12, 'finished', '0.00', '', '芒果  ', '3.00', '9.70', '', '/assets/images/product/2015/12/15/0b1dec3e67ab8bbcd6f558809148fa05.jpg', '1', 1, '0.00', '6.80', '6.80', '2015-12-24 12:52:58', '2015-12-24 12:52:58'),
(119, '151224748530021', 15, 2, 1, 12, 'finished', '0.00', '', '荔枝  ', '3.20', '9.90', '', '/assets/images/product/2015/12/15/31bccdfe4af6d701e4ba2aa4b806ba53.jpg', '1', 1, '0.00', '6.90', '6.90', '2015-12-24 12:52:58', '2015-12-24 12:52:58'),
(120, '151224748910022', 11, 2, 1, 12, 'finished', '0.00', '', '草莓  ', '14.00', '28.00', '', '/assets/images/product/2015/12/15/b18442b3596dbc76e72618ae7d7fff63.jpg', '0', 1, '0.00', '18.00', '28.00', '2015-12-24 12:53:03', '2015-12-24 12:53:03'),
(121, '151224748910022', 21, 2, 1, 12, 'finished', '0.00', '', '枇杷', '5.00', '23.00', '', '/assets/images/product/2015/12/15/93a51371729e5a19a8371b0451d3837d.jpg', '1', 3, '0.00', '8.00', '24.00', '2015-12-24 12:53:03', '2015-12-24 12:53:03'),
(122, '151224749150023', 11, 2, 1, 12, 'finished', '0.00', '', '草莓  ', '14.00', '28.00', '', '/assets/images/product/2015/12/15/b18442b3596dbc76e72618ae7d7fff63.jpg', '0', 1, '0.00', '18.00', '28.00', '2015-12-24 12:53:08', '2015-12-24 12:53:08'),
(123, '151224749150023', 16, 2, 1, 12, 'finished', '0.00', '', '芒果  ', '3.00', '9.70', '', '/assets/images/product/2015/12/15/0b1dec3e67ab8bbcd6f558809148fa05.jpg', '1', 1, '0.00', '6.80', '6.80', '2015-12-24 12:53:08', '2015-12-24 12:53:08'),
(124, '151224760290060', 23, 6, 1, 12, 'finished', '0.00', '香菇炖鸡', '香菇炖鸡', '80.00', '40.00', '香菇炖鸡', '/assets/images/product/2015/12/24/dd947682da9d9605cde265891b4c60bc.png', '1', 1, '0.00', '60.00', '60.00', '2015-12-24 13:21:24', '2015-12-24 13:21:24'),
(125, '151224784700069', 10, 2, 1, 12, 'finished', '0.00', '', '梅子', '18.00', '28.00', '', '/assets/images/product/2015/12/15/a3e48dbc9fb5c84cff0432d89060174b.jpg', '0', 1, '0.00', '24.00', '26.60', '2015-12-24 13:49:01', '2015-12-24 13:49:01'),
(126, '151226530960004', 24, 0, 1, 12, 'finished', '5.00', '千克', '鸡腿', '5.00', '10.00', '鸡肉肉质细嫩，滋味鲜美，由于其味较淡，因此可使用于各种料理中。蛋白质的含量颇多，在肉之中，可以说是蛋白质最高的肉类之一，是属于高蛋白低脂肪的食品。钾硫酸氨基酸的含量颇多，因此可弥补牛及猪肉的不足。同时也由于鸡肉比其他肉类的维生素A含量多，而在量方面虽比蔬菜', '', '1', 1, '0.00', '8.00', '8.00', '2015-12-26 06:45:10', '2015-12-26 06:45:10'),
(127, '151227523150014', 11, 2, 1, 12, 'finished', '0.00', '', '草莓  ', '14.00', '28.00', '', '/assets/images/product/2015/12/15/b18442b3596dbc76e72618ae7d7fff63.jpg', '0', 1, '0.00', '18.00', '26.60', '2015-12-27 06:34:48', '2015-12-27 06:34:48'),
(128, '151227522890013', 11, 2, 1, 12, 'finished', '0.00', '', '草莓  ', '14.00', '28.00', '', '/assets/images/product/2015/12/15/b18442b3596dbc76e72618ae7d7fff63.jpg', '0', 1, '0.00', '18.00', '26.60', '2015-12-27 06:35:09', '2015-12-27 06:35:09'),
(129, '151227520880012', 11, 2, 1, 12, 'finished', '0.00', '', '草莓  ', '14.00', '28.00', '', '/assets/images/product/2015/12/15/b18442b3596dbc76e72618ae7d7fff63.jpg', '0', 1, '0.00', '18.00', '26.60', '2015-12-27 06:35:13', '2015-12-27 06:35:13'),
(130, '151227518950011', 11, 2, 1, 12, 'finished', '0.00', '', '草莓  ', '14.00', '28.00', '', '/assets/images/product/2015/12/15/b18442b3596dbc76e72618ae7d7fff63.jpg', '0', 1, '0.00', '18.00', '28.00', '2015-12-27 06:35:16', '2015-12-27 06:35:16'),
(131, '151227518810010', 11, 2, 1, 12, 'finished', '0.00', '', '草莓  ', '14.00', '28.00', '', '/assets/images/product/2015/12/15/b18442b3596dbc76e72618ae7d7fff63.jpg', '0', 1, '0.00', '18.00', '28.00', '2015-12-27 06:35:19', '2015-12-27 06:35:19'),
(132, '151227518640009', 11, 2, 1, 12, 'finished', '0.00', '', '草莓  ', '14.00', '28.00', '', '/assets/images/product/2015/12/15/b18442b3596dbc76e72618ae7d7fff63.jpg', '0', 1, '0.00', '18.00', '28.00', '2015-12-27 06:35:23', '2015-12-27 06:35:23'),
(133, '151227517100008', 15, 2, 1, 12, 'finished', '0.00', '', '荔枝  ', '3.90', '9.90', '', '/assets/images/product/2015/12/15/31bccdfe4af6d701e4ba2aa4b806ba53.jpg', '1', 1, '0.00', '6.90', '6.90', '2015-12-27 06:35:26', '2015-12-27 06:35:26'),
(134, '151227516890007', 15, 2, 1, 12, 'finished', '0.00', '', '荔枝  ', '3.90', '9.90', '', '/assets/images/product/2015/12/15/31bccdfe4af6d701e4ba2aa4b806ba53.jpg', '1', 1, '0.00', '6.90', '6.90', '2015-12-27 06:35:29', '2015-12-27 06:35:29'),
(135, '151229582190005', 1, 21, 1, 12, 'finished', '5.00', '5', '红苹果5', '5.00', '25.00', '5', '/assets/images/product/2015/12/15/ab81a643147236c6d559e35b47bb434f.jpg', '0', 1, '0.00', '15.00', '25.00', '2015-12-29 08:10:32', '2015-12-29 08:10:32'),
(136, '151229583210008', 1, 21, 1, 12, 'finished', '5.00', '5', '红苹果5', '5.00', '25.00', '5', '/assets/images/product/2015/12/15/ab81a643147236c6d559e35b47bb434f.jpg', '0', 1, '0.00', '15.00', '12.50', '2015-12-29 08:12:36', '2015-12-29 08:12:36'),
(137, '160105543180001', 2, 8, 1, 12, 'finished', '0.00', '', '青苹果', '0.00', '28.00', '青苹果', '/assets/images/product/2015/12/15/4accf42e036f597ddb9f74ca1c527cb2.jpg', '1', 1, '0.00', '20.00', '20.00', '2016-01-05 08:28:22', '2016-01-05 08:28:22'),
(138, '160105543180001', 5, 8, 1, 12, 'finished', '0.00', '', '杨桃  ', '21.00', '30.00', '', '/assets/images/product/2015/12/15/4ffb750e18505b614922bc07440ceb5e.jpg', '0', 1, '0.00', '21.00', '30.00', '2016-01-05 08:28:22', '2016-01-05 08:28:22'),
(139, '160111771410001', 19, 25, 1, 1, 'finished', '0.00', '', '榴莲 ', '8.00', '19.00', '', '/assets/images/product/2015/12/15/a1fa6ad04fc0224ce11b2a6914d9aaaa.jpg', '0', 1, '0.00', '13.00', '19.00', '2016-01-11 13:28:28', '2016-01-11 13:28:28'),
(140, '160111774050005', 19, 25, 1, 1, 'finished', '0.00', '', '榴莲 ', '8.00', '19.00', '', '/assets/images/product/2015/12/15/a1fa6ad04fc0224ce11b2a6914d9aaaa.jpg', '0', 1, '0.00', '13.00', '19.00', '2016-01-11 13:30:17', '2016-01-11 13:30:17'),
(141, '160111774810006', 19, 25, 1, 1, 'finished', '0.00', '', '榴莲 ', '8.00', '19.00', '', '/assets/images/product/2015/12/15/a1fa6ad04fc0224ce11b2a6914d9aaaa.jpg', '0', 1, '0.00', '13.00', '19.00', '2016-01-11 13:31:32', '2016-01-11 13:31:32'),
(142, '160111775290007', 20, 25, 1, 1, 'finished', '0.00', '', '山竹 ', '8.20', '10.90', '', '/assets/images/product/2015/12/15/1c412f3536ad828f43b7f31f9b078dfd.jpg', '0', 1, '0.00', '8.50', '10.90', '2016-01-11 13:32:19', '2016-01-11 13:32:19'),
(143, '160111784070008', 19, 25, 1, 12, 'finished', '0.00', '', '榴莲 ', '8.00', '19.00', '', '/assets/images/product/2015/12/15/a1fa6ad04fc0224ce11b2a6914d9aaaa.jpg', '0', 1, '0.00', '13.00', '19.00', '2016-01-11 13:47:24', '2016-01-11 13:47:24'),
(144, '160111784280009', 20, 25, 1, 12, 'finished', '0.00', '', '山竹 ', '8.20', '10.90', '', '/assets/images/product/2015/12/15/1c412f3536ad828f43b7f31f9b078dfd.jpg', '0', 1, '0.00', '8.50', '10.90', '2016-01-11 13:47:34', '2016-01-11 13:47:34'),
(145, '160113612440001', 19, 25, 1, 12, 'finished', '0.00', '', '榴莲 ', '8.00', '19.00', '', '/assets/images/product/2015/12/15/a1fa6ad04fc0224ce11b2a6914d9aaaa.jpg', '0', 1, '0.00', '13.00', '19.00', '2016-01-13 09:00:57', '2016-01-13 09:00:57'),
(146, '160113612670002', 20, 25, 1, 12, 'finished', '0.00', '', '山竹 ', '8.20', '10.90', '', '/assets/images/product/2015/12/15/1c412f3536ad828f43b7f31f9b078dfd.jpg', '0', 2, '0.00', '8.50', '21.80', '2016-01-13 09:01:12', '2016-01-13 09:01:12'),
(147, '160113624130003', 14, 8, 1, 12, 'finished', '0.00', '', '柿子', '4.50', '8.80', '', '/assets/images/product/2015/12/15/8d42070092dad970f0cfdb17a06b6b22.jpg', '0', 2, '0.00', '6.60', '17.60', '2016-01-13 09:20:48', '2016-01-13 09:20:48'),
(148, '160117784920004', 5, 8, 1, 12, 'finished', '0.00', '', '杨桃  ', '21.00', '30.00', '', '/assets/images/product/2015/12/15/4ffb750e18505b614922bc07440ceb5e.jpg', '0', 1, '0.00', '21.00', '30.00', '2016-01-17 13:53:44', '2016-01-17 13:53:44'),
(149, '160117788750005', 5, 8, 1, 12, 'finished', '0.00', '', '杨桃  ', '21.00', '30.00', '', '/assets/images/product/2015/12/15/4ffb750e18505b614922bc07440ceb5e.jpg', '0', 1, '0.00', '21.00', '30.00', '2016-01-17 13:54:51', '2016-01-17 13:54:51'),
(150, '160117789260006', 5, 8, 1, 12, 'finished', '0.00', '', '杨桃  ', '21.00', '30.00', '', '/assets/images/product/2015/12/15/4ffb750e18505b614922bc07440ceb5e.jpg', '0', 1, '0.00', '21.00', '30.00', '2016-01-17 13:55:36', '2016-01-17 13:55:36'),
(151, '160117789700007', 24, 31, 1, 12, 'finished', '5.00', '千克', '鸡腿', '5.00', '10.00', '鸡肉肉质细嫩，滋味鲜美，由于其味较淡，因此可使用于各种料理中。蛋白质的含量颇多，在肉之中，可以说是蛋白质最高的肉类之一，是属于高蛋白低脂肪的食品。钾硫酸氨基酸的含量颇多，因此可弥补牛及猪肉的不足。同时也由于鸡肉比其他肉类的维生素A含量多，而在量方面虽比蔬菜', '', '0', 1, '0.00', '8.00', '10.00', '2016-01-17 13:56:22', '2016-01-17 13:56:22'),
(152, '160117804640008', 5, 8, 1, 12, 'finished', '0.00', '', '杨桃  ', '21.00', '30.00', '', '/assets/images/product/2015/12/15/4ffb750e18505b614922bc07440ceb5e.jpg', '0', 2, '0.00', '21.00', '60.00', '2016-01-17 14:22:26', '2016-01-17 14:22:26'),
(153, '160120518810001', 10, 8, 1, 12, 'finished', '0.00', '', '梅子', '18.00', '28.00', '', '/assets/images/product/2015/12/15/a3e48dbc9fb5c84cff0432d89060174b.jpg', '0', 2, '0.00', '24.00', '56.00', '2016-01-20 06:26:19', '2016-01-20 06:26:19'),
(154, '160120519060002', 24, 31, 1, 12, 'finished', '5.00', '千克', '鸡腿', '5.00', '10.00', '鸡肉肉质细嫩，滋味鲜美，由于其味较淡，因此可使用于各种料理中。蛋白质的含量颇多，在肉之中，可以说是蛋白质最高的肉类之一，是属于高蛋白低脂肪的食品。钾硫酸氨基酸的含量颇多，因此可弥补牛及猪肉的不足。同时也由于鸡肉比其他肉类的维生素A含量多，而在量方面虽比蔬菜', '', '0', 1, '0.00', '8.00', '10.00', '2016-01-20 06:26:24', '2016-01-20 06:26:24'),
(155, '160120519110003', 24, 31, 1, 12, 'finished', '5.00', '千克', '鸡腿', '5.00', '10.00', '鸡肉肉质细嫩，滋味鲜美，由于其味较淡，因此可使用于各种料理中。蛋白质的含量颇多，在肉之中，可以说是蛋白质最高的肉类之一，是属于高蛋白低脂肪的食品。钾硫酸氨基酸的含量颇多，因此可弥补牛及猪肉的不足。同时也由于鸡肉比其他肉类的维生素A含量多，而在量方面虽比蔬菜', '', '0', 1, '0.00', '8.00', '10.00', '2016-01-20 06:26:27', '2016-01-20 06:26:27'),
(156, '160120519410004', 10, 8, 1, 12, 'finished', '0.00', '', '梅子', '18.00', '28.00', '', '/assets/images/product/2015/12/15/a3e48dbc9fb5c84cff0432d89060174b.jpg', '0', 2, '0.00', '24.00', '56.00', '2016-01-20 06:26:42', '2016-01-20 06:26:42'),
(157, '160120523460005', 10, 8, 1, 12, 'finished', '0.00', '', '梅子', '18.00', '28.00', '', '/assets/images/product/2015/12/15/a3e48dbc9fb5c84cff0432d89060174b.jpg', '0', 1, '0.00', '24.00', '28.00', '2016-01-20 06:32:40', '2016-01-20 06:32:40'),
(158, '160120559830006', 5, 8, 1, 12, 'finished', '0.00', '', '杨桃  ', '21.00', '30.00', '', '/assets/images/product/2015/12/15/4ffb750e18505b614922bc07440ceb5e.jpg', '0', 1, '0.00', '21.00', '27.00', '2016-01-20 07:35:17', '2016-01-20 07:35:17'),
(159, '160120561040008', 5, 8, 1, 12, 'finished', '0.00', '', '杨桃  ', '21.00', '30.00', '', '/assets/images/product/2015/12/15/4ffb750e18505b614922bc07440ceb5e.jpg', '0', 1, '0.00', '21.00', '30.00', '2016-01-20 07:35:33', '2016-01-20 07:35:33'),
(160, '160120560850007', 24, 31, 1, 12, 'finished', '5.00', '千克', '鸡腿', '5.00', '10.00', '鸡肉肉质细嫩，滋味鲜美，由于其味较淡，因此可使用于各种料理中。蛋白质的含量颇多，在肉之中，可以说是蛋白质最高的肉类之一，是属于高蛋白低脂肪的食品。钾硫酸氨基酸的含量颇多，因此可弥补牛及猪肉的不足。同时也由于鸡肉比其他肉类的维生素A含量多，而在量方面虽比蔬菜', '', '0', 1, '0.00', '8.00', '10.00', '2016-01-20 07:35:44', '2016-01-20 07:35:44'),
(161, '160120562030010', 24, 31, 1, 12, 'finished', '5.00', '千克', '鸡腿', '5.00', '10.00', '鸡肉肉质细嫩，滋味鲜美，由于其味较淡，因此可使用于各种料理中。蛋白质的含量颇多，在肉之中，可以说是蛋白质最高的肉类之一，是属于高蛋白低脂肪的食品。钾硫酸氨基酸的含量颇多，因此可弥补牛及猪肉的不足。同时也由于鸡肉比其他肉类的维生素A含量多，而在量方面虽比蔬菜', '', '0', 1, '0.00', '8.00', '10.00', '2016-01-20 07:37:04', '2016-01-20 07:37:04'),
(162, '160120562070011', 24, 31, 1, 12, 'finished', '5.00', '千克', '鸡腿', '5.00', '10.00', '鸡肉肉质细嫩，滋味鲜美，由于其味较淡，因此可使用于各种料理中。蛋白质的含量颇多，在肉之中，可以说是蛋白质最高的肉类之一，是属于高蛋白低脂肪的食品。钾硫酸氨基酸的含量颇多，因此可弥补牛及猪肉的不足。同时也由于鸡肉比其他肉类的维生素A含量多，而在量方面虽比蔬菜', '', '0', 1, '0.00', '8.00', '10.00', '2016-01-20 07:37:11', '2016-01-20 07:37:11'),
(163, '160120561850009', 5, 8, 1, 12, 'finished', '0.00', '', '杨桃  ', '21.00', '30.00', '', '/assets/images/product/2015/12/15/4ffb750e18505b614922bc07440ceb5e.jpg', '0', 1, '0.00', '21.00', '30.00', '2016-01-20 07:37:22', '2016-01-20 07:37:22'),
(164, '160120562720013', 5, 8, 1, 12, 'finished', '0.00', '', '杨桃  ', '21.00', '30.00', '', '/assets/images/product/2015/12/15/4ffb750e18505b614922bc07440ceb5e.jpg', '0', 1, '0.00', '21.00', '30.00', '2016-01-20 07:38:24', '2016-01-20 07:38:24'),
(165, '160120562650012', 24, 31, 1, 12, 'finished', '5.00', '千克', '鸡腿', '5.00', '10.00', '鸡肉肉质细嫩，滋味鲜美，由于其味较淡，因此可使用于各种料理中。蛋白质的含量颇多，在肉之中，可以说是蛋白质最高的肉类之一，是属于高蛋白低脂肪的食品。钾硫酸氨基酸的含量颇多，因此可弥补牛及猪肉的不足。同时也由于鸡肉比其他肉类的维生素A含量多，而在量方面虽比蔬菜', '', '0', 1, '0.00', '8.00', '10.00', '2016-01-20 07:39:05', '2016-01-20 07:39:05'),
(166, '160120563780014', 5, 8, 1, 12, 'finished', '0.00', '', '杨桃  ', '21.00', '30.00', '', '/assets/images/product/2015/12/15/4ffb750e18505b614922bc07440ceb5e.jpg', '0', 1, '0.00', '21.00', '30.00', '2016-01-20 07:39:49', '2016-01-20 07:39:49'),
(167, '160127424320001', 5, 8, 1, 12, 'finished', '0.00', '', '杨桃  ', '21.00', '30.00', '', '/assets/images/product/2015/12/15/4ffb750e18505b614922bc07440ceb5e.jpg', '0', 1, '0.00', '21.00', '27.00', '2016-01-27 03:58:50', '2016-01-27 03:58:50'),
(168, '160130817620016', 1, 8, 1, 4, 'finished', '5.00', '5', '红苹果5', '5.00', '25.00', '5', '/assets/images/product/2015/12/15/ab81a643147236c6d559e35b47bb434f.jpg', '0', 1, '0.00', '15.00', '16.25', '2016-01-30 14:45:29', '2016-01-30 14:45:29'),
(169, '160130816220014', 1, 8, 1, 4, 'finished', '5.00', '5', '红苹果5', '5.00', '25.00', '5', '/assets/images/product/2015/12/15/ab81a643147236c6d559e35b47bb434f.jpg', '0', 1, '0.00', '15.00', '16.25', '2016-01-30 14:47:22', '2016-01-30 14:47:22'),
(170, '160130817540015', 1, 8, 1, 4, 'finished', '5.00', '5', '红苹果5', '5.00', '25.00', '5', '/assets/images/product/2015/12/15/ab81a643147236c6d559e35b47bb434f.jpg', '0', 1, '0.00', '15.00', '16.25', '2016-01-30 14:48:17', '2016-01-30 14:48:17'),
(171, '160130813690013', 1, 8, 1, 4, 'finished', '5.00', '5', '红苹果5', '5.00', '25.00', '5', '/assets/images/product/2015/12/15/ab81a643147236c6d559e35b47bb434f.jpg', '0', 1, '0.00', '15.00', '16.25', '2016-01-30 14:48:36', '2016-01-30 14:48:36'),
(172, '160130809690012', 1, 8, 1, 4, 'finished', '5.00', '5', '红苹果5', '5.00', '25.00', '5', '/assets/images/product/2015/12/15/ab81a643147236c6d559e35b47bb434f.jpg', '0', 1, '0.00', '15.00', '16.25', '2016-01-30 14:49:06', '2016-01-30 14:49:06');

-- --------------------------------------------------------

--
-- Table structure for table `sales_store`
--

CREATE TABLE IF NOT EXISTS `sales_store` (
  `store_id` int(10) unsigned NOT NULL AUTO_INCREMENT,
  `name` varchar(256) COLLATE utf8_unicode_ci NOT NULL,
  `image` varchar(64) COLLATE utf8_unicode_ci DEFAULT NULL,
  `official_account` varchar(128) COLLATE utf8_unicode_ci NOT NULL DEFAULT '' COMMENT '官方帐号/公众号',
  `description` text COLLATE utf8_unicode_ci,
  `short_description` varchar(32) COLLATE utf8_unicode_ci DEFAULT NULL,
  `address_detail` varchar(256) COLLATE utf8_unicode_ci DEFAULT NULL,
  `region_id` int(10) unsigned DEFAULT NULL,
  `location_id` int(10) unsigned DEFAULT NULL,
  `longitude` decimal(12,8) DEFAULT NULL COMMENT '经度',
  `latitude` decimal(12,8) DEFAULT NULL COMMENT '纬度',
  `happy_hours` varchar(128) COLLATE utf8_unicode_ci DEFAULT NULL,
  `phone` varchar(24) COLLATE utf8_unicode_ci DEFAULT NULL,
  `grade` decimal(2,1) DEFAULT '5.0',
  `recommend_count` int(10) unsigned NOT NULL DEFAULT '0' COMMENT '商家被推荐的总次数',
  `consume_count` int(11) NOT NULL DEFAULT '0' COMMENT '消费者消费折扣券的次数',
  `consume_rate` int(10) unsigned NOT NULL DEFAULT '0' COMMENT '消费次数占总次数的百分比',
  `status` enum('0','1') COLLATE utf8_unicode_ci NOT NULL DEFAULT '1',
  `state` enum('0','1') COLLATE utf8_unicode_ci NOT NULL DEFAULT '1',
  `is_recommend` enum('0','1') COLLATE utf8_unicode_ci NOT NULL DEFAULT '1' COMMENT '是否允许被推荐',
  `discount` int(10) unsigned NOT NULL DEFAULT '100' COMMENT '折扣',
  `amount_per_score` int(10) unsigned NOT NULL DEFAULT '1' COMMENT '每消费多少金额得一个积分',
  `integral_enable` enum('1','0') COLLATE utf8_unicode_ci NOT NULL DEFAULT '1' COMMENT '是否启用积分制度',
  `is_ignore_decimal` enum('0','1') COLLATE utf8_unicode_ci NOT NULL DEFAULT '1' COMMENT '是否忽略小数',
  `score_to_amount` varchar(64) COLLATE utf8_unicode_ci NOT NULL DEFAULT '{"score": 100, "amount": 1.0}' COMMENT '多少积分兑换多少金额',
  `is_all_score` enum('0','1') COLLATE utf8_unicode_ci NOT NULL DEFAULT '1' COMMENT '是否无码商铺参与积分',
  `rebate_store` decimal(4,2) NOT NULL DEFAULT '0.00' COMMENT '对其他商铺的返点',
  `rebate_staff` decimal(4,2) NOT NULL DEFAULT '0.00' COMMENT '对其他商铺员工的返点',
  `rebate_rest_amount` decimal(12,2) NOT NULL DEFAULT '0.00' COMMENT '商家押金余额',
  `rebate_total_amount` decimal(12,2) NOT NULL DEFAULT '0.00' COMMENT '商家押金充值总金额',
  `rebate_refund_amount` decimal(12,2) NOT NULL DEFAULT '0.00' COMMENT '商家返点总金额',
  `total_sales_amount` decimal(12,2) NOT NULL DEFAULT '0.00' COMMENT '商铺的总销售额',
  `total_rest_amount` decimal(12,2) NOT NULL DEFAULT '0.00' COMMENT '商铺的余额',
  `validity_from` date DEFAULT NULL COMMENT '导购有效期的起始时间',
  `validity_to` date DEFAULT NULL COMMENT '导购有效期的截止时间时间',
  `reservation_reminder` text COLLATE utf8_unicode_ci COMMENT '预约提示',
  `usage_rule` text COLLATE utf8_unicode_ci COMMENT '使用规则',
  `kindly_reminder` text COLLATE utf8_unicode_ci,
  `image_content_url` varchar(256) COLLATE utf8_unicode_ci DEFAULT NULL COMMENT '存放图文详情的url地址',
  PRIMARY KEY (`store_id`)
) ENGINE=InnoDB  DEFAULT CHARSET=utf8 COLLATE=utf8_unicode_ci COMMENT='商铺表' AUTO_INCREMENT=30 ;

--
-- Dumping data for table `sales_store`
--

INSERT INTO `sales_store` (`store_id`, `name`, `image`, `official_account`, `description`, `short_description`, `address_detail`, `region_id`, `location_id`, `longitude`, `latitude`, `happy_hours`, `phone`, `grade`, `recommend_count`, `consume_count`, `consume_rate`, `status`, `state`, `is_recommend`, `discount`, `amount_per_score`, `integral_enable`, `is_ignore_decimal`, `score_to_amount`, `is_all_score`, `rebate_store`, `rebate_staff`, `rebate_rest_amount`, `rebate_total_amount`, `rebate_refund_amount`, `total_sales_amount`, `total_rest_amount`, `validity_from`, `validity_to`, `reservation_reminder`, `usage_rule`, `kindly_reminder`, `image_content_url`) VALUES
(1, '重庆小龙坎老火锅', 'assets/media/catalog/store/store.jpg', '111', '味道正宗，百年传承，2015成都美食节官方片指定拍摄地，性价比高的火锅体验，欢迎购买品尝。', '味道正宗', '成都市双流县鸿阁一号-西门21', 1, 29, '104.07830800', '30.51715100', '08:00 - 00:00', '18780207303', '4.5', 24, 21, 100, '1', '1', '1', 90, 1, '1', '1', '{"score":100,"amount":0.01}', '0', '2.00', '3.00', '2001.52', '3000.00', '16.23', '10016570.00', '10000000.00', '2015-11-01', '2016-03-31', '无需预约，如遇消费高峰时段您可能需要排队', '可累积使用，不兑现，不找零\r\n不适用范围：锅底油碟\r\n自带酒水饮料事宜请您详询商家\r\n不再与其他优惠同享', '如需团购券发票，请您在消费时向商户咨询', NULL),
(2, '许家菜', 'assets/media/catalog/store/1.jpg', '', '味道正宗，百年传承，2015成都美食节官方片指定拍摄地，性价比高的火锅体验，欢迎购买品尝。', '味道正宗', '三官堂街33号二环路十字路口处(锦华万达)', NULL, NULL, '104.09639173', '30.63695183', '11:00 - 22:00', '028-69883011', '4.3', 3, 0, 0, '1', '0', '1', 85, 1, '1', '1', '{"score": 100, "amount": 1.0}', '1', '2.00', '4.00', '0.00', '0.00', '6.16', '0.00', '0.00', '2015-12-01', '2016-01-30', '无需预约，如遇消费高峰时段您可能需要排队', '可累积使用，不兑现，不找零\r\n不适用范围：锅底油碟\r\n自带酒水饮料事宜请您详询商家\r\n不再与其他优惠同享', '如需团购券发票，请您在消费时向商户咨询', NULL),
(3, '情妹妹干锅锅', 'assets/media/catalog/store/2.jpg', '', '味道正宗，百年传承，2015成都美食节官方片指定拍摄地，性价比高的火锅体验，欢迎购买品尝。', '味道正宗', '三官堂街33号二环路十字路口处(锦华万达)', NULL, NULL, '104.06639173', '30.63695183', '11:00 - 22:00', '028-69883011', '4.3', 3, 0, 0, '1', '1', '1', 87, 1, '1', '1', '{"score": 100, "amount": 1.0}', '1', '1.00', '5.00', '0.00', '0.00', '0.00', '0.00', '0.00', '2015-12-01', '2016-01-30', '无需预约，如遇消费高峰时段您可能需要排队', '可累积使用，不兑现，不找零\r\n不适用范围：锅底油碟\r\n自带酒水饮料事宜请您详询商家\r\n不再与其他优惠同享', '如需团购券发票，请您在消费时向商户咨询', NULL),
(4, '宇豪罗曼大酒店龙腾阁家宴馆', 'assets/media/catalog/store/3.jpg', '', '味道正宗，百年传承，2015成都美食节官方片指定拍摄地，性价比高的火锅体验，欢迎购买品尝。', '味道正宗', '三官堂街33号二环路十字路口处(锦华万达)', NULL, NULL, '104.08639173', '30.69695183', '11:00 - 22:00', '028-69883011', '4.0', 0, 0, 0, '1', '1', '1', 80, 1, '1', '1', '{"score": 100, "amount": 1.0}', '1', '2.00', '4.00', '0.00', '0.00', '0.00', '0.00', '0.00', '2015-12-01', '2016-01-30', '无需预约，如遇消费高峰时段您可能需要排队', '可累积使用，不兑现，不找零\r\n不适用范围：锅底油碟\r\n自带酒水饮料事宜请您详询商家\r\n不再与其他优惠同享', '如需团购券发票，请您在消费时向商户咨询', NULL),
(5, '万达国际影城(金牛万达店)', 'assets/media/catalog/store/4.jpg', '', '味道正宗，百年传承，2015成都美食节官方片指定拍摄地，性价比高的火锅体验，欢迎购买品尝。', '味道正宗', '三官堂街33号二环路十字路口处(锦华万达)', NULL, NULL, '104.07639173', '30.69695183', '11:00 - 22:00', '028-69883011', '4.3', 1, 0, 0, '1', '1', '1', 82, 1, '1', '1', '{"score": 100, "amount": 1.0}', '1', '1.00', '3.50', '0.00', '0.00', '0.00', '0.00', '0.00', '2015-12-01', '2016-01-30', '无需预约，如遇消费高峰时段您可能需要排队', '可累积使用，不兑现，不找零\r\n不适用范围：锅底油碟\r\n自带酒水饮料事宜请您详询商家\r\n不再与其他优惠同享', '如需团购券发票，请您在消费时向商户咨询', NULL),
(6, '万达国际影城(金牛万达店)', 'assets/media/catalog/store/5.jpg', '', '味道正宗，百年传承，2015成都美食节官方片指定拍摄地，性价比高的火锅体验，欢迎购买品尝。', '味道正宗', '三官堂街33号二环路十字路口处(锦华万达)', NULL, NULL, '104.06639173', '30.69695183', '11:00 - 22:00', '028-69883011', '4.7', 4, 0, 0, '1', '1', '1', 88, 1, '1', '1', '{"score": 100, "amount": 1.0}', '1', '2.00', '4.00', '0.00', '0.00', '0.00', '0.00', '0.00', '2015-12-01', '2016-01-30', '无需预约，如遇消费高峰时段您可能需要排队', '可累积使用，不兑现，不找零\r\n不适用范围：锅底油碟\r\n自带酒水饮料事宜请您详询商家\r\n不再与其他优惠同享', '如需团购券发票，请您在消费时向商户咨询', NULL),
(7, 'UA影城)', 'assets/media/catalog/store/6.jpg', '', '味道正宗，百年传承，2015成都美食节官方片指定拍摄地，性价比高的火锅体验，欢迎购买品尝。', '味道正宗', '三官堂街33号二环路十字路口处(锦华万达)', NULL, NULL, '104.07939173', '30.69195183', '11:00 - 22:00', '028-69883011', '4.1', 2, 0, 0, '1', '1', '1', 78, 1, '1', '1', '{"score": 100, "amount": 1.0}', '1', '2.00', '7.00', '0.00', '0.00', '0.00', '0.00', '0.00', '2015-12-01', '2016-01-30', '无需预约，如遇消费高峰时段您可能需要排队', '可累积使用，不兑现，不找零\r\n不适用范围：锅底油碟\r\n自带酒水饮料事宜请您详询商家\r\n不再与其他优惠同享', '如需团购券发票，请您在消费时向商户咨询', NULL),
(8, '销魂掌(锦华万达店) ', 'assets/media/catalog/store/7.jpg', '', '味道正宗，百年传承，2015成都美食节官方片指定拍摄地，性价比高的火锅体验，欢迎购买品尝。', '味道正宗', '三官堂街33号二环路十字路口处(锦华万达)', NULL, NULL, '104.09639173', '30.63695183', '11:00 - 22:00', '028-69883011', '4.3', 1, 0, 0, '1', '1', '1', 50, 1, '1', '1', '{"score": 100, "amount": 1.0}', '1', '2.00', '4.00', '0.00', '0.00', '0.00', '0.00', '0.00', '2015-12-01', '2016-01-30', '无需预约，如遇消费高峰时段您可能需要排队', '可累积使用，不兑现，不找零\r\n不适用范围：锅底油碟\r\n自带酒水饮料事宜请您详询商家\r\n不再与其他优惠同享', '如需团购券发票，请您在消费时向商户咨询', NULL),
(9, '如家酒店', 'assets/media/catalog/store/8.jpg', '', '味道正宗，百年传承，2015成都美食节官方片指定拍摄地，性价比高的火锅体验，欢迎购买品尝。', '味道正宗', '三官堂街33号二环路十字路口处(锦华万达)', NULL, NULL, '104.17939173', '30.69195183', '11:00 - 22:00', '028-69883011', '3.9', 3, 0, 0, '1', '1', '1', 60, 1, '1', '1', '{"score": 100, "amount": 1.0}', '1', '2.00', '3.00', '0.00', '0.00', '0.00', '0.00', '0.00', '2015-12-01', '2016-01-30', '无需预约，如遇消费高峰时段您可能需要排队', '可累积使用，不兑现，不找零\r\n不适用范围：锅底油碟\r\n自带酒水饮料事宜请您详询商家\r\n不再与其他优惠同享', '如需团购券发票，请您在消费时向商户咨询', NULL),
(10, '汉庭酒店', 'assets/media/catalog/store/9.jpg', '', '味道正宗，百年传承，2015成都美食节官方片指定拍摄地，性价比高的火锅体验，欢迎购买品尝。', '味道正宗', '三官堂街33号二环路十字路口处(锦华万达)', NULL, NULL, '104.12939173', '30.69195183', '11:00 - 22:00', '028-69883011', '3.9', 0, 0, 0, '1', '1', '1', 65, 1, '1', '1', '{"score": 100, "amount": 1.0}', '1', '2.00', '4.50', '0.00', '0.00', '88.64', '0.00', '0.00', '2015-12-01', '2016-01-30', '无需预约，如遇消费高峰时段您可能需要排队', '可累积使用，不兑现，不找零\r\n不适用范围：锅底油碟\r\n自带酒水饮料事宜请您详询商家\r\n不再与其他优惠同享', '如需团购券发票，请您在消费时向商户咨询', NULL),
(11, '9点国际酒店', 'assets/media/catalog/store/10.jpg', '', '味道正宗，百年传承，2015成都美食节官方片指定拍摄地，性价比高的火锅体验，欢迎购买品尝。', '味道正宗', '三官堂街33号二环路十字路口处(锦华万达)', NULL, NULL, '104.17939173', '30.69195183', '11:00 - 22:00', '028-69883011', '3.2', 1, 0, 0, '1', '1', '1', 68, 1, '1', '1', '{"score": 100, "amount": 1.0}', '1', '2.00', '1.20', '0.00', '0.00', '0.00', '0.00', '0.00', '2015-12-01', '2016-01-30', '无需预约，如遇消费高峰时段您可能需要排队', '可累积使用，不兑现，不找零\r\n不适用范围：锅底油碟\r\n自带酒水饮料事宜请您详询商家\r\n不再与其他优惠同享', '如需团购券发票，请您在消费时向商户咨询', NULL),
(12, '维也纳酒店', 'assets/media/catalog/store/11.jpg', '', '味道正宗，百年传承，2015成都美食节官方片指定拍摄地，性价比高的火锅体验，欢迎购买品尝。', '味道正宗', '三官堂街33号二环路十字路口处(锦华万达)', NULL, NULL, '104.10939173', '30.39195183', '11:00 - 22:00', '028-69883011', '3.9', 2, 0, 0, '1', '1', '1', 92, 1, '1', '1', '{"score": 100, "amount": 1.0}', '1', '2.00', '3.20', '0.00', '0.00', '0.00', '0.00', '0.00', '2015-12-01', '2016-01-30', '无需预约，如遇消费高峰时段您可能需要排队', '可累积使用，不兑现，不找零\r\n不适用范围：锅底油碟\r\n自带酒水饮料事宜请您详询商家\r\n不再与其他优惠同享', '如需团购券发票，请您在消费时向商户咨询', NULL),
(13, 'swime老成都全息按摩理疗中心', 'assets/media/catalog/store/12.jpg', '', '味道正宗，百年传承，2015成都美食节官方片指定拍摄地，性价比高的火锅体验，欢迎购买品尝。', '味道正宗', '三官堂街33号二环路十字路口处(锦华万达)', NULL, NULL, '104.04939173', '30.39195183', '11:00 - 22:00', '028-69883011', '4.5', 0, 0, 0, '1', '1', '1', 85, 1, '1', '1', '{"score": 100, "amount": 1.0}', '1', '2.00', '1.20', '0.00', '0.00', '0.00', '0.00', '0.00', '2015-12-01', '2016-01-30', '无需预约，如遇消费高峰时段您可能需要排队', '可累积使用，不兑现，不找零\r\n不适用范围：锅底油碟\r\n自带酒水饮料事宜请您详询商家\r\n不再与其他优惠同享', '如需团购券发票，请您在消费时向商户咨询', NULL),
(14, '帕玛脊椎养生机构(保利店)', 'assets/media/catalog/store/13.jpg', '', '味道正宗，百年传承，2015成都美食节官方片指定拍摄地，性价比高的火锅体验，欢迎购买品尝。', '味道正宗', '三官堂街33号二环路十字路口处(锦华万达)', NULL, NULL, '104.02939173', '30.39195183', '11:00 - 22:00', '028-69883011', '4.5', 1, 0, 0, '1', '1', '1', 86, 1, '1', '1', '{"score": 100, "amount": 1.0}', '1', '2.00', '4.20', '0.00', '0.00', '0.00', '0.00', '0.00', '2015-12-01', '2016-01-30', '无需预约，如遇消费高峰时段您可能需要排队', '可累积使用，不兑现，不找零\r\n不适用范围：锅底油碟\r\n自带酒水饮料事宜请您详询商家\r\n不再与其他优惠同享', '如需团购券发票，请您在消费时向商户咨询', NULL),
(15, '龙湖水疗会所', 'assets/media/catalog/store/14.jpg', '', '味道正宗，百年传承，2015成都美食节官方片指定拍摄地，性价比高的火锅体验，欢迎购买品尝。', '味道正宗', '三官堂街33号二环路十字路口处(锦华万达)', NULL, NULL, '104.03939173', '30.39195183', '11:00 - 22:00', '028-69883011', '4.3', 1, 0, 0, '1', '1', '1', 90, 1, '1', '1', '{"score": 100, "amount": 1.0}', '1', '2.00', '1.20', '0.00', '0.00', '0.00', '0.00', '0.00', '2015-12-01', '2016-01-30', '无需预约，如遇消费高峰时段您可能需要排队', '可累积使用，不兑现，不找零\r\n不适用范围：锅底油碟\r\n自带酒水饮料事宜请您详询商家\r\n不再与其他优惠同享', '如需团购券发票，请您在消费时向商户咨询', NULL),
(16, '韩国川和潮人(理想店)', 'assets/media/catalog/store/15.jpg', '', '味道正宗，百年传承，2015成都美食节官方片指定拍摄地，性价比高的火锅体验，欢迎购买品尝。', '味道正宗', '三官堂街33号二环路十字路口处(锦华万达)', NULL, NULL, '104.03939173', '30.32195183', '11:00 - 22:00', '028-69883011', '2.5', 0, 0, 0, '1', '1', '1', 98, 1, '1', '1', '{"score": 100, "amount": 1.0}', '1', '2.00', '1.20', '0.00', '0.00', '0.00', '0.00', '0.00', '2015-12-01', '2016-01-30', '无需预约，如遇消费高峰时段您可能需要排队', '可累积使用，不兑现，不找零\r\n不适用范围：锅底油碟\r\n自带酒水饮料事宜请您详询商家\r\n不再与其他优惠同享', '如需团购券发票，请您在消费时向商户咨询', NULL),
(17, '伟伟鸭脑壳', 'assets/media/catalog/store/16.jpg', '', '味道正宗，百年传承，2015成都美食节官方片指定拍摄地，性价比高的火锅体验，欢迎购买品尝。', '味道正宗', '三官堂街33号二环路十字路口处(锦华万达)', NULL, NULL, '104.09639173', '30.63695183', '11:00 - 22:00', '028-69883011', '4.3', 1, 0, 0, '1', '1', '1', 58, 1, '1', '1', '{"score": 100, "amount": 1.0}', '1', '2.00', '1.20', '0.00', '0.00', '0.00', '0.00', '0.00', '2015-12-01', '2016-01-30', '无需预约，如遇消费高峰时段您可能需要排队', '可累积使用，不兑现，不找零\r\n不适用范围：锅底油碟\r\n自带酒水饮料事宜请您详询商家\r\n不再与其他优惠同享', '如需团购券发票，请您在消费时向商户咨询', NULL),
(18, 'Muse Hair&Nails Bar', 'assets/media/catalog/store/17.jpg', '', '味道正宗，百年传承，2015成都美食节官方片指定拍摄地，性价比高的火锅体验，欢迎购买品尝。', '味道正宗', '三官堂街33号二环路十字路口处(锦华万达)', NULL, NULL, '104.04939173', '30.37195183', '11:00 - 22:00', '028-69883011', '2.5', 3, 0, 0, '1', '1', '1', 30, 1, '1', '1', '{"score": 100, "amount": 1.0}', '1', '2.00', '1.20', '0.00', '0.00', '0.00', '0.00', '0.00', '2015-12-01', '2016-01-30', '无需预约，如遇消费高峰时段您可能需要排队', '可累积使用，不兑现，不找零\r\n不适用范围：锅底油碟\r\n自带酒水饮料事宜请您详询商家\r\n不再与其他优惠同享', '如需团购券发票，请您在消费时向商户咨询', NULL),
(19, '尚成·蓝色港湾恒温游泳馆', 'assets/media/catalog/store/18.jpg', '', '味道正宗，百年传承，2015成都美食节官方片指定拍摄地，性价比高的火锅体验，欢迎购买品尝。', '味道正宗', '三官堂街33号二环路十字路口处(锦华万达)', NULL, NULL, '104.04639173', '30.63695183', '11:00 - 22:00', '028-69883011', '4.3', 1, 0, 0, '1', '1', '1', 38, 1, '1', '1', '{"score": 100, "amount": 1.0}', '1', '2.00', '5.20', '0.00', '0.00', '0.00', '0.00', '0.00', '2015-12-01', '2016-01-30', '无需预约，如遇消费高峰时段您可能需要排队', '可累积使用，不兑现，不找零\r\n不适用范围：锅底油碟\r\n自带酒水饮料事宜请您详询商家\r\n不再与其他优惠同享', '如需团购券发票，请您在消费时向商户咨询', NULL),
(20, '棕榈泉游泳馆', 'assets/media/catalog/store/19.jpg', '', '味道正宗，百年传承，2015成都美食节官方片指定拍摄地，性价比高的火锅体验，欢迎购买品尝。', '味道正宗', '三官堂街33号二环路十字路口处(锦华万达)', NULL, NULL, '104.02939173', '30.37195183', '11:00 - 22:00', '028-69883011', '3.5', 5, 0, 0, '1', '1', '1', 55, 1, '1', '1', '{"score": 100, "amount": 1.0}', '1', '2.00', '7.20', '0.00', '0.00', '0.00', '0.00', '0.00', '2015-12-01', '2016-01-30', '无需预约，如遇消费高峰时段您可能需要排队', '可累积使用，不兑现，不找零\r\n不适用范围：锅底油碟\r\n自带酒水饮料事宜请您详询商家\r\n不再与其他优惠同享', '如需团购券发票，请您在消费时向商户咨询', NULL),
(21, '清健身(银泰城店)', 'assets/media/catalog/store/20.jpg', '', '味道正宗，百年传承，2015成都美食节官方片指定拍摄地，性价比高的火锅体验，欢迎购买品尝。', '味道正宗', '三官堂街33号二环路十字路口处(锦华万达)', NULL, NULL, '104.03939173', '30.47195183', '11:00 - 22:00', '028-69883011', '3.8', 1, 0, 0, '1', '1', '1', 69, 1, '1', '1', '{"score": 100, "amount": 1.0}', '1', '0.00', '0.00', '0.00', '0.00', '0.00', '0.00', '0.00', '2015-12-01', '2016-01-30', '无需预约，如遇消费高峰时段您可能需要排队', '可累积使用，不兑现，不找零\r\n不适用范围：锅底油碟\r\n自带酒水饮料事宜请您详询商家\r\n不再与其他优惠同享', '如需团购券发票，请您在消费时向商户咨询', NULL),
(22, '乐享FUN KTV', 'assets/media/catalog/store/21.jpg', '', '味道正宗，百年传承，2015成都美食节官方片指定拍摄地，性价比高的火锅体验，欢迎购买品尝。', '味道正宗', '三官堂街33号二环路十字路口处(锦华万达)', NULL, NULL, '104.04239173', '30.63695183', '11:00 - 22:00', '028-69883011', '4.3', 3, 0, 0, '1', '1', '1', 97, 1, '1', '1', '{"score": 100, "amount": 1.0}', '1', '2.00', '9.20', '0.00', '0.00', '0.00', '0.00', '0.00', '2015-12-01', '2016-01-30', '无需预约，如遇消费高峰时段您可能需要排队', '可累积使用，不兑现，不找零\r\n不适用范围：锅底油碟\r\n自带酒水饮料事宜请您详询商家\r\n不再与其他优惠同享', '如需团购券发票，请您在消费时向商户咨询', NULL),
(23, '新诺科技', NULL, '', NULL, NULL, NULL, NULL, NULL, NULL, NULL, NULL, '18983462004', '5.0', 0, 0, 0, '1', '1', '1', 100, 1, '1', '1', '{"score": 100, "amount": 1.0}', '1', '0.00', '0.00', '0.00', '0.00', '0.00', '0.00', '0.00', NULL, NULL, NULL, NULL, NULL, NULL),
(24, '新诺科技', NULL, '', NULL, NULL, NULL, NULL, NULL, NULL, NULL, NULL, '18983462004', '5.0', 0, 0, 0, '1', '1', '1', 100, 1, '1', '1', '{"score": 100, "amount": 1.0}', '1', '0.00', '0.00', '0.00', '0.00', '0.00', '0.00', '0.00', NULL, NULL, NULL, NULL, NULL, NULL),
(25, '新诺科技', NULL, '', NULL, NULL, NULL, NULL, NULL, NULL, NULL, NULL, '18983462004', '5.0', 0, 0, 0, '1', '1', '1', 100, 1, '1', '1', '{"score": 100, "amount": 1.0}', '1', '0.00', '0.00', '0.00', '0.00', '0.00', '0.00', '0.00', NULL, NULL, NULL, NULL, NULL, NULL),
(26, '新诺科技', NULL, '', NULL, NULL, NULL, NULL, NULL, NULL, NULL, NULL, '18983462004', '5.0', 0, 0, 0, '1', '1', '1', 100, 1, '1', '1', '{"score": 100, "amount": 1.0}', '1', '0.00', '0.00', '0.00', '0.00', '0.00', '0.00', '0.00', NULL, NULL, NULL, NULL, NULL, NULL),
(27, '新诺科技', NULL, '', NULL, NULL, NULL, NULL, NULL, NULL, NULL, NULL, '18983462004', '5.0', 0, 0, 0, '1', '1', '1', 100, 1, '1', '1', '{"score": 100, "amount": 1.0}', '1', '0.00', '0.00', '0.00', '0.00', '0.00', '0.00', '0.00', NULL, NULL, NULL, NULL, NULL, NULL),
(28, '有限公司', NULL, '', NULL, NULL, NULL, NULL, NULL, NULL, NULL, NULL, '13312344321', '5.0', 0, 0, 0, '1', '1', '1', 100, 1, '1', '1', '{"score": 100, "amount": 1.0}', '1', '0.00', '0.00', '0.00', '0.00', '0.00', '0.00', '0.00', NULL, NULL, NULL, NULL, NULL, NULL),
(29, '棒棒鸡', NULL, '', NULL, NULL, NULL, NULL, NULL, NULL, NULL, NULL, '15490072121', '5.0', 0, 0, 0, '1', '0', '1', 100, 1, '1', '1', '{"score": 100, "amount": 1.0}', '1', '0.00', '0.00', '0.00', '0.00', '0.00', '0.00', '0.00', NULL, NULL, NULL, NULL, NULL, NULL);

-- --------------------------------------------------------

--
-- Table structure for table `sales_store_categories`
--

CREATE TABLE IF NOT EXISTS `sales_store_categories` (
  `store_categories_id` int(10) unsigned NOT NULL AUTO_INCREMENT COMMENT '自增主键',
  `store_id` int(10) unsigned NOT NULL COMMENT '商店ID',
  `category_id` int(10) unsigned NOT NULL COMMENT '分类ID',
  PRIMARY KEY (`store_categories_id`),
  KEY `idx_category_store` (`category_id`,`store_id`) COMMENT '按分类查找或按分类商家查找',
  KEY `idx_store` (`store_id`) COMMENT '按商家查找'
) ENGINE=InnoDB  DEFAULT CHARSET=utf8 COLLATE=utf8_unicode_ci COMMENT='商铺分类关联表' AUTO_INCREMENT=72 ;

--
-- Dumping data for table `sales_store_categories`
--

INSERT INTO `sales_store_categories` (`store_categories_id`, `store_id`, `category_id`) VALUES
(9, 3, 5),
(38, 17, 5),
(11, 3, 7),
(13, 4, 8),
(5, 2, 9),
(19, 8, 9),
(39, 17, 9),
(6, 2, 10),
(10, 3, 10),
(20, 8, 10),
(7, 3, 11),
(14, 4, 11),
(8, 3, 12),
(12, 3, 12),
(25, 13, 15),
(29, 14, 15),
(31, 15, 15),
(18, 8, 16),
(26, 13, 16),
(30, 14, 16),
(32, 15, 16),
(27, 13, 17),
(45, 21, 17),
(28, 13, 18),
(46, 22, 18),
(33, 15, 19),
(44, 20, 19),
(15, 5, 20),
(16, 6, 20),
(17, 7, 20),
(70, 1, 21),
(34, 16, 21),
(40, 18, 21),
(71, 1, 22),
(35, 16, 22),
(41, 18, 22),
(36, 16, 23),
(42, 19, 23),
(37, 16, 24),
(43, 19, 24),
(21, 9, 25),
(22, 10, 25),
(23, 11, 25),
(24, 12, 25);

-- --------------------------------------------------------

--
-- Table structure for table `sales_store_category`
--

CREATE TABLE IF NOT EXISTS `sales_store_category` (
  `store_category_id` int(10) unsigned NOT NULL AUTO_INCREMENT COMMENT '分类id，自增主键',
  `parent_id` int(10) unsigned NOT NULL DEFAULT '0' COMMENT '父类ID',
  `name` varchar(128) COLLATE utf8_unicode_ci NOT NULL DEFAULT '' COMMENT '分类名称',
  `icon` varchar(128) COLLATE utf8_unicode_ci NOT NULL DEFAULT '' COMMENT '分类图标',
  `order_by` int(10) unsigned NOT NULL DEFAULT '1',
  `is_available` enum('0','1') COLLATE utf8_unicode_ci NOT NULL DEFAULT '1' COMMENT '分类是否可用',
  `created_at` timestamp NULL DEFAULT NULL,
  `updated_at` timestamp NULL DEFAULT NULL,
  PRIMARY KEY (`store_category_id`),
  UNIQUE KEY `name_UNIQUE` (`name`),
  KEY `idx_created_at` (`created_at`),
  KEY `idx_updated_at` (`updated_at`)
) ENGINE=InnoDB  DEFAULT CHARSET=utf8 COLLATE=utf8_unicode_ci COMMENT='商铺分类表' AUTO_INCREMENT=63 ;

--
-- Dumping data for table `sales_store_category`
--

INSERT INTO `sales_store_category` (`store_category_id`, `parent_id`, `name`, `icon`, `order_by`, `is_available`, `created_at`, `updated_at`) VALUES
(1, 0, '美食', '', 1, '1', '2015-12-14 14:18:54', '2015-12-27 11:35:19'),
(2, 0, '休闲娱乐', 'assets/media/catalog/default/24.png', 1, '1', '2015-12-14 14:18:54', '2015-12-14 14:18:54'),
(3, 0, '丽人', 'assets/media/catalog/default/26.png', 1, '1', '2015-12-14 14:21:01', '2015-12-14 14:21:01'),
(4, 0, '出行', 'assets/media/catalog/default/28.png', 1, '1', '2015-12-14 14:21:01', '2015-12-14 14:21:01'),
(5, 1, '干锅', '', 1, '0', '2015-12-14 14:55:12', '2015-12-26 12:45:18'),
(6, 1, '火锅', '', 1, '0', '2015-12-14 14:55:12', '2015-12-26 12:45:18'),
(7, 1, '川菜', '', 1, '0', '2015-12-14 14:55:52', '2015-12-26 12:45:18'),
(8, 1, '自助餐', '', 1, '0', '2015-12-14 14:55:52', '2015-12-26 12:45:18'),
(9, 1, '小吃快餐', '', 1, '0', '2015-12-14 14:56:33', '2015-12-26 12:45:18'),
(10, 1, '甜品饮食', '', 1, '0', '2015-12-14 14:56:33', '2015-12-26 12:45:18'),
(11, 1, '西餐', '', 1, '1', '2015-12-14 14:57:32', '2015-12-27 01:34:50'),
(12, 1, '烤鱼', '', 1, '1', '2015-12-14 14:57:32', '2015-12-26 12:47:31'),
(15, 2, '足疗按摩', '', 1, '1', '2015-12-14 14:58:37', '2015-12-14 14:58:37'),
(16, 2, '汗蒸', '', 1, '1', '2015-12-14 14:58:37', '2015-12-14 14:58:37'),
(17, 2, '健身', '', 1, '0', '2015-12-14 15:00:38', '2015-12-25 14:35:28'),
(18, 2, 'KTV', '', 1, '1', '2015-12-14 15:00:38', '2015-12-14 15:00:38'),
(19, 2, '游泳', '', 1, '1', '2015-12-14 15:01:23', '2015-12-14 15:01:23'),
(20, 2, '电影', '', 1, '1', '2015-12-14 15:01:23', '2015-12-14 15:01:23'),
(21, 3, '美容', '', 1, '1', NULL, NULL),
(22, 3, '美发', '', 1, '1', NULL, NULL),
(23, 3, '美甲', '', 1, '1', NULL, NULL),
(24, 3, '化妆', '', 1, '1', NULL, NULL),
(25, 4, '酒店', '', 1, '1', NULL, NULL),
(26, 4, '旅游', '', 1, '1', NULL, NULL),
(27, 4, '机票', '', 1, '1', NULL, NULL),
(28, 4, '火车票', '', 1, '1', '2015-12-30 16:00:00', '2015-12-30 16:00:00'),
(29, 1, '蛋糕', '', 2, '0', '2015-12-24 04:51:53', '2015-12-26 12:45:18'),
(46, 0, '美食gg', '', 1, '0', '2015-12-26 15:06:18', '2016-01-16 02:08:23'),
(47, 0, '美食ddd', '/assets/images/category/2015/12/27/0ad5671a98af654d0d9b35d37cea16ac.jpg', 15, '0', '2015-12-26 15:06:24', '2015-12-27 13:26:22'),
(48, 47, 'test', '', 11, '1', '2015-12-27 01:40:43', '2015-12-27 13:27:09'),
(49, 0, 'sfdsf', '', 0, '0', '2015-12-27 07:34:44', '2015-12-27 13:26:27'),
(50, 0, '测试', '', 11, '0', '2015-12-27 11:34:54', '2015-12-27 11:35:08'),
(51, 0, '娱乐', '/assets/images/category/2016/01/14/70b19fa9f82722374a9215f2d650d8ec.jpg', 4294967295, '0', '2016-01-14 14:02:43', '2016-01-14 14:02:43'),
(54, 0, '娱乐21', '/assets/images/category/2016/01/14/af69c80613d53e012fd2ef8400d7663c.jpg', 4294967295, '0', '2016-01-14 14:05:34', '2016-01-16 01:43:33'),
(59, 0, '美食1', '', 4294967295, '1', '2016-01-18 15:32:58', '2016-01-18 15:32:58'),
(61, 0, '测试1', '', 4294967294, '0', '2016-01-18 15:33:43', '2016-01-18 15:33:43'),
(62, 0, '测试2', '', 4294967295, '0', '2016-01-18 15:34:11', '2016-01-18 15:34:11');

-- --------------------------------------------------------

--
-- Table structure for table `staff`
--

CREATE TABLE IF NOT EXISTS `staff` (
  `staff_id` int(10) unsigned NOT NULL AUTO_INCREMENT,
  `staff_role_id` int(10) unsigned NOT NULL DEFAULT '0' COMMENT '员工角色ID',
  `admin_id` int(10) unsigned NOT NULL DEFAULT '0' COMMENT '添加本员工的管理员ID',
  `account` varchar(64) COLLATE utf8_unicode_ci NOT NULL DEFAULT '' COMMENT '账号',
  `password` varchar(256) COLLATE utf8_unicode_ci NOT NULL DEFAULT '' COMMENT '密码',
  `salt` varchar(16) COLLATE utf8_unicode_ci NOT NULL DEFAULT '' COMMENT '加盐',
  `nickname` varchar(32) COLLATE utf8_unicode_ci DEFAULT NULL COMMENT '昵称',
  `email` varchar(64) COLLATE utf8_unicode_ci NOT NULL DEFAULT '' COMMENT '电子邮件地址',
  `phone` varchar(32) COLLATE utf8_unicode_ci NOT NULL DEFAULT '' COMMENT '电话号码',
  `sex` enum('0','1','2') COLLATE utf8_unicode_ci NOT NULL DEFAULT '0' COMMENT '0:女,1:男,2:保密',
  `level` int(10) unsigned DEFAULT '1' COMMENT '导购员的级别',
  `score` int(10) unsigned DEFAULT '0' COMMENT '导购员的积分，用作升级',
  `next_score` int(10) unsigned DEFAULT '200' COMMENT '导购员再次升级需要的积分',
  `total_amount` decimal(12,2) unsigned NOT NULL DEFAULT '0.00' COMMENT '导购员或者商家的历史总收入',
  `rest_amount` decimal(12,2) unsigned NOT NULL DEFAULT '0.00' COMMENT '导购员或者商家的剩余金额',
  `daily_income` decimal(12,2) unsigned DEFAULT '0.00' COMMENT '商家和导购员的每日收益，会随时变动',
  `image` varchar(128) COLLATE utf8_unicode_ci NOT NULL COMMENT '员工的头像',
  `born_at` date DEFAULT NULL COMMENT '出生年月日',
  `created_at` timestamp NULL DEFAULT NULL COMMENT '账户创建时间',
  `updated_at` timestamp NULL DEFAULT NULL COMMENT '账户更新时间',
  `last_login_time` timestamp NULL DEFAULT NULL COMMENT '最后一次登录时间',
  `last_login_ip` varchar(16) COLLATE utf8_unicode_ci NOT NULL DEFAULT '127.0.0.1' COMMENT '最后一次登录IP',
  `login_times` int(10) unsigned NOT NULL DEFAULT '0' COMMENT '总共登录次数',
  `is_enable` enum('0','1') COLLATE utf8_unicode_ci NOT NULL DEFAULT '1' COMMENT '账户是否可用，默认为1:可用',
  `store_id` int(10) unsigned NOT NULL DEFAULT '0' COMMENT '所属商铺ID',
  `notes` varchar(1024) COLLATE utf8_unicode_ci DEFAULT NULL COMMENT '备注信息',
  PRIMARY KEY (`staff_id`),
  KEY `account` (`account`,`store_id`)
) ENGINE=InnoDB  DEFAULT CHARSET=utf8 COLLATE=utf8_unicode_ci COMMENT='员工' AUTO_INCREMENT=38 ;

--
-- Dumping data for table `staff`
--

INSERT INTO `staff` (`staff_id`, `staff_role_id`, `admin_id`, `account`, `password`, `salt`, `nickname`, `email`, `phone`, `sex`, `level`, `score`, `next_score`, `total_amount`, `rest_amount`, `daily_income`, `image`, `born_at`, `created_at`, `updated_at`, `last_login_time`, `last_login_ip`, `login_times`, `is_enable`, `store_id`, `notes`) VALUES
(1, 3, 1, '10001', '$2y$10$BIlfuiLnygCFjiUuatGqmuwR56PvjrgNP/siQKZTOjQEtfVNuY6tm', '12345678', 'xuechaoc', 'xuechaoc@qq.com', '15882112001', '1', NULL, NULL, NULL, '7.41', '7.41', NULL, '', NULL, NULL, '2015-11-26 09:14:57', '2016-02-03 14:24:48', '175.153.41.54', 73, '1', 1, NULL),
(2, 1, 1, '0001', '$2y$10$3osv83s3NSXyIS24MrxWye8oxkDJdJrO3MHOmZl9icDD1T93xPJLC', '', '嘿嘿', '', '17761233213', '1', 1, 75, 200, '2.12', '2.12', '0.00', 'assets/media/catalog/headimg/1385ae89609ac53d035b93f23c5db030.png', '2015-11-15', '2015-12-14 09:47:01', '2016-02-25 07:08:03', '2016-03-05 17:34:29', '171.214.236.40', 164, '1', 1, NULL),
(3, 1, 1, '0002', '$2y$10$3osv83s3NSXyIS24MrxWye8oxkDJdJrO3MHOmZl9icDD1T93xPJLC', '', NULL, '', '', '0', 1, 55, 200, '20005.93', '20005.93', '0.00', '', '2015-12-14', '2015-12-14 10:04:20', '2015-12-24 13:57:08', '2016-01-11 13:17:04', '118.116.87.128', 10, '1', 2, NULL),
(5, 1, 1, '0003', '$2y$10$3osv83s3NSXyIS24MrxWye8oxkDJdJrO3MHOmZl9icDD1T93xPJLC', '', NULL, '', '', '0', 1, 0, 200, '0.00', '2000.00', '20000.00', '', NULL, '2015-12-14 10:06:43', '2015-12-14 10:06:43', '2015-12-14 10:06:43', '127.0.0.1', 0, '1', 0, NULL),
(6, 1, 1, '0004', '$2y$10$3osv83s3NSXyIS24MrxWye8oxkDJdJrO3MHOmZl9icDD1T93xPJLC', '', NULL, '', '', '0', 1, 195, 200, '20000.00', '20000.00', '20000.00', '', NULL, '2015-12-14 10:06:43', '2015-12-14 10:06:43', '2015-12-14 10:06:43', '127.0.0.1', 0, '1', 0, NULL),
(7, 1, 1, '0005', '$2y$10$3osv83s3NSXyIS24MrxWye8oxkDJdJrO3MHOmZl9icDD1T93xPJLC', '', NULL, '', '', '0', 1, 0, 200, '20000.00', '2000.00', '0.00', '', '0000-00-00', '2015-12-14 10:08:24', '2015-12-14 10:08:24', '2015-12-14 10:08:24', '127.0.0.1', 0, '1', 1, NULL),
(8, 1, 1, '0006', '$2y$10$cF5PSq9yEymDzvgA3GSywO1Oa8LN4TeM8LC9ZJTrKrEb29LZBPajy', '', '陈敏测试', '', '', '0', 1, 0, 200, '20000.00', '2000.00', '0.00', 'assets/media/catalog/headimg/100744ea2b7675cc07ffc9dca31e41d6.png', NULL, '2015-12-14 10:08:24', '2015-12-25 13:29:35', '2015-12-27 07:38:38', '106.91.181.14', 6, '1', 1, NULL),
(9, 1, 1, '0007', '$2y$10$3osv83s3NSXyIS24MrxWye8oxkDJdJrO3MHOmZl9icDD1T93xPJLC', '', NULL, '', '', '0', 1, 0, 200, '0.00', '0.00', '0.00', '', NULL, '2015-12-14 10:09:41', '2015-12-14 10:09:41', '2015-12-14 10:09:41', '127.0.0.1', 0, '0', 1, NULL),
(10, 0, 0, '0008', '$2y$10$e9YPUPHgc9L0uRhGLaAh1.gBKQSNva4MPBnVUBaJqXVk.rDQJjUVS', '', '啊路', '', '15108250868', '0', 2, 215, 800, '20000.00', '19663.00', '0.00', 'assets/media/catalog/headimg/0e44d70454f98f4827057f7e14f75689.jpeg', '1989-11-15', '2015-12-14 10:09:41', '2015-12-30 03:53:42', '2016-02-03 14:44:46', '117.136.63.17', 63, '1', 2, NULL),
(11, 1, 1, '0009', '$2y$10$jyyp02EOaQD.bivnhsWUk.ZTC4jBqvnwSeg8kA6l6R5z5i8aeXQ4u', '', '具体', '', '15982391282', '1', 1, 90, 200, '5.33', '18985.33', '20000.00', 'assets/media/catalog/headimg/572bc37d3953a9f3fb026645951ee2e3.jpeg', '2014-11-15', '2015-12-14 10:11:01', '2016-01-12 13:59:35', '2016-01-20 15:13:32', '117.136.70.105', 90, '1', 2, NULL),
(12, 3, 4, '10002', '$2y$10$V/KMtlrYkEB86rL6rGNzE.O6z4wQ9JWKeTMXBrNycMQcHsrj3TqSO', '', 'jjjjj', 'test@123.com', '18000000000', '0', 1, 0, 200, '0.00', '0.00', '0.00', '', '0000-00-00', '2015-12-14 13:03:02', '2015-12-14 13:03:02', '2016-01-25 13:46:05', '118.116.87.145', 65, '1', 1, '测试员工'),
(13, 3, 6, '111111111', '$2y$10$OwhDSyvAQRDJdG7MW68eEuffS4fUwqtE/oGScW5Uw.4muEAk1r4Gi', '', '敏敏', '000999@qq.com', '15982391282', '0', 1, 0, 200, '0.00', '0.00', '0.00', '', '2015-12-24', '2015-12-25 13:32:43', '2015-12-25 13:34:57', '2015-12-26 12:27:09', '223.104.9.191', 2, '1', 1, '这是备注，的非常长的。这是备注，的非常长的。这是备注，的非常长的。这是备注，的非常长的。这是备注，的非常长的。这是备注，的非常长的。这是备注，的非常长的。这是备注，的非常长的。这是备注，的非常长的。这是备注，的非常长的。这是备注，的非常长的。这是备注，的非常长的。这是备注，的非常长的。这是备注，的非常长的。这是备注，的非常长的。这是备注，的非常长的。这是备注，的非常长的。这是备注，的非常长的。这是备注，的非常长的。这是备注，的非常长的。'),
(14, 1, 6, '100001', '$2y$10$aDrnMcdnUTr8xFJxkKbel.YY.ZyOvxro9zQzZrBVyMRqasPIaMsMe', '', '卡进', '3165@qq.com', '18365489501', '1', 1, 0, 200, '0.00', '0.00', '0.00', '', '2003-12-04', '2015-12-28 02:43:54', '2015-12-28 02:43:54', NULL, '127.0.0.1', 0, '1', 1, ''),
(15, 3, 6, 'D20151227', '$2y$10$NyNhQGof2ro3N6OLjhELMOgf3vA7.yFkmZrfhA1JZJhe/KKIt6mFu', '', 'DAFD', '12345646@55.COM', '13442533469', '1', 1, 0, 200, '0.00', '0.00', '0.00', '', '0000-00-00', '2015-12-28 02:45:02', '2015-12-28 02:45:02', NULL, '127.0.0.1', 0, '1', 1, ''),
(16, 2, 6, '0066', '$2y$10$0/I5eylrHfbFKReIH4uQBO3YQSn2kvxZ1QtvfezktgvZ1h7.hOM5y', '', '汉娜', '1039862722@qq.com', '15982391282', '0', 1, 0, 200, '0.00', '0.00', '0.00', '', '2015-12-30', '2016-01-04 14:47:48', '2016-01-07 13:29:30', NULL, '127.0.0.1', 0, '1', 1, 'lallalall啦啦啦啦啦啦啦啦  lallalall啦啦啦啦啦啦啦啦 lallalall啦啦啦啦啦啦啦啦 lallalall啦啦啦啦啦啦啦啦 lallalall啦啦啦啦啦啦啦啦 lallalall啦啦啦啦啦啦啦啦 lallalall啦啦啦啦啦啦啦啦 lallalall啦啦啦啦啦啦啦啦 lallalall啦啦啦啦啦啦啦啦 lallalall啦啦啦啦啦啦啦啦 lallalall啦啦啦啦啦啦啦啦 lallalall啦啦啦啦啦啦啦啦 lallalall啦啦啦啦啦啦啦啦 lallalall啦啦啦啦啦啦啦啦 lallalall啦啦啦啦啦啦啦啦 lallalall啦啦啦啦啦啦啦啦 lallalall啦啦啦啦啦啦啦啦 lallalall啦啦啦啦啦啦啦啦 lallalall啦啦啦啦啦啦啦啦 lallalall啦啦啦啦啦啦啦啦 lallalall啦啦啦啦啦啦啦啦 lallalall啦啦啦啦啦啦啦啦 lallalall啦啦啦啦啦啦啦啦 lallalall啦啦啦啦啦啦啦啦 lallalall啦啦啦啦啦啦啦啦 lallalall啦啦啦啦啦啦啦啦 lallalall啦啦啦啦啦啦啦啦 lallalall啦啦啦啦啦啦啦啦 lallalall啦啦啦啦啦啦啦啦 lallalall啦啦啦啦啦啦啦啦 lallalall啦啦啦啦啦啦啦啦 lallalall啦啦啦啦啦啦啦啦 lallalall啦啦啦啦啦啦啦啦 lallalall啦啦啦啦啦啦啦啦 lallalall啦啦啦啦啦啦啦啦 lallalall啦啦啦啦啦啦啦啦 lallalall啦啦啦啦啦啦啦啦 lallalall啦啦啦啦啦啦啦啦 lallalall啦啦啦啦啦啦啦啦 lallalall啦啦啦啦啦啦啦啦 lallalall啦啦啦啦啦啦啦啦 lallalall啦啦啦啦啦啦啦啦 lallalall啦啦啦啦啦啦啦啦 lallalall啦啦啦啦啦啦啦啦 lallalall啦啦啦啦啦啦啦啦 lallalall啦啦啦啦啦啦啦啦 lallalall啦啦啦啦啦啦啦啦 lallalall啦啦啦啦啦啦啦啦 lallalall啦啦啦啦啦啦啦啦 lallalall啦啦啦啦啦啦啦啦 lallalall啦啦啦啦啦啦啦啦 lallalall啦啦啦啦啦啦啦啦 lallalall啦啦啦啦啦啦啦啦 lallalall啦啦啦啦啦啦啦啦 lallalall啦啦啦啦啦啦啦啦 lallalall啦啦啦啦啦啦啦啦 lallalall啦啦啦啦啦啦'),
(17, 2, 6, '8888', '$2y$10$GTjpzKG4fOLu3mCoj/lNN./.jALgMyfiNZrNGchiEGYMEmLUfVFfG', '', '老地方', '39@qq.com', '15200000000', '0', 1, 0, 200, '0.00', '0.00', '0.00', '', '2016-01-05', '2016-01-05 09:11:43', '2016-01-13 13:21:58', '2016-01-13 13:38:06', '118.116.87.128', 2, '1', 1, ''),
(29, 2, 6, '11111', '$2y$10$Y6gT0YYs/rIAlFu58kuEVOYI3O2g0r3DIGZHlgwyYP5/scunJpzYa', '', '11111', '111@qq.com', '15982391282', '0', 1, 0, 200, '0.00', '0.00', '0.00', '', '0000-00-00', '2016-01-07 13:55:02', '2016-01-07 13:55:02', NULL, '127.0.0.1', 0, '1', 1, ''),
(30, 1, 6, '2222', '$2y$10$5lNpyCx.I25rNv7vnsUNWOACqrp9E5sNaQvNsQX455TTF69Cu/HEW', '', '00000', '1@qq.com', '13522211133', '1', 1, 0, 200, '0.00', '0.00', '0.00', '', '0000-00-00', '2016-01-07 13:58:58', '2016-01-07 13:58:58', NULL, '127.0.0.1', 0, '1', 1, ''),
(31, 1, 6, '6666', '$2y$10$RXsl8rkIU1dQmnYfXMep1udDanrdWfpyV5GntiFRIxfq1T4ZmB7xi', '', '老地方', '123@qq.com', '15200000000', '1', 1, 0, 200, '0.00', '0.00', '0.00', '', '0000-00-00', '2016-01-11 03:43:40', '2016-01-11 03:43:40', NULL, '127.0.0.1', 0, '1', 1, ''),
(32, 1, 6, '0009', '$2y$10$R7ASrQlRELF0QjiJsfHMZ.VPj1.4jXrnQjhsoA7en4PCCmjsH/ORm', '', '0009', '77@qq.com', '13566677788', '1', 1, 0, 200, '0.00', '0.00', '0.00', '', '0000-00-00', '2016-01-12 13:03:37', '2016-01-15 15:33:09', NULL, '127.0.0.1', 0, '0', 1, ''),
(33, 2, 8, '8888', '$2y$10$/XxhD/r56s13bhxSgH41y.A/SatMGjjaiJrQSqdGsYK/ujKc1xnSi', '', '老地方', '123@qq.com', '15311111111', '1', 1, 180, 200, '86.75', '86.75', '0.00', '', '0000-00-00', '2016-01-13 13:57:18', '2016-01-27 06:55:00', '2016-01-27 06:54:06', '222.211.214.239', 10, '1', 10, ''),
(34, 3, 8, '6666', '$2y$10$g8wmE1a6dlOKFWZNHBlHQOorpU6iPgPl9LF7e89rlF5xxQgbdJfGG', '', '老地方', '123@qq.com', '15311111111', '1', 1, 40, 200, '2.16', '2.16', '0.00', '', '0000-00-00', '2016-01-13 13:58:54', '2016-01-25 13:58:04', '2016-01-20 07:42:09', '118.116.87.145', 3, '1', 10, ''),
(35, 2, 12, '66', '$2y$10$iD1wiB/et7bEKGXhnrqfbOTPsYptEJYnNFm9Hz2KaOf.aRNftQCf.', '', 'guxiao', '2@qq.com', '15211112222', '1', 1, 0, 200, '0.00', '0.00', '0.00', '', '0000-00-00', '2016-01-22 13:48:15', '2016-01-22 13:48:15', NULL, '127.0.0.1', 0, '1', 11, ''),
(36, 2, 12, '6644', '$2y$10$KCFalddzg0vTwb2mur9IQO2apVY.UDDr3Rz6j6J14lNMg39yMqBBW', '', 'guxiao', '222@qq.com', '15211111111', '1', 1, 0, 200, '0.00', '0.00', '0.00', '', '0000-00-00', '2016-01-22 13:50:48', '2016-01-22 13:50:48', NULL, '127.0.0.1', 0, '1', 11, ''),
(37, 3, 12, '6666', '$2y$10$x4KKD5cOiDbaiD2K2z8aYuH7zjc4g047G8R8ZhSSg5gbsMCnMJTle', '', 'guxiao', '2@qq.com', '15211113333', '1', 1, 0, 200, '0.00', '0.00', '0.00', '', '0000-00-00', '2016-01-22 13:55:43', '2016-01-22 13:55:43', NULL, '127.0.0.1', 0, '1', 11, '');

-- --------------------------------------------------------

--
-- Table structure for table `staff_handover`
--

CREATE TABLE IF NOT EXISTS `staff_handover` (
  `staff_handover_id` int(10) unsigned NOT NULL AUTO_INCREMENT,
  `staff_id` int(11) NOT NULL COMMENT '收银员ID',
  `store_id` int(11) NOT NULL DEFAULT '0' COMMENT '店铺ID',
  `login_time` timestamp NULL DEFAULT NULL COMMENT '登录时间',
  `logout_time` timestamp NOT NULL DEFAULT CURRENT_TIMESTAMP COMMENT '交接班时间',
  `order_count` int(10) unsigned NOT NULL DEFAULT '0' COMMENT '订单总数',
  `order_amount` decimal(12,2) NOT NULL DEFAULT '0.00' COMMENT '订单总金额',
  `refund_amount` decimal(12,2) NOT NULL DEFAULT '0.00' COMMENT '退货金额',
  `rest_amount` decimal(12,2) NOT NULL DEFAULT '0.00' COMMENT '净收入金额',
  `rest_cash_amount` decimal(12,2) NOT NULL DEFAULT '0.00' COMMENT '净收入金额(现金)',
  `cash_amount` decimal(12,2) NOT NULL DEFAULT '0.00' COMMENT '现金支付金额',
  `member_card_amount` decimal(12,2) NOT NULL DEFAULT '0.00' COMMENT '会员卡支付金额',
  `platform_amount` decimal(12,2) NOT NULL DEFAULT '0.00' COMMENT '平台支付金额',
  `card_pay_amount` decimal(12,2) NOT NULL DEFAULT '0.00' COMMENT '次卡消费金额（此处还有问题，因为同一个商品充值次卡的金额不同，因此不能准确计算次卡消费金额）',
  `card_charge_amount` decimal(12,2) NOT NULL COMMENT '次卡充值金额',
  `member_charge_cash` decimal(12,2) NOT NULL DEFAULT '0.00' COMMENT '会员充值-现金支付',
  `member_charge_platform` decimal(12,2) NOT NULL DEFAULT '0.00' COMMENT '会员充值-平台支付',
  PRIMARY KEY (`staff_handover_id`),
  KEY `idx_store_staff` (`store_id`,`staff_id`),
  KEY `idx_handover_time` (`logout_time`) COMMENT '交接班时间索引'
) ENGINE=InnoDB  DEFAULT CHARSET=utf8 COLLATE=utf8_unicode_ci COMMENT='交接班记录表' AUTO_INCREMENT=74 ;

--
-- Dumping data for table `staff_handover`
--

INSERT INTO `staff_handover` (`staff_handover_id`, `staff_id`, `store_id`, `login_time`, `logout_time`, `order_count`, `order_amount`, `refund_amount`, `rest_amount`, `rest_cash_amount`, `cash_amount`, `member_card_amount`, `platform_amount`, `card_pay_amount`, `card_charge_amount`, `member_charge_cash`, `member_charge_platform`) VALUES
(1, 1, 0, '2015-11-21 02:23:42', '2015-11-21 09:34:46', 0, '278.00', '912.00', '-634.00', '0.00', '0.00', '278.00', '0.00', '0.00', '0.00', '0.00', '0.00'),
(2, 1, 0, '2015-11-23 03:50:39', '2015-11-23 07:49:36', 0, '0.00', '0.00', '0.00', '0.00', '0.00', '0.00', '0.00', '0.00', '0.00', '0.00', '0.00'),
(3, 1, 0, '2015-12-13 06:43:38', '2015-12-13 06:44:07', 0, '0.00', '0.00', '0.00', '0.00', '0.00', '0.00', '0.00', '0.00', '0.00', '0.00', '0.00'),
(4, 1, 0, '2015-12-13 13:59:37', '2015-12-13 13:59:44', 0, '0.00', '0.00', '0.00', '0.00', '0.00', '0.00', '0.00', '0.00', '0.00', '0.00', '0.00'),
(5, 1, 0, '2015-12-14 12:29:15', '2015-12-14 12:50:50', 4, '154.20', '0.00', '2884.20', '0.00', '63.40', '70.80', '0.00', '20.00', '2630.00', '100.00', '0.00'),
(6, 12, 0, '2015-12-14 08:32:42', '2015-12-14 14:42:08', 10, '901.09', '825.14', '1115.95', '0.00', '471.54', '353.55', '0.00', '76.00', '390.00', '650.00', '0.00'),
(7, 12, 0, '2015-12-14 14:42:28', '2015-12-14 14:43:25', 0, '0.00', '0.00', '0.00', '0.00', '0.00', '0.00', '0.00', '0.00', '0.00', '0.00', '0.00'),
(8, 1, 0, '2015-12-15 02:09:36', '2015-12-15 07:55:26', 2, '111.92', '20.00', '10221.92', '0.00', '0.00', '91.92', '0.00', '20.00', '130.00', '10000.00', '0.00'),
(9, 1, 0, '2015-12-15 07:55:35', '2015-12-15 08:08:56', 0, '0.00', '0.00', '3500.00', '0.00', '0.00', '0.00', '0.00', '0.00', '2500.00', '1000.00', '0.00'),
(10, 1, 0, '0000-00-00 00:00:00', '2015-12-15 08:10:10', 11, '436.72', '94.20', '24402.52', '0.00', '63.40', '162.72', '0.00', '210.60', '9060.00', '15000.00', '0.00'),
(11, 1, 0, '2015-12-15 08:10:21', '2015-12-15 08:24:48', 5, '208.00', '104.00', '104.00', '0.00', '112.00', '56.00', '0.00', '40.00', '0.00', '0.00', '0.00'),
(12, 12, 0, '0000-00-00 00:00:00', '2015-12-16 06:06:43', 13, '986.32', '873.14', '1283.18', '1241.18', '508.77', '381.55', '0.00', '96.00', '520.00', '650.00', '0.00'),
(13, 12, 0, '2015-12-16 06:06:59', '2015-12-16 09:15:12', 2, '44.13', '0.00', '144.13', '130.80', '30.80', '13.33', '0.00', '0.00', '0.00', '100.00', '0.00'),
(14, 12, 0, '2015-12-16 09:15:28', '2015-12-16 09:22:03', 4, '152.00', '76.00', '306.00', '258.00', '56.00', '56.00', '0.00', '40.00', '130.00', '100.00', '0.00'),
(15, 1, 0, '0000-00-00 00:00:00', '2015-12-16 13:32:49', 28, '1576.09', '493.00', '26073.09', '25169.40', '255.40', '890.09', '0.00', '430.60', '9190.00', '15800.00', '0.00'),
(16, 1, 0, '2015-12-16 13:33:19', '2015-12-16 14:06:29', 1, '28.00', '28.00', '2760.00', '2760.00', '0.00', '0.00', '0.00', '28.00', '2760.00', '0.00', '0.00'),
(17, 12, 0, '2015-12-16 09:22:21', '2015-12-16 14:08:52', 4, '134.16', '55.36', '78.80', '42.00', '42.00', '72.16', '0.00', '20.00', '0.00', '0.00', '0.00'),
(18, 1, 0, '2015-12-16 14:08:25', '2015-12-16 14:12:41', 1, '438.60', '0.00', '438.60', '438.60', '438.60', '0.00', '0.00', '0.00', '0.00', '0.00', '0.00'),
(19, 1, 0, '0000-00-00 00:00:00', '2015-12-16 14:15:36', 31, '2051.49', '585.80', '29215.69', '28312.00', '702.80', '890.09', '0.00', '458.60', '11950.00', '15800.00', '0.00'),
(20, 1, 0, '2015-12-16 14:15:46', '2015-12-16 14:16:03', 0, '0.00', '0.00', '0.00', '0.00', '0.00', '0.00', '0.00', '0.00', '0.00', '0.00', '0.00'),
(21, 1, 0, '2015-12-16 14:16:13', '2015-12-16 14:16:35', 0, '0.00', '0.00', '0.00', '0.00', '0.00', '0.00', '0.00', '0.00', '0.00', '0.00', '0.00'),
(22, 1, 0, '0000-00-00 00:00:00', '2015-12-17 03:10:22', 33, '2352.29', '594.60', '29507.69', '28303.20', '702.80', '1190.89', '0.00', '458.60', '11950.00', '15800.00', '0.00'),
(23, 12, 0, '0000-00-00 00:00:00', '2015-12-17 03:12:17', 25, '1583.61', '1320.70', '1762.91', '1656.58', '637.57', '790.04', '0.00', '156.00', '650.00', '850.00', '0.00'),
(24, 12, 0, '0000-00-00 00:00:00', '2015-12-18 02:51:09', 28, '1663.61', '1400.70', '1782.91', '1676.58', '667.57', '820.04', '0.00', '176.00', '650.00', '870.00', '0.00'),
(25, 12, 0, '2015-12-18 02:51:26', '2015-12-18 09:00:29', 6, '351.88', '182.28', '819.60', '729.70', '261.98', '69.90', '0.00', '20.00', '650.00', '0.00', '0.00'),
(26, 12, 0, '2015-12-18 09:00:45', '2015-12-18 09:15:18', 4, '140.00', '140.00', '360.00', '360.00', '80.00', '40.00', '0.00', '20.00', '260.00', '100.00', '0.00'),
(27, 1, 0, '0000-00-00 00:00:00', '2015-12-18 09:15:48', 34, '2422.99', '701.60', '29471.39', '28303.20', '702.80', '1261.59', '0.00', '458.60', '11950.00', '15800.00', '0.00'),
(28, 1, 0, '2015-12-18 09:16:00', '2015-12-18 09:18:35', 4, '140.00', '0.00', '140.00', '80.00', '80.00', '40.00', '0.00', '20.00', '0.00', '0.00', '0.00'),
(29, 12, 0, '2015-12-18 09:15:37', '2015-12-18 09:20:53', 0, '0.00', '140.00', '-140.00', '-80.00', '0.00', '0.00', '0.00', '0.00', '0.00', '0.00', '0.00'),
(30, 12, 0, '2015-12-18 09:21:07', '2015-12-18 09:23:07', 4, '140.00', '0.00', '140.00', '80.00', '80.00', '40.00', '0.00', '20.00', '0.00', '0.00', '0.00'),
(31, 12, 0, '0000-00-00 00:00:00', '2015-12-22 12:47:27', 46, '2411.52', '2002.98', '2938.54', '2705.68', '1108.95', '1066.57', '0.00', '236.00', '1560.00', '970.00', '0.00'),
(32, 12, 0, '2015-12-22 12:49:12', '2015-12-22 12:49:19', 0, '0.00', '0.00', '0.00', '0.00', '0.00', '0.00', '0.00', '0.00', '0.00', '0.00', '0.00'),
(33, 12, 0, '0000-00-00 00:00:00', '2015-12-24 12:37:17', 49, '2521.57', '2002.98', '3148.59', '2872.33', '1175.60', '1109.97', '0.00', '236.00', '1560.00', '1070.00', '0.00'),
(34, 12, 0, '2015-12-24 12:37:29', '2015-12-24 12:49:35', 8, '326.60', '110.05', '216.55', '259.95', '326.60', '0.00', '0.00', '0.00', '0.00', '0.00', '0.00'),
(35, 12, 0, '2015-12-24 12:49:55', '2015-12-24 12:51:09', 2, '116.80', '120.30', '-3.50', '-3.50', '116.80', '0.00', '0.00', '0.00', '0.00', '0.00', '0.00'),
(36, 12, 0, '0000-00-00 00:00:00', '2015-12-24 13:23:46', 70, '3227.47', '2421.83', '10635.64', '10362.78', '1781.50', '1109.97', '0.00', '336.00', '8760.00', '1070.00', '0.00'),
(37, 1, 0, '0000-00-00 00:00:00', '2015-12-25 03:01:07', 42, '2888.97', '701.60', '29937.37', '28669.18', '1068.78', '1341.59', '0.00', '478.60', '11950.00', '15800.00', '0.00'),
(38, 1, 0, '2015-12-25 03:01:15', '2015-12-25 03:02:35', 1, '69.80', '0.00', '69.80', '69.80', '69.80', '0.00', '0.00', '0.00', '0.00', '0.00', '0.00'),
(39, 12, 0, '0000-00-00 00:00:00', '2015-12-25 03:04:01', 76, '3593.91', '2448.43', '10975.48', '10702.62', '2147.94', '1109.97', '0.00', '336.00', '8760.00', '1070.00', '0.00'),
(40, 1, 0, '2015-12-25 03:03:02', '2015-12-25 03:05:02', 1, '40.00', '0.00', '40.00', '40.00', '40.00', '0.00', '0.00', '0.00', '0.00', '0.00', '0.00'),
(41, 1, 0, '2015-12-25 03:05:15', '2015-12-25 03:10:30', 1, '30.00', '0.00', '30.00', '30.00', '30.00', '0.00', '0.00', '0.00', '0.00', '0.00', '0.00'),
(42, 12, 0, '2015-12-25 03:04:09', '2015-12-25 03:17:16', 1, '10.00', '0.00', '10.00', '10.00', '10.00', '0.00', '0.00', '0.00', '0.00', '0.00', '0.00'),
(43, 12, 0, '2015-12-25 03:17:43', '2015-12-25 13:57:36', 0, '0.00', '0.00', '0.00', '0.00', '0.00', '0.00', '0.00', '0.00', '0.00', '0.00', '0.00'),
(44, 12, 0, '2015-12-25 13:57:50', '2015-12-25 13:58:42', 1, '30.00', '0.00', '30.00', '30.00', '30.00', '0.00', '0.00', '0.00', '0.00', '0.00', '0.00'),
(45, 12, 0, '0000-00-00 00:00:00', '2015-12-25 13:59:54', 79, '3673.91', '2448.43', '11055.48', '10782.62', '2227.94', '1109.97', '0.00', '336.00', '8760.00', '1070.00', '0.00'),
(46, 12, 0, '2015-12-25 14:00:08', '2015-12-25 14:01:09', 1, '10.00', '0.00', '10.00', '10.00', '10.00', '0.00', '0.00', '0.00', '0.00', '0.00', '0.00'),
(47, 12, 0, '0000-00-00 00:00:00', '2015-12-25 14:19:54', 80, '3683.91', '2448.43', '11065.48', '10792.62', '2237.94', '1109.97', '0.00', '336.00', '8760.00', '1070.00', '0.00'),
(48, 12, 0, '2015-12-25 14:20:13', '2015-12-25 14:21:16', 1, '10.00', '0.00', '10.00', '10.00', '10.00', '0.00', '0.00', '0.00', '0.00', '0.00', '0.00'),
(49, 12, 0, '0000-00-00 00:00:00', '2015-12-26 05:14:37', 81, '3693.91', '2448.43', '11075.48', '10802.62', '2247.94', '1109.97', '0.00', '336.00', '8760.00', '1070.00', '0.00'),
(50, 1, 0, '0000-00-00 00:00:00', '2015-12-26 05:15:02', 49, '3140.67', '701.60', '30189.07', '28920.88', '1320.48', '1341.59', '0.00', '478.60', '11950.00', '15800.00', '0.00'),
(51, 12, 0, '2015-12-26 05:14:48', '2015-12-26 05:15:40', 1, '19.60', '0.00', '19.60', '19.60', '19.60', '0.00', '0.00', '0.00', '0.00', '0.00', '0.00'),
(52, 1, 0, '2015-12-26 05:15:13', '2015-12-26 05:21:10', 2, '68.00', '0.00', '68.00', '68.00', '68.00', '0.00', '0.00', '0.00', '0.00', '0.00', '0.00'),
(53, 12, 1, '0000-00-00 00:00:00', '2016-01-05 08:07:27', 120, '4546.41', '2671.53', '14564.88', '13976.82', '2711.24', '1448.77', '0.00', '386.40', '11420.00', '1270.00', '0.00'),
(54, 12, 1, '2016-01-05 08:07:50', '2016-01-05 08:07:57', 0, '0.00', '0.00', '0.00', '0.00', '0.00', '0.00', '0.00', '0.00', '0.00', '0.00', '0.00'),
(55, 12, 1, '2016-01-05 08:08:15', '2016-01-05 08:10:00', 0, '0.00', '0.00', '140.00', '140.00', '0.00', '0.00', '0.00', '0.00', '40.00', '100.00', '0.00'),
(56, 12, 1, '2016-01-05 08:10:10', '2016-01-05 08:11:29', 0, '0.00', '0.00', '100.00', '100.00', '0.00', '0.00', '0.00', '0.00', '0.00', '100.00', '0.00'),
(57, 12, 1, '2016-01-05 08:11:58', '2016-01-05 08:18:26', 1, '19.00', '0.00', '59.00', '59.00', '19.00', '0.00', '0.00', '0.00', '40.00', '0.00', '0.00'),
(58, 12, 1, '2016-01-05 08:19:03', '2016-01-05 08:22:46', 6, '126.80', '0.00', '126.80', '54.00', '54.00', '54.00', '0.00', '18.80', '0.00', '0.00', '0.00'),
(59, 12, 1, '2016-01-05 08:22:59', '2016-01-05 08:28:33', 0, '0.00', '50.00', '-50.00', '-50.00', '0.00', '0.00', '0.00', '0.00', '0.00', '0.00', '0.00'),
(60, 12, 1, '0000-00-00 00:00:00', '2016-01-11 13:25:09', 129, '4714.01', '2721.53', '14962.48', '14301.62', '2806.04', '1502.77', '0.00', '405.20', '11500.00', '1470.00', '0.00'),
(61, 12, 1, '2016-01-11 13:25:29', '2016-01-11 13:25:54', 1, '19.00', '0.00', '19.00', '19.00', '19.00', '0.00', '0.00', '0.00', '0.00', '0.00', '0.00'),
(62, 1, 1, '0000-00-00 00:00:00', '2016-01-11 13:28:49', 54, '3284.67', '720.60', '31314.07', '29969.88', '1388.48', '1407.59', '0.00', '488.60', '11950.00', '16800.00', '0.00'),
(63, 1, 1, '2016-01-11 13:29:04', '2016-01-11 13:35:13', 4, '107.80', '48.90', '208.90', '160.90', '21.80', '76.00', '0.00', '10.00', '50.00', '100.00', '0.00'),
(64, 12, 1, '2016-01-11 13:26:15', '2016-01-11 13:47:45', 2, '59.80', '29.90', '29.90', '19.00', '38.00', '21.80', '0.00', '0.00', '0.00', '0.00', '0.00'),
(65, 12, 1, '2016-01-11 13:49:58', '2016-01-11 13:53:56', 0, '0.00', '0.00', '410.00', '410.00', '0.00', '0.00', '0.00', '0.00', '110.00', '300.00', '0.00'),
(66, 1, 1, '2016-01-11 13:46:05', '2016-01-11 13:55:05', 0, '0.00', '0.00', '0.00', '0.00', '0.00', '0.00', '0.00', '0.00', '0.00', '0.00', '0.00'),
(67, 1, 1, '0000-00-00 00:00:00', '2016-01-12 12:09:40', 58, '3392.47', '769.50', '31522.97', '30130.78', '1410.28', '1483.59', '0.00', '498.60', '12000.00', '16900.00', '0.00'),
(68, 12, 1, '0000-00-00 00:00:00', '2016-01-13 08:59:43', 132, '4792.81', '2751.43', '15421.38', '14749.62', '2863.04', '1524.57', '0.00', '405.20', '11610.00', '1770.00', '0.00'),
(69, 12, 1, '2016-01-13 09:00:33', '2016-01-13 09:01:20', 2, '59.80', '40.80', '19.00', '19.00', '59.80', '0.00', '0.00', '0.00', '0.00', '0.00', '0.00'),
(70, 12, 1, '0000-00-00 00:00:00', '2016-01-17 13:16:07', 135, '4870.21', '2809.83', '15440.38', '14768.62', '2940.44', '1524.57', '0.00', '405.20', '11610.00', '1770.00', '0.00'),
(71, 12, 1, '0000-00-00 00:00:00', '2016-01-20 06:18:07', 144, '5233.81', '2969.83', '15943.98', '15153.72', '3085.54', '1733.07', '0.00', '415.20', '11610.00', '2070.00', '0.00'),
(72, 12, 1, '2016-01-20 06:18:18', '2016-01-20 06:26:56', 4, '132.00', '132.00', '0.00', '0.00', '56.00', '56.00', '0.00', '20.00', '0.00', '0.00', '0.00'),
(73, 1, 1, '0000-00-00 00:00:00', '2016-02-03 14:33:16', 62, '3692.22', '769.50', '10033822.72', '10032220.78', '1500.28', '1693.34', '0.00', '498.60', '14000.00', '10016900.00', '0.00');

-- --------------------------------------------------------

--
-- Table structure for table `staff_role_privilege`
--

CREATE TABLE IF NOT EXISTS `staff_role_privilege` (
  `staff_role_privilege_id` int(10) unsigned NOT NULL AUTO_INCREMENT,
  `privilege_name` varchar(64) COLLATE utf8_unicode_ci NOT NULL COMMENT '角色名称',
  `privilege` varchar(1024) COLLATE utf8_unicode_ci NOT NULL DEFAULT '' COMMENT '详细权限',
  PRIMARY KEY (`staff_role_privilege_id`),
  UNIQUE KEY `privilege_name_UNIQUE` (`privilege_name`)
) ENGINE=InnoDB  DEFAULT CHARSET=utf8 COLLATE=utf8_unicode_ci COMMENT='员工角色权限表' AUTO_INCREMENT=4 ;

--
-- Dumping data for table `staff_role_privilege`
--

INSERT INTO `staff_role_privilege` (`staff_role_privilege_id`, `privilege_name`, `privilege`) VALUES
(1, '商家', '商家权限代表员工账户的最高权限，一般是商家本人拥有，只有一个'),
(2, '导购员', '只能登录导购端'),
(3, '收银员', '可以登录收银端和导购端');

-- --------------------------------------------------------

--
-- Table structure for table `store_coupon`
--

CREATE TABLE IF NOT EXISTS `store_coupon` (
  `store_coupon_id` int(10) unsigned NOT NULL AUTO_INCREMENT COMMENT '自增主键',
  `store_id` int(10) unsigned NOT NULL DEFAULT '0' COMMENT '商铺ID',
  `batch_no` varchar(32) COLLATE utf8_unicode_ci NOT NULL COMMENT '批次号',
  `discount` int(10) unsigned NOT NULL DEFAULT '100' COMMENT '折扣率',
  `expire_days` int(11) DEFAULT NULL COMMENT '过期天数',
  `category_ids` varchar(128) COLLATE utf8_unicode_ci DEFAULT NULL COMMENT '允许使用的分类',
  `skus` varchar(256) COLLATE utf8_unicode_ci DEFAULT NULL COMMENT '允许使用的商品',
  `count` int(10) unsigned NOT NULL DEFAULT '0' COMMENT '张数，0表示不限张数',
  `used_count` int(10) unsigned NOT NULL DEFAULT '0' COMMENT '已使用张数',
  `free_count` int(10) unsigned DEFAULT NULL COMMENT '剩余张数',
  `user_limit_count` int(10) unsigned NOT NULL DEFAULT '0' COMMENT '单个用户允许领取的张数，0表示不限制',
  `is_enable` enum('0','1') COLLATE utf8_unicode_ci NOT NULL DEFAULT '1' COMMENT '是否启用',
  `created_at` timestamp NULL DEFAULT NULL COMMENT '创建时间',
  `updated_at` timestamp NULL DEFAULT NULL COMMENT '更新时间',
  PRIMARY KEY (`store_coupon_id`),
  KEY `idx_store_id` (`store_id`),
  KEY `idx_created_at` (`created_at`),
  KEY `idx_updated_at` (`updated_at`)
) ENGINE=InnoDB DEFAULT CHARSET=utf8 COLLATE=utf8_unicode_ci COMMENT='商家优惠券设置表' AUTO_INCREMENT=1 ;

-- --------------------------------------------------------

--
-- Table structure for table `store_user_discount`
--

CREATE TABLE IF NOT EXISTS `store_user_discount` (
  `store_user_discount_id` int(10) unsigned NOT NULL AUTO_INCREMENT COMMENT '自增主键',
  `store_id` int(10) unsigned NOT NULL DEFAULT '0' COMMENT '商家ID',
  `type` int(10) unsigned DEFAULT NULL COMMENT '会员类型',
  `type_name` varchar(64) COLLATE utf8_unicode_ci DEFAULT NULL COMMENT '会员类型名称',
  `type_consume_amount` int(10) unsigned NOT NULL DEFAULT '0' COMMENT '达到此等级会员需要的最低消费金额',
  `discount` int(10) unsigned NOT NULL DEFAULT '100' COMMENT '此会员等级的折扣率',
  `created_at` timestamp NULL DEFAULT NULL COMMENT '创建时间',
  `is_enable` enum('0','1') COLLATE utf8_unicode_ci NOT NULL DEFAULT '1' COMMENT '是否启用',
  PRIMARY KEY (`store_user_discount_id`)
) ENGINE=InnoDB  DEFAULT CHARSET=utf8 COLLATE=utf8_unicode_ci COMMENT='会员折扣表' AUTO_INCREMENT=2 ;

--
-- Dumping data for table `store_user_discount`
--

INSERT INTO `store_user_discount` (`store_user_discount_id`, `store_id`, `type`, `type_name`, `type_consume_amount`, `discount`, `created_at`, `is_enable`) VALUES
(1, 1, 1, '普通会员', 0, 80, '2015-12-14 16:00:00', '1');

-- --------------------------------------------------------

--
-- Table structure for table `store_user_info`
--

CREATE TABLE IF NOT EXISTS `store_user_info` (
  `store_user_id` int(10) unsigned NOT NULL AUTO_INCREMENT COMMENT '自增主键',
  `customer_id` int(10) unsigned NOT NULL DEFAULT '0' COMMENT '平台用户ID',
  `store_id` int(10) unsigned NOT NULL COMMENT '商家ID',
  `type` int(11) DEFAULT NULL COMMENT '会员类型',
  `password` varchar(128) COLLATE utf8_unicode_ci NOT NULL COMMENT '密码',
  `card_number` varchar(32) COLLATE utf8_unicode_ci NOT NULL COMMENT '会员卡号',
  `total_scores` int(10) unsigned NOT NULL DEFAULT '0' COMMENT '用户累计积分',
  `consume_scores` int(10) unsigned NOT NULL DEFAULT '0' COMMENT '消费积分',
  `rest_scores` int(10) unsigned NOT NULL DEFAULT '0' COMMENT '剩余积分',
  `charge_amount` int(10) unsigned NOT NULL DEFAULT '0' COMMENT '总共充值金额',
  `consume_amount` decimal(12,2) NOT NULL DEFAULT '0.00' COMMENT '消费金额',
  `rest_amount` decimal(12,2) unsigned NOT NULL COMMENT '剩余金额',
  `name` varchar(64) COLLATE utf8_unicode_ci DEFAULT NULL COMMENT '姓名',
  `phone` varchar(16) COLLATE utf8_unicode_ci DEFAULT NULL COMMENT '手机号',
  `gender` enum('0','1','2') COLLATE utf8_unicode_ci NOT NULL DEFAULT '2' COMMENT '性别,0:女，1：男,2：保密',
  `email` varchar(64) COLLATE utf8_unicode_ci DEFAULT NULL COMMENT '邮箱',
  `birthday` timestamp NULL DEFAULT NULL COMMENT '生日',
  `address` varchar(256) COLLATE utf8_unicode_ci DEFAULT NULL COMMENT '用户地址',
  `note` varchar(1024) COLLATE utf8_unicode_ci DEFAULT NULL COMMENT '备注',
  PRIMARY KEY (`store_user_id`),
  KEY `idx_store_id` (`store_id`),
  KEY `idx_customer_id` (`customer_id`)
) ENGINE=InnoDB  DEFAULT CHARSET=utf8 COLLATE=utf8_unicode_ci COMMENT='商家会员表' AUTO_INCREMENT=31 ;

--
-- Dumping data for table `store_user_info`
--

INSERT INTO `store_user_info` (`store_user_id`, `customer_id`, `store_id`, `type`, `password`, `card_number`, `total_scores`, `consume_scores`, `rest_scores`, `charge_amount`, `consume_amount`, `rest_amount`, `name`, `phone`, `gender`, `email`, `birthday`, `address`, `note`) VALUES
(1, 1, 1, NULL, '', '1000001', 112, 0, 112, 300, '0.00', '300.00', NULL, '15882112001', '2', NULL, NULL, NULL, NULL),
(2, 4, 1, NULL, '$2y$10$HbYJm4GRRK8K2x1SDBLqTOvaydCOHCRVVSRYoI4EGvCCdi/nFelby', '01000002', 0, 0, 0, 0, '0.00', '0.00', 'Chason', '18180918332', '2', NULL, '0000-00-00 00:00:00', '', ''),
(3, 5, 1, NULL, '$2y$10$2yqenawSM4MEeCKai2iWv.riRs9OgaYmkOuSJ4ZHloYag/F3v4P/q', '01000003', 0, 0, 0, 0, '0.00', '0.00', 'Chason', '18180913987', '2', NULL, '0000-00-00 00:00:00', '', ''),
(4, 6, 1, NULL, '$2y$10$gQVCi74zArkJ4Dz6tpwuAet57ydaROmydUAjaj4vS8J6MsJY5oXoC', '01000004', 0, 0, 0, 0, '0.00', '0.00', 'Chason', '18180918333', '2', NULL, '0000-00-00 00:00:00', '', ''),
(5, 7, 1, NULL, '$2y$10$D9rDxkJMZCr6Fl5XOio6LesNUa09rpGVHeI2ly66hU5BWz1Y5R3OO', '01000005', 0, 0, 0, 0, '0.00', '0.00', 'Chason', '18180918334', '2', NULL, '0000-00-00 00:00:00', '', ''),
(6, 8, 1, NULL, '$2y$10$p4ZrBAyc7abdYeFkCadAkOysCIkbZtdhzyued4nHiNtRFNZYxyxpu', '01000006', 0, 0, 0, 0, '0.00', '0.00', 'Chason', '18180918335', '2', NULL, '0000-00-00 00:00:00', '', ''),
(7, 9, 8, NULL, '$2y$10$zlusUIQyBYSnnJf4Tzx3kO4TMWPuu5wtIcGMGEtMl2ZshDyamtUFe', '08000001', 0, 0, 0, 0, '0.00', '0.00', 'Chason', '18180918336', '2', NULL, '0000-00-00 00:00:00', '', ''),
(8, 9, 3, NULL, '$2y$10$X07WAuySQqhLz78Ro.Yr9uv3rJbqC8c48CfAMTJIltg6ZicaWqImC', '03000001', 0, 0, 0, 0, '0.00', '0.00', 'Chason', '18180918336', '2', NULL, '0000-00-00 00:00:00', '', ''),
(9, 9, 7, NULL, '$2y$10$exoBIpHYERciUzvBromEPuQppEyyczQIEe4yznOKo19iFdWw1bPxC', '07000001', 0, 0, 0, 0, '0.00', '0.00', 'Chason', '18180918336', '2', NULL, '0000-00-00 00:00:00', '', ''),
(10, 10, 7, NULL, '$2y$10$DQb0.lxH4nWCvuGgT1u6W.yl4W3br5HXH4S807og9yuncuaLovOzy', '07000002', 0, 0, 0, 0, '0.00', '0.00', 'Chason', '18180918337', '2', NULL, '0000-00-00 00:00:00', '', ''),
(11, 11, 7, NULL, '$2y$10$4dqxR6GmSzc0VAKv32ea0epCit3ose7.IRtrKVpaWjhk6gKGPzOIq', '07000003', 0, 0, 0, 0, '0.00', '0.00', 'Chason', '18180918331', '2', NULL, '0000-00-00 00:00:00', '', ''),
(12, 4, 7, NULL, '$2y$10$.M.Ms.z3pZZGFyDq01JSbeIVCmnOzZ.j6yIzbofjvF6UpY00sSAJO', '07000004', 0, 0, 0, 0, '0.00', '0.00', 'Chason', '18180918332', '2', NULL, '0000-00-00 00:00:00', '', ''),
(13, 12, 1, NULL, '$2y$10$85FwiGCIrV6ypQNHA49BK.SQQD/kTTt074kzAhITY/5e6K1BHCBIm', '01000007', 1186, 0, 1186, 1886, '694.25', '1191.75', 'good', '15311111111', '2', NULL, '0000-00-00 00:00:00', '', ''),
(14, 13, 1, NULL, '$2y$10$tl9his0aqFn3mFUANGpCNO.CdsFOy.mW/yTSUnNGZCerck/AwvcAG', '01000008', 0, 0, 0, 0, '0.00', '0.00', '，，。。。！！！！！！！！！！！！！！！', '15312345678', '2', NULL, '0000-00-00 00:00:00', '', ''),
(15, 14, 1, NULL, '$2y$10$lhV/T5DUVXzYaX0zgxjnZe6Qi642OTYiFC7lsFOYX2UMyviH6RkeO', '01000009', 710, 0, 710, 10010010, '692.24', '10009317.76', '杨龙', '15108250868', '2', NULL, '1990-12-14 16:00:00', '', ''),
(16, 23, 1, NULL, '$2y$10$SFDBP6m.f841P6My8e01u.jJ/5kmOLXGPhboAoLPIrR8e6UOWgc5e', '01000010', 453, 0, 453, 1591, '551.12', '1039.24', '小燕', '15390072142', '2', NULL, '0000-00-00 00:00:00', '', ''),
(17, 24, 1, NULL, '$2y$10$cUYtGhAEVC2XvUSkhzrC4uRkC6wvPKsk8rlKcyqzzQ5xQGm8VwVVS', '01000011', 28, 0, 28, 0, '0.00', '0.00', '钤殇', '15982236701', '2', NULL, '0000-00-00 00:00:00', '', ''),
(18, 25, 1, NULL, '$2y$10$810xbKfpmhhVXbcOAa.uv.Vmd1rAIPZZAkewI0HgjB8lxnqCwkSem', '01000012', 479, 0, 479, 1025, '532.50', '491.80', '人体宴发给别人惹不起眼神秘宝鸡爪机党加油腻腻歪歪', '15211111111', '2', NULL, '2015-12-02 16:00:00', '', ''),
(19, 26, 1, NULL, '$2y$10$2QwkkgBgpDE14yCm2Cz9KuOMMZTkFk1WNrMTvZdioAtEN0t76nQha', '01000013', 300, 0, 300, 270, '120.00', '150.00', '这是', '15312344321', '2', NULL, '0000-00-00 00:00:00', '', ''),
(20, 27, 1, 1, '$2y$10$mW1CVpV.cotSKJdboIDpZ.hPI07C0Pl8QQXMeEojzVVjgR.ftzuJy', '111111', 6, 0, 1111, 0, '0.00', '11.11', '111111', '17709827788', '0', '10999@qq.com', '2015-12-23 16:00:00', '1111', '2121'),
(21, 28, 1, 1, '$2y$10$WdeZtH8TQsvHImEN4dxiyeWizakL26qF2NlMZVrxf8psludpZiJbW', '121212112', 0, 0, 0, 0, '0.00', '0.00', 'Dave', '18780207350', '1', 'hhxsv5@sina.com', '2015-11-29 16:00:00', '大源', 'hhh'),
(22, 29, 1, 1, '$2y$10$nLbYQDsNEUpmj8f6TTYBHerBNgk6cFwN/PE7b8sebxlHfYneCl9fy', '20151227', 0, 0, 500, 0, '0.00', '500.00', 'linda', '15223323652', '0', '35226411@112.com', '0000-00-00 00:00:00', '', ''),
(23, 30, 1, 1, '$2y$10$p2poCAnwpsZgfxIRa23.sOIn9oWztLpOZ2BCkCBrHvwZ9pX3LdDsy', '发的发的到改变的', 0, 0, 5, 0, '0.00', '5.00', '冯绍峰实得分的的', '17778273111', '0', '123@qq.com', '2015-12-31 16:00:00', 'sdfdfvvvvvcxccccccccccccccccccccccccccccccccccccasssssssssssssssssssssssssssssssssssssssssssssssssssssssssssssssssssssssssssssssssssssss', 'xxxxxxxxxxxxxxxxxxxxxxxxxxxxxxxxxxxxxxxxxxxxxxxxxxxxxxxxxsxxxxxxxxxxxxxxxxxxxxxxxxxxxxxxxxxxxxxxxxxxxxxxxxxxxxxxxxxsxxxxxxxxxxxxxxxxxxxxxxxxxxxxxxxxxxxxxxxxxxxxxxxxxxxxxxxxxsxxxxxxxxxxxxxxxxxxxxxxxxxxxxxxxxxxxxxxxxxxxxxxxxxxxxxxxxxsxxxxxxxxxxxxxxxxxxxxxxxxxxxxxxxxxxxxxxxxxxxxxxxxxxxxxxxxxsxxxxxxxxxxxxxxxxxxxxxxxxxxxxxxxxxxxxxxxxxxxxxxxxxxxxxxxxxsxxxxxxxxxxxxxxxxxxxxxxxxxxxxxxxxxxxxxxxxxxxxxxxxxxxxxxxxxsxxxxxxxxxxxxxxxxxxxxxxxxxxxxxxxxxxxxxxxxxxxxxxxxxxxxxxxxxsxxxxxxxxxxxxxxxxxxxxxxxxxxxxxxxxxxxxxxxxxxxxxxxxxxxxxxxxxsxxxxxxxxxxxxxxxxxxxxxxxxxxxxxxxxxxxxxxxxxxxxxxxxxxxxxxxxxsxxxxxxxxxxxxxxxxxxxxxxxxxxxxxxxxxxxxxxxxxxxxxxxxxxxxxxxxxsxxxxxxxxxxxxxxxxxxxxxxxxxxxxxxxxxxxxxxxxxxxxxxxxxxxxxxxxxsxxxxxxxxxxxxxxxxxxxxxxxxxxxxxxxxxxxxxxxxxxxxxxxxxxxxxxxxxsxxxxxxxxxxxxxxxxxxxxxxxxxxxxxxxxxxxxxxxxxxxxxxxxxxxxxxxxxsxxxxxxxxxxxxxxxxxxxxxxxxxxxxxxxxxxxxxxxxxxxxxxxxxxxxxxxxxsxxxxxxxxxxxxxxxxxxxxxxxxxxxxxxxxxxxxxxxxxxxxxxxxxxxxxxxxxsxxxxxxxxxxxxxxxxxxxxxxxxxxxxxxxxxxxxxxxxxxxxxxxxxxxxxxxxxsxxxxxxxxxxxxxxxxxxxxxxxxxxxxxxxxxxxxxx'),
(24, 31, 1, 1, '$2y$10$EN3kp1oDhYvLaZO1HlEhvubGB9gNDFpzE9RJcTBGQTfRNlhmmN/Uu', '1111', 120, 0, 123, 460, '120.00', '340.01', '1111', '17711111111', '0', '22@qq.com', '2016-01-06 16:00:00', '111', '1111111111'),
(25, 25, 10, NULL, '$2y$10$ArlMYspHIR9RbFTejdRRUO2TJZWO/uFR4OEJsBKVmqeCVOVXH3.vS', '10000001', 0, 0, 0, 0, '0.00', '0.00', 'gu', '15211111111', '2', NULL, '2015-12-28 16:00:00', 'xcg', 'cchhjhj'),
(26, 32, 10, NULL, '$2y$10$pbcYP6WsQHwkq7M9skhUIeW3AGBFNgjhiNd/NMWq1drnC16SVHkWq', '10000002', 0, 0, 0, 0, '0.00', '0.00', 'xiao', '15211111112', '2', NULL, '2015-12-22 16:00:00', '成都', '备注'),
(27, 33, 1, 1, '$2y$10$qoTJGqn6ys.wYhDqK3yluOEYgAp32Jpwey/HwjyzuMvxwLn5Tytre', '1111', 120, 0, 120, 460, '120.00', '340.00', '辜', '15111111111', '1', '111@163.com', '0000-00-00 00:00:00', '成都', ''),
(28, 34, 1, 1, '$2y$10$F4mvlGySL.tdDnW3XE34mOXgtDctLL1sfL.iufK.kQ82cdaXzxMn.', '001', 0, 0, 0, 0, '0.00', '0.00', '辜', '15212345678', '0', '1@154.com', '0000-00-00 00:00:00', '', ''),
(29, 35, 1, NULL, '$2y$10$6bOhZ4XlhvImO.wXqwDGq.kvppOiYzHo4UKKf4Jla.Wv7jXe.P3AO', '01000002', 0, 0, 0, 0, '0.00', '0.00', '123', '15212312312', '0', '2@123.com', '2015-12-30 16:00:00', '吃的，', '弧好'),
(30, 36, 1, NULL, '$2y$10$NUr0V2sHuGrYTIijhIA5V.wQafpvlWxeSFruH3JbWNJAANZF7HMXO', '01000003', 0, 0, 0, 0, '0.00', '0.00', 'fff', '15108250869', '1', '', '2001-02-16 16:00:00', '', '');

-- --------------------------------------------------------

--
-- Table structure for table `s_city`
--

CREATE TABLE IF NOT EXISTS `s_city` (
  `CityID` bigint(20) NOT NULL,
  `CityName` varchar(50) DEFAULT NULL,
  `ZipCode` varchar(50) DEFAULT NULL,
  `ProvinceID` bigint(20) DEFAULT NULL,
  `DateCreated` datetime DEFAULT NULL,
  `DateUpdated` datetime DEFAULT NULL,
  PRIMARY KEY (`CityID`)
) ENGINE=MyISAM DEFAULT CHARSET=utf8;

--
-- Dumping data for table `s_city`
--

INSERT INTO `s_city` (`CityID`, `CityName`, `ZipCode`, `ProvinceID`, `DateCreated`, `DateUpdated`) VALUES
(1, '北京市', '100000', 1, NULL, NULL),
(2, '天津市', '100000', 2, NULL, NULL),
(3, '石家庄市', '050000', 3, NULL, NULL),
(4, '唐山市', '063000', 3, NULL, NULL),
(5, '秦皇岛市', '066000', 3, NULL, NULL),
(6, '邯郸市', '056000', 3, NULL, NULL),
(7, '邢台市', '054000', 3, NULL, NULL),
(8, '保定市', '071000', 3, NULL, NULL),
(9, '张家口市', '075000', 3, NULL, NULL),
(10, '承德市', '067000', 3, NULL, NULL),
(11, '沧州市', '061000', 3, NULL, NULL),
(12, '廊坊市', '065000', 3, NULL, NULL),
(13, '衡水市', '053000', 3, NULL, NULL),
(14, '太原市', '030000', 4, NULL, NULL),
(15, '大同市', '037000', 4, NULL, NULL),
(16, '阳泉市', '045000', 4, NULL, NULL),
(17, '长治市', '046000', 4, NULL, NULL),
(18, '晋城市', '048000', 4, NULL, NULL),
(19, '朔州市', '036000', 4, NULL, NULL),
(20, '晋中市', '030600', 4, NULL, NULL),
(21, '运城市', '044000', 4, NULL, NULL),
(22, '忻州市', '034000', 4, NULL, NULL),
(23, '临汾市', '041000', 4, NULL, NULL),
(24, '吕梁市', '030500', 4, NULL, NULL),
(25, '呼和浩特市', '010000', 5, NULL, NULL),
(26, '包头市', '014000', 5, NULL, NULL),
(27, '乌海市', '016000', 5, NULL, NULL),
(28, '赤峰市', '024000', 5, NULL, NULL),
(29, '通辽市', '028000', 5, NULL, NULL),
(30, '鄂尔多斯市', '010300', 5, NULL, NULL),
(31, '呼伦贝尔市', '021000', 5, NULL, NULL),
(32, '巴彦淖尔市', '014400', 5, NULL, NULL),
(33, '乌兰察布市', '011800', 5, NULL, NULL),
(34, '兴安盟', '137500', 5, NULL, NULL),
(35, '锡林郭勒盟', '011100', 5, NULL, NULL),
(36, '阿拉善盟', '016000', 5, NULL, NULL),
(37, '沈阳市', '110000', 6, NULL, NULL),
(38, '大连市', '116000', 6, NULL, NULL),
(39, '鞍山市', '114000', 6, NULL, NULL),
(40, '抚顺市', '113000', 6, NULL, NULL),
(41, '本溪市', '117000', 6, NULL, NULL),
(42, '丹东市', '118000', 6, NULL, NULL),
(43, '锦州市', '121000', 6, NULL, NULL),
(44, '营口市', '115000', 6, NULL, NULL),
(45, '阜新市', '123000', 6, NULL, NULL),
(46, '辽阳市', '111000', 6, NULL, NULL),
(47, '盘锦市', '124000', 6, NULL, NULL),
(48, '铁岭市', '112000', 6, NULL, NULL),
(49, '朝阳市', '122000', 6, NULL, NULL),
(50, '葫芦岛市', '125000', 6, NULL, NULL),
(51, '长春市', '130000', 7, NULL, NULL),
(52, '吉林市', '132000', 7, NULL, NULL),
(53, '四平市', '136000', 7, NULL, NULL),
(54, '辽源市', '136200', 7, NULL, NULL),
(55, '通化市', '134000', 7, NULL, NULL),
(56, '白山市', '134300', 7, NULL, NULL),
(57, '松原市', '131100', 7, NULL, NULL),
(58, '白城市', '137000', 7, NULL, NULL),
(59, '延边朝鲜族自治州', '133000', 7, NULL, NULL),
(60, '哈尔滨市', '150000', 8, NULL, NULL),
(61, '齐齐哈尔市', '161000', 8, NULL, NULL),
(62, '鸡西市', '158100', 8, NULL, NULL),
(63, '鹤岗市', '154100', 8, NULL, NULL),
(64, '双鸭山市', '155100', 8, NULL, NULL),
(65, '大庆市', '163000', 8, NULL, NULL),
(66, '伊春市', '152300', 8, NULL, NULL),
(67, '佳木斯市', '154000', 8, NULL, NULL),
(68, '七台河市', '154600', 8, NULL, NULL),
(69, '牡丹江市', '157000', 8, NULL, NULL),
(70, '黑河市', '164300', 8, NULL, NULL),
(71, '绥化市', '152000', 8, NULL, NULL),
(72, '大兴安岭地区', '165000', 8, NULL, NULL),
(73, '上海市', '200000', 9, NULL, NULL),
(74, '南京市', '210000', 10, NULL, NULL),
(75, '无锡市', '214000', 10, NULL, NULL),
(76, '徐州市', '221000', 10, NULL, NULL),
(77, '常州市', '213000', 10, NULL, NULL),
(78, '苏州市', '215000', 10, NULL, NULL),
(79, '南通市', '226000', 10, NULL, NULL),
(80, '连云港市', '222000', 10, NULL, NULL),
(81, '淮安市', '223200', 10, NULL, NULL),
(82, '盐城市', '224000', 10, NULL, NULL),
(83, '扬州市', '225000', 10, NULL, NULL),
(84, '镇江市', '212000', 10, NULL, NULL),
(85, '泰州市', '225300', 10, NULL, NULL),
(86, '宿迁市', '223800', 10, NULL, NULL),
(87, '杭州市', '310000', 11, NULL, NULL),
(88, '宁波市', '315000', 11, NULL, NULL),
(89, '温州市', '325000', 11, NULL, NULL),
(90, '嘉兴市', '314000', 11, NULL, NULL),
(91, '湖州市', '313000', 11, NULL, NULL),
(92, '绍兴市', '312000', 11, NULL, NULL),
(93, '金华市', '321000', 11, NULL, NULL),
(94, '衢州市', '324000', 11, NULL, NULL),
(95, '舟山市', '316000', 11, NULL, NULL),
(96, '台州市', '318000', 11, NULL, NULL),
(97, '丽水市', '323000', 11, NULL, NULL),
(98, '合肥市', '230000', 12, NULL, NULL),
(99, '芜湖市', '241000', 12, NULL, NULL),
(100, '蚌埠市', '233000', 12, NULL, NULL),
(101, '淮南市', '232000', 12, NULL, NULL),
(102, '马鞍山市', '243000', 12, NULL, NULL),
(103, '淮北市', '235000', 12, NULL, NULL),
(104, '铜陵市', '244000', 12, NULL, NULL),
(105, '安庆市', '246000', 12, NULL, NULL),
(106, '黄山市', '242700', 12, NULL, NULL),
(107, '滁州市', '239000', 12, NULL, NULL),
(108, '阜阳市', '236100', 12, NULL, NULL),
(109, '宿州市', '234100', 12, NULL, NULL),
(110, '巢湖市', '238000', 12, NULL, NULL),
(111, '六安市', '237000', 12, NULL, NULL),
(112, '亳州市', '236800', 12, NULL, NULL),
(113, '池州市', '247100', 12, NULL, NULL),
(114, '宣城市', '366000', 12, NULL, NULL),
(115, '福州市', '350000', 13, NULL, NULL),
(116, '厦门市', '361000', 13, NULL, NULL),
(117, '莆田市', '351100', 13, NULL, NULL),
(118, '三明市', '365000', 13, NULL, NULL),
(119, '泉州市', '362000', 13, NULL, NULL),
(120, '漳州市', '363000', 13, NULL, NULL),
(121, '南平市', '353000', 13, NULL, NULL),
(122, '龙岩市', '364000', 13, NULL, NULL),
(123, '宁德市', '352100', 13, NULL, NULL),
(124, '南昌市', '330000', 14, NULL, NULL),
(125, '景德镇市', '333000', 14, NULL, NULL),
(126, '萍乡市', '337000', 14, NULL, NULL),
(127, '九江市', '332000', 14, NULL, NULL),
(128, '新余市', '338000', 14, NULL, NULL),
(129, '鹰潭市', '335000', 14, NULL, NULL),
(130, '赣州市', '341000', 14, NULL, NULL),
(131, '吉安市', '343000', 14, NULL, NULL),
(132, '宜春市', '336000', 14, NULL, NULL),
(133, '抚州市', '332900', 14, NULL, NULL),
(134, '上饶市', '334000', 14, NULL, NULL),
(135, '济南市', '250000', 15, NULL, NULL),
(136, '青岛市', '266000', 15, NULL, NULL),
(137, '淄博市', '255000', 15, NULL, NULL),
(138, '枣庄市', '277100', 15, NULL, NULL),
(139, '东营市', '257000', 15, NULL, NULL),
(140, '烟台市', '264000', 15, NULL, NULL),
(141, '潍坊市', '261000', 15, NULL, NULL),
(142, '济宁市', '272100', 15, NULL, NULL),
(143, '泰安市', '271000', 15, NULL, NULL),
(144, '威海市', '265700', 15, NULL, NULL),
(145, '日照市', '276800', 15, NULL, NULL),
(146, '莱芜市', '271100', 15, NULL, NULL),
(147, '临沂市', '276000', 15, NULL, NULL),
(148, '德州市', '253000', 15, NULL, NULL),
(149, '聊城市', '252000', 15, NULL, NULL),
(150, '滨州市', '256600', 15, NULL, NULL),
(151, '荷泽市', '255000', 15, NULL, NULL),
(152, '郑州市', '450000', 16, NULL, NULL),
(153, '开封市', '475000', 16, NULL, NULL),
(154, '洛阳市', '471000', 16, NULL, NULL),
(155, '平顶山市', '467000', 16, NULL, NULL),
(156, '安阳市', '454900', 16, NULL, NULL),
(157, '鹤壁市', '456600', 16, NULL, NULL),
(158, '新乡市', '453000', 16, NULL, NULL),
(159, '焦作市', '454100', 16, NULL, NULL),
(160, '濮阳市', '457000', 16, NULL, NULL),
(161, '许昌市', '461000', 16, NULL, NULL),
(162, '漯河市', '462000', 16, NULL, NULL),
(163, '三门峡市', '472000', 16, NULL, NULL),
(164, '南阳市', '473000', 16, NULL, NULL),
(165, '商丘市', '476000', 16, NULL, NULL),
(166, '信阳市', '464000', 16, NULL, NULL),
(167, '周口市', '466000', 16, NULL, NULL),
(168, '驻马店市', '463000', 16, NULL, NULL),
(169, '武汉市', '430000', 17, NULL, NULL),
(170, '黄石市', '435000', 17, NULL, NULL),
(171, '十堰市', '442000', 17, NULL, NULL),
(172, '宜昌市', '443000', 17, NULL, NULL),
(173, '襄樊市', '441000', 17, NULL, NULL),
(174, '鄂州市', '436000', 17, NULL, NULL),
(175, '荆门市', '448000', 17, NULL, NULL),
(176, '孝感市', '432100', 17, NULL, NULL),
(177, '荆州市', '434000', 17, NULL, NULL),
(178, '黄冈市', '438000', 17, NULL, NULL),
(179, '咸宁市', '437000', 17, NULL, NULL),
(180, '随州市', '441300', 17, NULL, NULL),
(181, '恩施土家族苗族自治州', '445000', 17, NULL, NULL),
(182, '神农架', '442400', 17, NULL, NULL),
(183, '长沙市', '410000', 18, NULL, NULL),
(184, '株洲市', '412000', 18, NULL, NULL),
(185, '湘潭市', '411100', 18, NULL, NULL),
(186, '衡阳市', '421000', 18, NULL, NULL),
(187, '邵阳市', '422000', 18, NULL, NULL),
(188, '岳阳市', '414000', 18, NULL, NULL),
(189, '常德市', '415000', 18, NULL, NULL),
(190, '张家界市', '427000', 18, NULL, NULL),
(191, '益阳市', '413000', 18, NULL, NULL),
(192, '郴州市', '423000', 18, NULL, NULL),
(193, '永州市', '425000', 18, NULL, NULL),
(194, '怀化市', '418000', 18, NULL, NULL),
(195, '娄底市', '417000', 18, NULL, NULL),
(196, '湘西土家族苗族自治州', '416000', 18, NULL, NULL),
(197, '广州市', '510000', 19, NULL, NULL),
(198, '韶关市', '521000', 19, NULL, NULL),
(199, '深圳市', '518000', 19, NULL, NULL),
(200, '珠海市', '519000', 19, NULL, NULL),
(201, '汕头市', '515000', 19, NULL, NULL),
(202, '佛山市', '528000', 19, NULL, NULL),
(203, '江门市', '529000', 19, NULL, NULL),
(204, '湛江市', '524000', 19, NULL, NULL),
(205, '茂名市', '525000', 19, NULL, NULL),
(206, '肇庆市', '526000', 19, NULL, NULL),
(207, '惠州市', '516000', 19, NULL, NULL),
(208, '梅州市', '514000', 19, NULL, NULL),
(209, '汕尾市', '516600', 19, NULL, NULL),
(210, '河源市', '517000', 19, NULL, NULL),
(211, '阳江市', '529500', 19, NULL, NULL),
(212, '清远市', '511500', 19, NULL, NULL),
(213, '东莞市', '511700', 19, NULL, NULL),
(214, '中山市', '528400', 19, NULL, NULL),
(215, '潮州市', '515600', 19, NULL, NULL),
(216, '揭阳市', '522000', 19, NULL, NULL),
(217, '云浮市', '527300', 19, NULL, NULL),
(218, '南宁市', '530000', 20, NULL, NULL),
(219, '柳州市', '545000', 20, NULL, NULL),
(220, '桂林市', '541000', 20, NULL, NULL),
(221, '梧州市', '543000', 20, NULL, NULL),
(222, '北海市', '536000', 20, NULL, NULL),
(223, '防城港市', '538000', 20, NULL, NULL),
(224, '钦州市', '535000', 20, NULL, NULL),
(225, '贵港市', '537100', 20, NULL, NULL),
(226, '玉林市', '537000', 20, NULL, NULL),
(227, '百色市', '533000', 20, NULL, NULL),
(228, '贺州市', '542800', 20, NULL, NULL),
(229, '河池市', '547000', 20, NULL, NULL),
(230, '来宾市', '546100', 20, NULL, NULL),
(231, '崇左市', '532200', 20, NULL, NULL),
(232, '海口市', '570000', 21, NULL, NULL),
(233, '三亚市', '572000', 21, NULL, NULL),
(234, '重庆市', '400000', 22, NULL, NULL),
(235, '成都市', '610000', 23, NULL, NULL),
(236, '自贡市', '643000', 23, NULL, NULL),
(237, '攀枝花市', '617000', 23, NULL, NULL),
(238, '泸州市', '646100', 23, NULL, NULL),
(239, '德阳市', '618000', 23, NULL, NULL),
(240, '绵阳市', '621000', 23, NULL, NULL),
(241, '广元市', '628000', 23, NULL, NULL),
(242, '遂宁市', '629000', 23, NULL, NULL),
(243, '内江市', '641000', 23, NULL, NULL),
(244, '乐山市', '614000', 23, NULL, NULL),
(245, '南充市', '637000', 23, NULL, NULL),
(246, '眉山市', '612100', 23, NULL, NULL),
(247, '宜宾市', '644000', 23, NULL, NULL),
(248, '广安市', '638000', 23, NULL, NULL),
(249, '达州市', '635000', 23, NULL, NULL),
(250, '雅安市', '625000', 23, NULL, NULL),
(251, '巴中市', '635500', 23, NULL, NULL),
(252, '资阳市', '641300', 23, NULL, NULL),
(253, '阿坝藏族羌族自治州', '624600', 23, NULL, NULL),
(254, '甘孜藏族自治州', '626000', 23, NULL, NULL),
(255, '凉山彝族自治州', '615000', 23, NULL, NULL),
(256, '贵阳市', '55000', 24, NULL, NULL),
(257, '六盘水市', '553000', 24, NULL, NULL),
(258, '遵义市', '563000', 24, NULL, NULL),
(259, '安顺市', '561000', 24, NULL, NULL),
(260, '铜仁地区', '554300', 24, NULL, NULL),
(261, '黔西南布依族苗族自治州', '551500', 24, NULL, NULL),
(262, '毕节地区', '551700', 24, NULL, NULL),
(263, '黔东南苗族侗族自治州', '551500', 24, NULL, NULL),
(264, '黔南布依族苗族自治州', '550100', 24, NULL, NULL),
(265, '昆明市', '650000', 25, NULL, NULL),
(266, '曲靖市', '655000', 25, NULL, NULL),
(267, '玉溪市', '653100', 25, NULL, NULL),
(268, '保山市', '678000', 25, NULL, NULL),
(269, '昭通市', '657000', 25, NULL, NULL),
(270, '丽江市', '674100', 25, NULL, NULL),
(271, '思茅市', '665000', 25, NULL, NULL),
(272, '临沧市', '677000', 25, NULL, NULL),
(273, '楚雄彝族自治州', '675000', 25, NULL, NULL),
(274, '红河哈尼族彝族自治州', '654400', 25, NULL, NULL),
(275, '文山壮族苗族自治州', '663000', 25, NULL, NULL),
(276, '西双版纳傣族自治州', '666200', 25, NULL, NULL),
(277, '大理白族自治州', '671000', 25, NULL, NULL),
(278, '德宏傣族景颇族自治州', '678400', 25, NULL, NULL),
(279, '怒江傈僳族自治州', '671400', 25, NULL, NULL),
(280, '迪庆藏族自治州', '674400', 25, NULL, NULL),
(281, '拉萨市', '850000', 26, NULL, NULL),
(282, '昌都地区', '854000', 26, NULL, NULL),
(283, '山南地区', '856000', 26, NULL, NULL),
(284, '日喀则地区', '857000', 26, NULL, NULL),
(285, '那曲地区', '852000', 26, NULL, NULL),
(286, '阿里地区', '859100', 26, NULL, NULL),
(287, '林芝地区', '860100', 26, NULL, NULL),
(288, '西安市', '710000', 27, NULL, NULL),
(289, '铜川市', '727000', 27, NULL, NULL),
(290, '宝鸡市', '721000', 27, NULL, NULL),
(291, '咸阳市', '712000', 27, NULL, NULL),
(292, '渭南市', '714000', 27, NULL, NULL),
(293, '延安市', '716000', 27, NULL, NULL),
(294, '汉中市', '723000', 27, NULL, NULL),
(295, '榆林市', '719000', 27, NULL, NULL),
(296, '安康市', '725000', 27, NULL, NULL),
(297, '商洛市', '711500', 27, NULL, NULL),
(298, '兰州市', '730000', 28, NULL, NULL),
(299, '嘉峪关市', '735100', 28, NULL, NULL),
(300, '金昌市', '737100', 28, NULL, NULL),
(301, '白银市', '730900', 28, NULL, NULL),
(302, '天水市', '741000', 28, NULL, NULL),
(303, '武威市', '733000', 28, NULL, NULL),
(304, '张掖市', '734000', 28, NULL, NULL),
(305, '平凉市', '744000', 28, NULL, NULL),
(306, '酒泉市', '735000', 28, NULL, NULL),
(307, '庆阳市', '744500', 28, NULL, NULL),
(308, '定西市', '743000', 28, NULL, NULL),
(309, '陇南市', '742100', 28, NULL, NULL),
(310, '临夏回族自治州', '731100', 28, NULL, NULL),
(311, '甘南藏族自治州', '747000', 28, NULL, NULL),
(312, '西宁市', '810000', 29, NULL, NULL),
(313, '海东地区', '810600', 29, NULL, NULL),
(314, '海北藏族自治州', '810300', 29, NULL, NULL),
(315, '黄南藏族自治州', '811300', 29, NULL, NULL),
(316, '海南藏族自治州', '813000', 29, NULL, NULL),
(317, '果洛藏族自治州', '814000', 29, NULL, NULL),
(318, '玉树藏族自治州', '815000', 29, NULL, NULL),
(319, '海西蒙古族藏族自治州', '817000', 29, NULL, NULL),
(320, '银川市', '750000', 30, NULL, NULL),
(321, '石嘴山市', '753000', 30, NULL, NULL),
(322, '吴忠市', '751100', 30, NULL, NULL),
(323, '固原市', '756000', 30, NULL, NULL),
(324, '中卫市', '751700', 30, NULL, NULL),
(325, '乌鲁木齐市', '830000', 31, NULL, NULL),
(326, '克拉玛依市', '834000', 31, NULL, NULL),
(327, '吐鲁番地区', '838000', 31, NULL, NULL),
(328, '哈密地区', '839000', 31, NULL, NULL),
(329, '昌吉回族自治州', '831100', 31, NULL, NULL),
(330, '博尔塔拉蒙古自治州', '833400', 31, NULL, NULL),
(331, '巴音郭楞蒙古自治州', '841000', 31, NULL, NULL),
(332, '阿克苏地区', '843000', 31, NULL, NULL),
(333, '克孜勒苏柯尔克孜自治州', '835600', 31, NULL, NULL),
(334, '喀什地区', '844000', 31, NULL, NULL),
(335, '和田地区', '848000', 31, NULL, NULL),
(336, '伊犁哈萨克自治州', '833200', 31, NULL, NULL),
(337, '塔城地区', '834700', 31, NULL, NULL),
(338, '阿勒泰地区', '836500', 31, NULL, NULL),
(339, '石河子市', '832000', 31, NULL, NULL),
(340, '阿拉尔市', '843300', 31, NULL, NULL),
(341, '图木舒克市', '843900', 31, NULL, NULL),
(342, '五家渠市', '831300', 31, NULL, NULL),
(343, '香港特别行政区', '000000', 32, NULL, NULL),
(344, '澳门特别行政区', '000000', 33, NULL, NULL),
(345, '台湾省', '000000', 34, NULL, NULL);

-- --------------------------------------------------------

--
-- Table structure for table `s_district`
--

CREATE TABLE IF NOT EXISTS `s_district` (
  `DistrictID` bigint(20) NOT NULL,
  `DistrictName` varchar(50) DEFAULT NULL,
  `CityID` bigint(20) DEFAULT NULL,
  `DateCreated` datetime DEFAULT NULL,
  `DateUpdated` datetime DEFAULT NULL,
  PRIMARY KEY (`DistrictID`)
) ENGINE=MyISAM DEFAULT CHARSET=utf8;

--
-- Dumping data for table `s_district`
--

INSERT INTO `s_district` (`DistrictID`, `DistrictName`, `CityID`, `DateCreated`, `DateUpdated`) VALUES
(1, '东城区', 1, NULL, NULL),
(2, '西城区', 1, NULL, NULL),
(3, '崇文区', 1, NULL, NULL),
(4, '宣武区', 1, NULL, NULL),
(5, '朝阳区', 1, NULL, NULL),
(6, '丰台区', 1, NULL, NULL),
(7, '石景山区', 1, NULL, NULL),
(8, '海淀区', 1, NULL, NULL),
(9, '门头沟区', 1, NULL, NULL),
(10, '房山区', 1, NULL, NULL),
(11, '通州区', 1, NULL, NULL),
(12, '顺义区', 1, NULL, NULL),
(13, '昌平区', 1, NULL, NULL),
(14, '大兴区', 1, NULL, NULL),
(15, '怀柔区', 1, NULL, NULL),
(16, '平谷区', 1, NULL, NULL),
(17, '密云县', 1, NULL, NULL),
(18, '延庆县', 1, NULL, NULL),
(19, '和平区', 2, NULL, NULL),
(20, '河东区', 2, NULL, NULL),
(21, '河西区', 2, NULL, NULL),
(22, '南开区', 2, NULL, NULL),
(23, '河北区', 2, NULL, NULL),
(24, '红桥区', 2, NULL, NULL),
(25, '塘沽区', 2, NULL, NULL),
(26, '汉沽区', 2, NULL, NULL),
(27, '大港区', 2, NULL, NULL),
(28, '东丽区', 2, NULL, NULL),
(29, '西青区', 2, NULL, NULL),
(30, '津南区', 2, NULL, NULL),
(31, '北辰区', 2, NULL, NULL),
(32, '武清区', 2, NULL, NULL),
(33, '宝坻区', 2, NULL, NULL),
(34, '宁河县', 2, NULL, NULL),
(35, '静海县', 2, NULL, NULL),
(36, '蓟县', 2, NULL, NULL),
(37, '长安区', 3, NULL, NULL),
(38, '桥东区', 3, NULL, NULL),
(39, '桥西区', 3, NULL, NULL),
(40, '新华区', 3, NULL, NULL),
(41, '井陉矿区', 3, NULL, NULL),
(42, '裕华区', 3, NULL, NULL),
(43, '井陉县', 3, NULL, NULL),
(44, '正定县', 3, NULL, NULL),
(45, '栾城县', 3, NULL, NULL),
(46, '行唐县', 3, NULL, NULL),
(47, '灵寿县', 3, NULL, NULL),
(48, '高邑县', 3, NULL, NULL),
(49, '深泽县', 3, NULL, NULL),
(50, '赞皇县', 3, NULL, NULL),
(51, '无极县', 3, NULL, NULL),
(52, '平山县', 3, NULL, NULL),
(53, '元氏县', 3, NULL, NULL),
(54, '赵县', 3, NULL, NULL),
(55, '辛集市', 3, NULL, NULL),
(56, '藁城市', 3, NULL, NULL),
(57, '晋州市', 3, NULL, NULL),
(58, '新乐市', 3, NULL, NULL),
(59, '鹿泉市', 3, NULL, NULL),
(60, '路南区', 4, NULL, NULL),
(61, '路北区', 4, NULL, NULL),
(62, '古冶区', 4, NULL, NULL),
(63, '开平区', 4, NULL, NULL),
(64, '丰南区', 4, NULL, NULL),
(65, '丰润区', 4, NULL, NULL),
(66, '滦县', 4, NULL, NULL),
(67, '滦南县', 4, NULL, NULL),
(68, '乐亭县', 4, NULL, NULL),
(69, '迁西县', 4, NULL, NULL),
(70, '玉田县', 4, NULL, NULL),
(71, '唐海县', 4, NULL, NULL),
(72, '遵化市', 4, NULL, NULL),
(73, '迁安市', 4, NULL, NULL),
(74, '海港区', 5, NULL, NULL),
(75, '山海关区', 5, NULL, NULL),
(76, '北戴河区', 5, NULL, NULL),
(77, '青龙满族自治县', 5, NULL, NULL),
(78, '昌黎县', 5, NULL, NULL),
(79, '抚宁县', 5, NULL, NULL),
(80, '卢龙县', 5, NULL, NULL),
(81, '邯山区', 6, NULL, NULL),
(82, '丛台区', 6, NULL, NULL),
(83, '复兴区', 6, NULL, NULL),
(84, '峰峰矿区', 6, NULL, NULL),
(85, '邯郸县', 6, NULL, NULL),
(86, '临漳县', 6, NULL, NULL),
(87, '成安县', 6, NULL, NULL),
(88, '大名县', 6, NULL, NULL),
(89, '涉县', 6, NULL, NULL),
(90, '磁县', 6, NULL, NULL),
(91, '肥乡县', 6, NULL, NULL),
(92, '永年县', 6, NULL, NULL),
(93, '邱县', 6, NULL, NULL),
(94, '鸡泽县', 6, NULL, NULL),
(95, '广平县', 6, NULL, NULL),
(96, '馆陶县', 6, NULL, NULL),
(97, '魏县', 6, NULL, NULL),
(98, '曲周县', 6, NULL, NULL),
(99, '武安市', 6, NULL, NULL),
(100, '桥东区', 7, NULL, NULL),
(101, '桥西区', 7, NULL, NULL),
(102, '邢台县', 7, NULL, NULL),
(103, '临城县', 7, NULL, NULL),
(104, '内丘县', 7, NULL, NULL),
(105, '柏乡县', 7, NULL, NULL),
(106, '隆尧县', 7, NULL, NULL),
(107, '任县', 7, NULL, NULL),
(108, '南和县', 7, NULL, NULL),
(109, '宁晋县', 7, NULL, NULL),
(110, '巨鹿县', 7, NULL, NULL),
(111, '新河县', 7, NULL, NULL),
(112, '广宗县', 7, NULL, NULL),
(113, '平乡县', 7, NULL, NULL),
(114, '威县', 7, NULL, NULL),
(115, '清河县', 7, NULL, NULL),
(116, '临西县', 7, NULL, NULL),
(117, '南宫市', 7, NULL, NULL),
(118, '沙河市', 7, NULL, NULL),
(119, '新市区', 8, NULL, NULL),
(120, '北市区', 8, NULL, NULL),
(121, '南市区', 8, NULL, NULL),
(122, '满城县', 8, NULL, NULL),
(123, '清苑县', 8, NULL, NULL),
(124, '涞水县', 8, NULL, NULL),
(125, '阜平县', 8, NULL, NULL),
(126, '徐水县', 8, NULL, NULL),
(127, '定兴县', 8, NULL, NULL),
(128, '唐县', 8, NULL, NULL),
(129, '高阳县', 8, NULL, NULL),
(130, '容城县', 8, NULL, NULL),
(131, '涞源县', 8, NULL, NULL),
(132, '望都县', 8, NULL, NULL),
(133, '安新县', 8, NULL, NULL),
(134, '易县', 8, NULL, NULL),
(135, '曲阳县', 8, NULL, NULL),
(136, '蠡县', 8, NULL, NULL),
(137, '顺平县', 8, NULL, NULL),
(138, '博野县', 8, NULL, NULL),
(139, '雄县', 8, NULL, NULL),
(140, '涿州市', 8, NULL, NULL),
(141, '定州市', 8, NULL, NULL),
(142, '安国市', 8, NULL, NULL),
(143, '高碑店市', 8, NULL, NULL),
(144, '桥东区', 9, NULL, NULL),
(145, '桥西区', 9, NULL, NULL),
(146, '宣化区', 9, NULL, NULL),
(147, '下花园区', 9, NULL, NULL),
(148, '宣化县', 9, NULL, NULL),
(149, '张北县', 9, NULL, NULL),
(150, '康保县', 9, NULL, NULL),
(151, '沽源县', 9, NULL, NULL),
(152, '尚义县', 9, NULL, NULL),
(153, '蔚县', 9, NULL, NULL),
(154, '阳原县', 9, NULL, NULL),
(155, '怀安县', 9, NULL, NULL),
(156, '万全县', 9, NULL, NULL),
(157, '怀来县', 9, NULL, NULL),
(158, '涿鹿县', 9, NULL, NULL),
(159, '赤城县', 9, NULL, NULL),
(160, '崇礼县', 9, NULL, NULL),
(161, '双桥区', 10, NULL, NULL),
(162, '双滦区', 10, NULL, NULL),
(163, '鹰手营子矿区', 10, NULL, NULL),
(164, '承德县', 10, NULL, NULL),
(165, '兴隆县', 10, NULL, NULL),
(166, '平泉县', 10, NULL, NULL),
(167, '滦平县', 10, NULL, NULL),
(168, '隆化县', 10, NULL, NULL),
(169, '丰宁满族自治县', 10, NULL, NULL),
(170, '宽城满族自治县', 10, NULL, NULL),
(171, '围场满族蒙古族自治县', 10, NULL, NULL),
(172, '新华区', 11, NULL, NULL),
(173, '运河区', 11, NULL, NULL),
(174, '沧县', 11, NULL, NULL),
(175, '青县', 11, NULL, NULL),
(176, '东光县', 11, NULL, NULL),
(177, '海兴县', 11, NULL, NULL),
(178, '盐山县', 11, NULL, NULL),
(179, '肃宁县', 11, NULL, NULL),
(180, '南皮县', 11, NULL, NULL),
(181, '吴桥县', 11, NULL, NULL),
(182, '献县', 11, NULL, NULL),
(183, '孟村回族自治县', 11, NULL, NULL),
(184, '泊头市', 11, NULL, NULL),
(185, '任丘市', 11, NULL, NULL),
(186, '黄骅市', 11, NULL, NULL),
(187, '河间市', 11, NULL, NULL),
(188, '安次区', 12, NULL, NULL),
(189, '广阳区', 12, NULL, NULL),
(190, '固安县', 12, NULL, NULL),
(191, '永清县', 12, NULL, NULL),
(192, '香河县', 12, NULL, NULL),
(193, '大城县', 12, NULL, NULL),
(194, '文安县', 12, NULL, NULL),
(195, '大厂回族自治县', 12, NULL, NULL),
(196, '霸州市', 12, NULL, NULL),
(197, '三河市', 12, NULL, NULL),
(198, '桃城区', 13, NULL, NULL),
(199, '枣强县', 13, NULL, NULL),
(200, '武邑县', 13, NULL, NULL),
(201, '武强县', 13, NULL, NULL),
(202, '饶阳县', 13, NULL, NULL),
(203, '安平县', 13, NULL, NULL),
(204, '故城县', 13, NULL, NULL),
(205, '景县', 13, NULL, NULL),
(206, '阜城县', 13, NULL, NULL),
(207, '冀州市', 13, NULL, NULL),
(208, '深州市', 13, NULL, NULL),
(209, '小店区', 14, NULL, NULL),
(210, '迎泽区', 14, NULL, NULL),
(211, '杏花岭区', 14, NULL, NULL),
(212, '尖草坪区', 14, NULL, NULL),
(213, '万柏林区', 14, NULL, NULL),
(214, '晋源区', 14, NULL, NULL),
(215, '清徐县', 14, NULL, NULL),
(216, '阳曲县', 14, NULL, NULL),
(217, '娄烦县', 14, NULL, NULL),
(218, '古交市', 14, NULL, NULL),
(219, '城区', 15, NULL, NULL),
(220, '矿区', 15, NULL, NULL),
(221, '南郊区', 15, NULL, NULL),
(222, '新荣区', 15, NULL, NULL),
(223, '阳高县', 15, NULL, NULL),
(224, '天镇县', 15, NULL, NULL),
(225, '广灵县', 15, NULL, NULL),
(226, '灵丘县', 15, NULL, NULL),
(227, '浑源县', 15, NULL, NULL),
(228, '左云县', 15, NULL, NULL),
(229, '大同县', 15, NULL, NULL),
(230, '城区', 16, NULL, NULL),
(231, '矿区', 16, NULL, NULL),
(232, '郊区', 16, NULL, NULL),
(233, '平定县', 16, NULL, NULL),
(234, '盂县', 16, NULL, NULL),
(235, '城区', 17, NULL, NULL),
(236, '郊区', 17, NULL, NULL),
(237, '长治县', 17, NULL, NULL),
(238, '襄垣县', 17, NULL, NULL),
(239, '屯留县', 17, NULL, NULL),
(240, '平顺县', 17, NULL, NULL),
(241, '黎城县', 17, NULL, NULL),
(242, '壶关县', 17, NULL, NULL),
(243, '长子县', 17, NULL, NULL),
(244, '武乡县', 17, NULL, NULL),
(245, '沁县', 17, NULL, NULL),
(246, '沁源县', 17, NULL, NULL),
(247, '潞城市', 17, NULL, NULL),
(248, '城区', 18, NULL, NULL),
(249, '沁水县', 18, NULL, NULL),
(250, '阳城县', 18, NULL, NULL),
(251, '陵川县', 18, NULL, NULL),
(252, '泽州县', 18, NULL, NULL),
(253, '高平市', 18, NULL, NULL),
(254, '朔城区', 19, NULL, NULL),
(255, '平鲁区', 19, NULL, NULL),
(256, '山阴县', 19, NULL, NULL),
(257, '应县', 19, NULL, NULL),
(258, '右玉县', 19, NULL, NULL),
(259, '怀仁县', 19, NULL, NULL),
(260, '榆次区', 20, NULL, NULL),
(261, '榆社县', 20, NULL, NULL),
(262, '左权县', 20, NULL, NULL),
(263, '和顺县', 20, NULL, NULL),
(264, '昔阳县', 20, NULL, NULL),
(265, '寿阳县', 20, NULL, NULL),
(266, '太谷县', 20, NULL, NULL),
(267, '祁县', 20, NULL, NULL),
(268, '平遥县', 20, NULL, NULL),
(269, '灵石县', 20, NULL, NULL),
(270, '介休市', 20, NULL, NULL),
(271, '盐湖区', 21, NULL, NULL),
(272, '临猗县', 21, NULL, NULL),
(273, '万荣县', 21, NULL, NULL),
(274, '闻喜县', 21, NULL, NULL),
(275, '稷山县', 21, NULL, NULL),
(276, '新绛县', 21, NULL, NULL),
(277, '绛县', 21, NULL, NULL),
(278, '垣曲县', 21, NULL, NULL),
(279, '夏县', 21, NULL, NULL),
(280, '平陆县', 21, NULL, NULL),
(281, '芮城县', 21, NULL, NULL),
(282, '永济市', 21, NULL, NULL),
(283, '河津市', 21, NULL, NULL),
(284, '忻府区', 22, NULL, NULL),
(285, '定襄县', 22, NULL, NULL),
(286, '五台县', 22, NULL, NULL),
(287, '代县', 22, NULL, NULL),
(288, '繁峙县', 22, NULL, NULL),
(289, '宁武县', 22, NULL, NULL),
(290, '静乐县', 22, NULL, NULL),
(291, '神池县', 22, NULL, NULL),
(292, '五寨县', 22, NULL, NULL),
(293, '岢岚县', 22, NULL, NULL),
(294, '河曲县', 22, NULL, NULL),
(295, '保德县', 22, NULL, NULL),
(296, '偏关县', 22, NULL, NULL),
(297, '原平市', 22, NULL, NULL),
(298, '尧都区', 23, NULL, NULL),
(299, '曲沃县', 23, NULL, NULL),
(300, '翼城县', 23, NULL, NULL),
(301, '襄汾县', 23, NULL, NULL),
(302, '洪洞县', 23, NULL, NULL),
(303, '古县', 23, NULL, NULL),
(304, '安泽县', 23, NULL, NULL),
(305, '浮山县', 23, NULL, NULL),
(306, '吉县', 23, NULL, NULL),
(307, '乡宁县', 23, NULL, NULL),
(308, '大宁县', 23, NULL, NULL),
(309, '隰县', 23, NULL, NULL),
(310, '永和县', 23, NULL, NULL),
(311, '蒲县', 23, NULL, NULL),
(312, '汾西县', 23, NULL, NULL),
(313, '侯马市', 23, NULL, NULL),
(314, '霍州市', 23, NULL, NULL),
(315, '离石区', 24, NULL, NULL),
(316, '文水县', 24, NULL, NULL),
(317, '交城县', 24, NULL, NULL),
(318, '兴县', 24, NULL, NULL),
(319, '临县', 24, NULL, NULL),
(320, '柳林县', 24, NULL, NULL),
(321, '石楼县', 24, NULL, NULL),
(322, '岚县', 24, NULL, NULL),
(323, '方山县', 24, NULL, NULL),
(324, '中阳县', 24, NULL, NULL),
(325, '交口县', 24, NULL, NULL),
(326, '孝义市', 24, NULL, NULL),
(327, '汾阳市', 24, NULL, NULL),
(328, '新城区', 25, NULL, NULL),
(329, '回民区', 25, NULL, NULL),
(330, '玉泉区', 25, NULL, NULL),
(331, '赛罕区', 25, NULL, NULL),
(332, '土默特左旗', 25, NULL, NULL),
(333, '托克托县', 25, NULL, NULL),
(334, '和林格尔县', 25, NULL, NULL),
(335, '清水河县', 25, NULL, NULL),
(336, '武川县', 25, NULL, NULL),
(337, '东河区', 26, NULL, NULL),
(338, '昆都仑区', 26, NULL, NULL),
(339, '青山区', 26, NULL, NULL),
(340, '石拐区', 26, NULL, NULL),
(341, '白云矿区', 26, NULL, NULL),
(342, '九原区', 26, NULL, NULL),
(343, '土默特右旗', 26, NULL, NULL),
(344, '固阳县', 26, NULL, NULL),
(345, '达尔罕茂明安联合旗', 26, NULL, NULL),
(346, '海勃湾区', 27, NULL, NULL),
(347, '海南区', 27, NULL, NULL),
(348, '乌达区', 27, NULL, NULL),
(349, '红山区', 28, NULL, NULL),
(350, '元宝山区', 28, NULL, NULL),
(351, '松山区', 28, NULL, NULL),
(352, '阿鲁科尔沁旗', 28, NULL, NULL),
(353, '巴林左旗', 28, NULL, NULL),
(354, '巴林右旗', 28, NULL, NULL),
(355, '林西县', 28, NULL, NULL),
(356, '克什克腾旗', 28, NULL, NULL),
(357, '翁牛特旗', 28, NULL, NULL),
(358, '喀喇沁旗', 28, NULL, NULL),
(359, '宁城县', 28, NULL, NULL),
(360, '敖汉旗', 28, NULL, NULL),
(361, '科尔沁区', 29, NULL, NULL),
(362, '科尔沁左翼中旗', 29, NULL, NULL),
(363, '科尔沁左翼后旗', 29, NULL, NULL),
(364, '开鲁县', 29, NULL, NULL),
(365, '库伦旗', 29, NULL, NULL),
(366, '奈曼旗', 29, NULL, NULL),
(367, '扎鲁特旗', 29, NULL, NULL),
(368, '霍林郭勒市', 29, NULL, NULL),
(369, '东胜区', 30, NULL, NULL),
(370, '达拉特旗', 30, NULL, NULL),
(371, '准格尔旗', 30, NULL, NULL),
(372, '鄂托克前旗', 30, NULL, NULL),
(373, '鄂托克旗', 30, NULL, NULL),
(374, '杭锦旗', 30, NULL, NULL),
(375, '乌审旗', 30, NULL, NULL),
(376, '伊金霍洛旗', 30, NULL, NULL),
(377, '海拉尔区', 31, NULL, NULL),
(378, '阿荣旗', 31, NULL, NULL),
(379, '莫力达瓦达斡尔族自治旗', 31, NULL, NULL),
(380, '鄂伦春自治旗', 31, NULL, NULL),
(381, '鄂温克族自治旗', 31, NULL, NULL),
(382, '陈巴尔虎旗', 31, NULL, NULL),
(383, '新巴尔虎左旗', 31, NULL, NULL),
(384, '新巴尔虎右旗', 31, NULL, NULL),
(385, '满洲里市', 31, NULL, NULL),
(386, '牙克石市', 31, NULL, NULL),
(387, '扎兰屯市', 31, NULL, NULL),
(388, '额尔古纳市', 31, NULL, NULL),
(389, '根河市', 31, NULL, NULL),
(390, '临河区', 32, NULL, NULL),
(391, '五原县', 32, NULL, NULL),
(392, '磴口县', 32, NULL, NULL),
(393, '乌拉特前旗', 32, NULL, NULL),
(394, '乌拉特中旗', 32, NULL, NULL),
(395, '乌拉特后旗', 32, NULL, NULL),
(396, '杭锦后旗', 32, NULL, NULL),
(397, '集宁区', 33, NULL, NULL),
(398, '卓资县', 33, NULL, NULL),
(399, '化德县', 33, NULL, NULL),
(400, '商都县', 33, NULL, NULL),
(401, '兴和县', 33, NULL, NULL),
(402, '凉城县', 33, NULL, NULL),
(403, '察哈尔右翼前旗', 33, NULL, NULL),
(404, '察哈尔右翼中旗', 33, NULL, NULL),
(405, '察哈尔右翼后旗', 33, NULL, NULL),
(406, '四子王旗', 33, NULL, NULL),
(407, '丰镇市', 33, NULL, NULL),
(408, '乌兰浩特市', 34, NULL, NULL),
(409, '阿尔山市', 34, NULL, NULL),
(410, '科尔沁右翼前旗', 34, NULL, NULL),
(411, '科尔沁右翼中旗', 34, NULL, NULL),
(412, '扎赉特旗', 34, NULL, NULL),
(413, '突泉县', 34, NULL, NULL),
(414, '二连浩特市', 35, NULL, NULL),
(415, '锡林浩特市', 35, NULL, NULL),
(416, '阿巴嘎旗', 35, NULL, NULL),
(417, '苏尼特左旗', 35, NULL, NULL),
(418, '苏尼特右旗', 35, NULL, NULL),
(419, '东乌珠穆沁旗', 35, NULL, NULL),
(420, '西乌珠穆沁旗', 35, NULL, NULL),
(421, '太仆寺旗', 35, NULL, NULL),
(422, '镶黄旗', 35, NULL, NULL),
(423, '正镶白旗', 35, NULL, NULL),
(424, '正蓝旗', 35, NULL, NULL),
(425, '多伦县', 35, NULL, NULL),
(426, '阿拉善左旗', 36, NULL, NULL),
(427, '阿拉善右旗', 36, NULL, NULL),
(428, '额济纳旗', 36, NULL, NULL),
(429, '和平区', 37, NULL, NULL),
(430, '沈河区', 37, NULL, NULL),
(431, '大东区', 37, NULL, NULL),
(432, '皇姑区', 37, NULL, NULL),
(433, '铁西区', 37, NULL, NULL),
(434, '苏家屯区', 37, NULL, NULL),
(435, '东陵区', 37, NULL, NULL),
(436, '新城子区', 37, NULL, NULL),
(437, '于洪区', 37, NULL, NULL),
(438, '辽中县', 37, NULL, NULL),
(439, '康平县', 37, NULL, NULL),
(440, '法库县', 37, NULL, NULL),
(441, '新民市', 37, NULL, NULL),
(442, '中山区', 38, NULL, NULL),
(443, '西岗区', 38, NULL, NULL),
(444, '沙河口区', 38, NULL, NULL),
(445, '甘井子区', 38, NULL, NULL),
(446, '旅顺口区', 38, NULL, NULL),
(447, '金州区', 38, NULL, NULL),
(448, '长海县', 38, NULL, NULL),
(449, '瓦房店市', 38, NULL, NULL),
(450, '普兰店市', 38, NULL, NULL),
(451, '庄河市', 38, NULL, NULL),
(452, '铁东区', 39, NULL, NULL),
(453, '铁西区', 39, NULL, NULL),
(454, '立山区', 39, NULL, NULL),
(455, '千山区', 39, NULL, NULL),
(456, '台安县', 39, NULL, NULL),
(457, '岫岩满族自治县', 39, NULL, NULL),
(458, '海城市', 39, NULL, NULL),
(459, '新抚区', 40, NULL, NULL),
(460, '东洲区', 40, NULL, NULL),
(461, '望花区', 40, NULL, NULL),
(462, '顺城区', 40, NULL, NULL),
(463, '抚顺县', 40, NULL, NULL),
(464, '新宾满族自治县', 40, NULL, NULL),
(465, '清原满族自治县', 40, NULL, NULL),
(466, '平山区', 41, NULL, NULL),
(467, '溪湖区', 41, NULL, NULL),
(468, '明山区', 41, NULL, NULL),
(469, '南芬区', 41, NULL, NULL),
(470, '本溪满族自治县', 41, NULL, NULL),
(471, '桓仁满族自治县', 41, NULL, NULL),
(472, '元宝区', 42, NULL, NULL),
(473, '振兴区', 42, NULL, NULL),
(474, '振安区', 42, NULL, NULL),
(475, '宽甸满族自治县', 42, NULL, NULL),
(476, '东港市', 42, NULL, NULL),
(477, '凤城市', 42, NULL, NULL),
(478, '古塔区', 43, NULL, NULL),
(479, '凌河区', 43, NULL, NULL),
(480, '太和区', 43, NULL, NULL),
(481, '黑山县', 43, NULL, NULL),
(482, '义县', 43, NULL, NULL),
(483, '凌海市', 43, NULL, NULL),
(484, '北宁市', 43, NULL, NULL),
(485, '站前区', 44, NULL, NULL),
(486, '西市区', 44, NULL, NULL),
(487, '鲅鱼圈区', 44, NULL, NULL),
(488, '老边区', 44, NULL, NULL),
(489, '盖州市', 44, NULL, NULL),
(490, '大石桥市', 44, NULL, NULL),
(491, '海州区', 45, NULL, NULL),
(492, '新邱区', 45, NULL, NULL),
(493, '太平区', 45, NULL, NULL),
(494, '清河门区', 45, NULL, NULL),
(495, '细河区', 45, NULL, NULL),
(496, '阜新蒙古族自治县', 45, NULL, NULL),
(497, '彰武县', 45, NULL, NULL),
(498, '白塔区', 46, NULL, NULL),
(499, '文圣区', 46, NULL, NULL),
(500, '宏伟区', 46, NULL, NULL),
(501, '弓长岭区', 46, NULL, NULL),
(502, '太子河区', 46, NULL, NULL),
(503, '辽阳县', 46, NULL, NULL),
(504, '灯塔市', 46, NULL, NULL),
(505, '双台子区', 47, NULL, NULL),
(506, '兴隆台区', 47, NULL, NULL),
(507, '大洼县', 47, NULL, NULL),
(508, '盘山县', 47, NULL, NULL),
(509, '银州区', 48, NULL, NULL),
(510, '清河区', 48, NULL, NULL),
(511, '铁岭县', 48, NULL, NULL),
(512, '西丰县', 48, NULL, NULL),
(513, '昌图县', 48, NULL, NULL),
(514, '调兵山市', 48, NULL, NULL),
(515, '开原市', 48, NULL, NULL),
(516, '双塔区', 49, NULL, NULL),
(517, '龙城区', 49, NULL, NULL),
(518, '朝阳县', 49, NULL, NULL),
(519, '建平县', 49, NULL, NULL),
(520, '喀喇沁左翼蒙古族自治县', 49, NULL, NULL),
(521, '北票市', 49, NULL, NULL),
(522, '凌源市', 49, NULL, NULL),
(523, '连山区', 50, NULL, NULL),
(524, '龙港区', 50, NULL, NULL),
(525, '南票区', 50, NULL, NULL),
(526, '绥中县', 50, NULL, NULL),
(527, '建昌县', 50, NULL, NULL),
(528, '兴城市', 50, NULL, NULL),
(529, '南关区', 51, NULL, NULL),
(530, '宽城区', 51, NULL, NULL),
(531, '朝阳区', 51, NULL, NULL),
(532, '二道区', 51, NULL, NULL),
(533, '绿园区', 51, NULL, NULL),
(534, '双阳区', 51, NULL, NULL),
(535, '农安县', 51, NULL, NULL),
(536, '九台市', 51, NULL, NULL),
(537, '榆树市', 51, NULL, NULL),
(538, '德惠市', 51, NULL, NULL),
(539, '昌邑区', 52, NULL, NULL),
(540, '龙潭区', 52, NULL, NULL),
(541, '船营区', 52, NULL, NULL),
(542, '丰满区', 52, NULL, NULL),
(543, '永吉县', 52, NULL, NULL),
(544, '蛟河市', 52, NULL, NULL),
(545, '桦甸市', 52, NULL, NULL),
(546, '舒兰市', 52, NULL, NULL),
(547, '磐石市', 52, NULL, NULL),
(548, '铁西区', 53, NULL, NULL),
(549, '铁东区', 53, NULL, NULL),
(550, '梨树县', 53, NULL, NULL),
(551, '伊通满族自治县', 53, NULL, NULL),
(552, '公主岭市', 53, NULL, NULL),
(553, '双辽市', 53, NULL, NULL),
(554, '龙山区', 54, NULL, NULL),
(555, '西安区', 54, NULL, NULL),
(556, '东丰县', 54, NULL, NULL),
(557, '东辽县', 54, NULL, NULL),
(558, '东昌区', 55, NULL, NULL),
(559, '二道江区', 55, NULL, NULL),
(560, '通化县', 55, NULL, NULL),
(561, '辉南县', 55, NULL, NULL),
(562, '柳河县', 55, NULL, NULL),
(563, '梅河口市', 55, NULL, NULL),
(564, '集安市', 55, NULL, NULL),
(565, '八道江区', 56, NULL, NULL),
(566, '抚松县', 56, NULL, NULL),
(567, '靖宇县', 56, NULL, NULL),
(568, '长白朝鲜族自治县', 56, NULL, NULL),
(569, '江源县', 56, NULL, NULL),
(570, '临江市', 56, NULL, NULL),
(571, '宁江区', 57, NULL, NULL),
(572, '前郭尔罗斯蒙古族自治县', 57, NULL, NULL),
(573, '长岭县', 57, NULL, NULL),
(574, '乾安县', 57, NULL, NULL),
(575, '扶余县', 57, NULL, NULL),
(576, '洮北区', 58, NULL, NULL),
(577, '镇赉县', 58, NULL, NULL),
(578, '通榆县', 58, NULL, NULL),
(579, '洮南市', 58, NULL, NULL),
(580, '大安市', 58, NULL, NULL),
(581, '延吉市', 59, NULL, NULL),
(582, '图们市', 59, NULL, NULL),
(583, '敦化市', 59, NULL, NULL),
(584, '珲春市', 59, NULL, NULL),
(585, '龙井市', 59, NULL, NULL),
(586, '和龙市', 59, NULL, NULL),
(587, '汪清县', 59, NULL, NULL),
(588, '安图县', 59, NULL, NULL),
(589, '道里区', 60, NULL, NULL),
(590, '南岗区', 60, NULL, NULL),
(591, '道外区', 60, NULL, NULL),
(592, '香坊区', 60, NULL, NULL),
(593, '动力区', 60, NULL, NULL),
(594, '平房区', 60, NULL, NULL),
(595, '松北区', 60, NULL, NULL),
(596, '呼兰区', 60, NULL, NULL),
(597, '依兰县', 60, NULL, NULL),
(598, '方正县', 60, NULL, NULL),
(599, '宾县', 60, NULL, NULL),
(600, '巴彦县', 60, NULL, NULL),
(601, '木兰县', 60, NULL, NULL),
(602, '通河县', 60, NULL, NULL),
(603, '延寿县', 60, NULL, NULL),
(604, '阿城市', 60, NULL, NULL),
(605, '双城市', 60, NULL, NULL),
(606, '尚志市', 60, NULL, NULL),
(607, '五常市', 60, NULL, NULL),
(608, '龙沙区', 61, NULL, NULL),
(609, '建华区', 61, NULL, NULL),
(610, '铁锋区', 61, NULL, NULL),
(611, '昂昂溪区', 61, NULL, NULL),
(612, '富拉尔基区', 61, NULL, NULL),
(613, '碾子山区', 61, NULL, NULL),
(614, '梅里斯达斡尔族区', 61, NULL, NULL),
(615, '龙江县', 61, NULL, NULL),
(616, '依安县', 61, NULL, NULL),
(617, '泰来县', 61, NULL, NULL),
(618, '甘南县', 61, NULL, NULL),
(619, '富裕县', 61, NULL, NULL),
(620, '克山县', 61, NULL, NULL),
(621, '克东县', 61, NULL, NULL),
(622, '拜泉县', 61, NULL, NULL),
(623, '讷河市', 61, NULL, NULL),
(624, '鸡冠区', 62, NULL, NULL),
(625, '恒山区', 62, NULL, NULL),
(626, '滴道区', 62, NULL, NULL),
(627, '梨树区', 62, NULL, NULL),
(628, '城子河区', 62, NULL, NULL),
(629, '麻山区', 62, NULL, NULL),
(630, '鸡东县', 62, NULL, NULL),
(631, '虎林市', 62, NULL, NULL),
(632, '密山市', 62, NULL, NULL),
(633, '向阳区', 63, NULL, NULL),
(634, '工农区', 63, NULL, NULL),
(635, '南山区', 63, NULL, NULL),
(636, '兴安区', 63, NULL, NULL),
(637, '东山区', 63, NULL, NULL),
(638, '兴山区', 63, NULL, NULL),
(639, '萝北县', 63, NULL, NULL),
(640, '绥滨县', 63, NULL, NULL),
(641, '尖山区', 64, NULL, NULL),
(642, '岭东区', 64, NULL, NULL),
(643, '四方台区', 64, NULL, NULL),
(644, '宝山区', 64, NULL, NULL),
(645, '集贤县', 64, NULL, NULL),
(646, '友谊县', 64, NULL, NULL),
(647, '宝清县', 64, NULL, NULL),
(648, '饶河县', 64, NULL, NULL),
(649, '萨尔图区', 65, NULL, NULL),
(650, '龙凤区', 65, NULL, NULL),
(651, '让胡路区', 65, NULL, NULL),
(652, '红岗区', 65, NULL, NULL),
(653, '大同区', 65, NULL, NULL),
(654, '肇州县', 65, NULL, NULL),
(655, '肇源县', 65, NULL, NULL),
(656, '林甸县', 65, NULL, NULL),
(657, '杜尔伯特蒙古族自治县', 65, NULL, NULL),
(658, '伊春区', 66, NULL, NULL),
(659, '南岔区', 66, NULL, NULL),
(660, '友好区', 66, NULL, NULL),
(661, '西林区', 66, NULL, NULL),
(662, '翠峦区', 66, NULL, NULL),
(663, '新青区', 66, NULL, NULL),
(664, '美溪区', 66, NULL, NULL),
(665, '金山屯区', 66, NULL, NULL),
(666, '五营区', 66, NULL, NULL),
(667, '乌马河区', 66, NULL, NULL),
(668, '汤旺河区', 66, NULL, NULL),
(669, '带岭区', 66, NULL, NULL),
(670, '乌伊岭区', 66, NULL, NULL),
(671, '红星区', 66, NULL, NULL),
(672, '上甘岭区', 66, NULL, NULL),
(673, '嘉荫县', 66, NULL, NULL),
(674, '铁力市', 66, NULL, NULL),
(675, '永红区', 67, NULL, NULL),
(676, '向阳区', 67, NULL, NULL),
(677, '前进区', 67, NULL, NULL),
(678, '东风区', 67, NULL, NULL),
(679, '郊区', 67, NULL, NULL),
(680, '桦南县', 67, NULL, NULL),
(681, '桦川县', 67, NULL, NULL),
(682, '汤原县', 67, NULL, NULL),
(683, '抚远县', 67, NULL, NULL),
(684, '同江市', 67, NULL, NULL),
(685, '富锦市', 67, NULL, NULL),
(686, '新兴区', 68, NULL, NULL),
(687, '桃山区', 68, NULL, NULL),
(688, '茄子河区', 68, NULL, NULL),
(689, '勃利县', 68, NULL, NULL),
(690, '东安区', 69, NULL, NULL),
(691, '阳明区', 69, NULL, NULL),
(692, '爱民区', 69, NULL, NULL),
(693, '西安区', 69, NULL, NULL),
(694, '东宁县', 69, NULL, NULL),
(695, '林口县', 69, NULL, NULL),
(696, '绥芬河市', 69, NULL, NULL),
(697, '海林市', 69, NULL, NULL),
(698, '宁安市', 69, NULL, NULL),
(699, '穆棱市', 69, NULL, NULL),
(700, '爱辉区', 70, NULL, NULL),
(701, '嫩江县', 70, NULL, NULL),
(702, '逊克县', 70, NULL, NULL),
(703, '孙吴县', 70, NULL, NULL),
(704, '北安市', 70, NULL, NULL),
(705, '五大连池市', 70, NULL, NULL),
(706, '北林区', 71, NULL, NULL),
(707, '望奎县', 71, NULL, NULL),
(708, '兰西县', 71, NULL, NULL),
(709, '青冈县', 71, NULL, NULL),
(710, '庆安县', 71, NULL, NULL),
(711, '明水县', 71, NULL, NULL),
(712, '绥棱县', 71, NULL, NULL),
(713, '安达市', 71, NULL, NULL),
(714, '肇东市', 71, NULL, NULL),
(715, '海伦市', 71, NULL, NULL),
(716, '呼玛县', 72, NULL, NULL),
(717, '塔河县', 72, NULL, NULL),
(718, '漠河县', 72, NULL, NULL),
(719, '黄浦区', 73, NULL, NULL),
(720, '卢湾区', 73, NULL, NULL),
(721, '徐汇区', 73, NULL, NULL),
(722, '长宁区', 73, NULL, NULL),
(723, '静安区', 73, NULL, NULL),
(724, '普陀区', 73, NULL, NULL),
(725, '闸北区', 73, NULL, NULL),
(726, '虹口区', 73, NULL, NULL),
(727, '杨浦区', 73, NULL, NULL),
(728, '闵行区', 73, NULL, NULL),
(729, '宝山区', 73, NULL, NULL),
(730, '嘉定区', 73, NULL, NULL),
(731, '浦东新区', 73, NULL, NULL),
(732, '金山区', 73, NULL, NULL),
(733, '松江区', 73, NULL, NULL),
(734, '青浦区', 73, NULL, NULL),
(735, '南汇区', 73, NULL, NULL),
(736, '奉贤区', 73, NULL, NULL),
(737, '崇明县', 73, NULL, NULL),
(738, '玄武区', 74, NULL, NULL),
(739, '白下区', 74, NULL, NULL),
(740, '秦淮区', 74, NULL, NULL),
(741, '建邺区', 74, NULL, NULL),
(742, '鼓楼区', 74, NULL, NULL),
(743, '下关区', 74, NULL, NULL),
(744, '浦口区', 74, NULL, NULL),
(745, '栖霞区', 74, NULL, NULL),
(746, '雨花台区', 74, NULL, NULL),
(747, '江宁区', 74, NULL, NULL),
(748, '六合区', 74, NULL, NULL),
(749, '溧水县', 74, NULL, NULL),
(750, '高淳县', 74, NULL, NULL),
(751, '崇安区', 75, NULL, NULL),
(752, '南长区', 75, NULL, NULL),
(753, '北塘区', 75, NULL, NULL),
(754, '锡山区', 75, NULL, NULL),
(755, '惠山区', 75, NULL, NULL),
(756, '滨湖区', 75, NULL, NULL),
(757, '江阴市', 75, NULL, NULL),
(758, '宜兴市', 75, NULL, NULL),
(759, '鼓楼区', 76, NULL, NULL),
(760, '云龙区', 76, NULL, NULL),
(761, '九里区', 76, NULL, NULL),
(762, '贾汪区', 76, NULL, NULL),
(763, '泉山区', 76, NULL, NULL),
(764, '丰县', 76, NULL, NULL),
(765, '沛县', 76, NULL, NULL),
(766, '铜山县', 76, NULL, NULL),
(767, '睢宁县', 76, NULL, NULL),
(768, '新沂市', 76, NULL, NULL),
(769, '邳州市', 76, NULL, NULL),
(770, '天宁区', 77, NULL, NULL),
(771, '钟楼区', 77, NULL, NULL),
(772, '戚墅堰区', 77, NULL, NULL),
(773, '新北区', 77, NULL, NULL),
(774, '武进区', 77, NULL, NULL),
(775, '溧阳市', 77, NULL, NULL),
(776, '金坛市', 77, NULL, NULL),
(777, '沧浪区', 78, NULL, NULL),
(778, '平江区', 78, NULL, NULL),
(779, '金阊区', 78, NULL, NULL),
(780, '虎丘区', 78, NULL, NULL),
(781, '吴中区', 78, NULL, NULL),
(782, '相城区', 78, NULL, NULL),
(783, '常熟市', 78, NULL, NULL),
(784, '张家港市', 78, NULL, NULL),
(785, '昆山市', 78, NULL, NULL),
(786, '吴江市', 78, NULL, NULL),
(787, '太仓市', 78, NULL, NULL),
(788, '崇川区', 79, NULL, NULL),
(789, '港闸区', 79, NULL, NULL),
(790, '海安县', 79, NULL, NULL),
(791, '如东县', 79, NULL, NULL),
(792, '启东市', 79, NULL, NULL),
(793, '如皋市', 79, NULL, NULL),
(794, '通州市', 79, NULL, NULL),
(795, '海门市', 79, NULL, NULL),
(796, '连云区', 80, NULL, NULL),
(797, '新浦区', 80, NULL, NULL),
(798, '海州区', 80, NULL, NULL),
(799, '赣榆县', 80, NULL, NULL),
(800, '东海县', 80, NULL, NULL),
(801, '灌云县', 80, NULL, NULL),
(802, '灌南县', 80, NULL, NULL),
(803, '清河区', 81, NULL, NULL),
(804, '楚州区', 81, NULL, NULL),
(805, '淮阴区', 81, NULL, NULL),
(806, '清浦区', 81, NULL, NULL),
(807, '涟水县', 81, NULL, NULL),
(808, '洪泽县', 81, NULL, NULL),
(809, '盱眙县', 81, NULL, NULL),
(810, '金湖县', 81, NULL, NULL),
(811, '亭湖区', 82, NULL, NULL),
(812, '盐都区', 82, NULL, NULL),
(813, '响水县', 82, NULL, NULL),
(814, '滨海县', 82, NULL, NULL),
(815, '阜宁县', 82, NULL, NULL),
(816, '射阳县', 82, NULL, NULL),
(817, '建湖县', 82, NULL, NULL),
(818, '东台市', 82, NULL, NULL),
(819, '大丰市', 82, NULL, NULL),
(820, '广陵区', 83, NULL, NULL),
(821, '邗江区', 83, NULL, NULL),
(822, '维扬区', 83, NULL, NULL),
(823, '宝应县', 83, NULL, NULL),
(824, '仪征市', 83, NULL, NULL),
(825, '高邮市', 83, NULL, NULL),
(826, '江都市', 83, NULL, NULL),
(827, '京口区', 84, NULL, NULL),
(828, '润州区', 84, NULL, NULL),
(829, '丹徒区', 84, NULL, NULL),
(830, '丹阳市', 84, NULL, NULL),
(831, '扬中市', 84, NULL, NULL),
(832, '句容市', 84, NULL, NULL),
(833, '海陵区', 85, NULL, NULL),
(834, '高港区', 85, NULL, NULL),
(835, '兴化市', 85, NULL, NULL),
(836, '靖江市', 85, NULL, NULL),
(837, '泰兴市', 85, NULL, NULL),
(838, '姜堰市', 85, NULL, NULL),
(839, '宿城区', 86, NULL, NULL),
(840, '宿豫区', 86, NULL, NULL),
(841, '沭阳县', 86, NULL, NULL),
(842, '泗阳县', 86, NULL, NULL),
(843, '泗洪县', 86, NULL, NULL),
(844, '上城区', 87, NULL, NULL),
(845, '下城区', 87, NULL, NULL),
(846, '江干区', 87, NULL, NULL),
(847, '拱墅区', 87, NULL, NULL),
(848, '西湖区', 87, NULL, NULL),
(849, '滨江区', 87, NULL, NULL),
(850, '萧山区', 87, NULL, NULL),
(851, '余杭区', 87, NULL, NULL),
(852, '桐庐县', 87, NULL, NULL),
(853, '淳安县', 87, NULL, NULL),
(854, '建德市', 87, NULL, NULL),
(855, '富阳市', 87, NULL, NULL),
(856, '临安市', 87, NULL, NULL),
(857, '海曙区', 88, NULL, NULL),
(858, '江东区', 88, NULL, NULL),
(859, '江北区', 88, NULL, NULL),
(860, '北仑区', 88, NULL, NULL),
(861, '镇海区', 88, NULL, NULL),
(862, '鄞州区', 88, NULL, NULL),
(863, '象山县', 88, NULL, NULL),
(864, '宁海县', 88, NULL, NULL),
(865, '余姚市', 88, NULL, NULL),
(866, '慈溪市', 88, NULL, NULL),
(867, '奉化市', 88, NULL, NULL),
(868, '鹿城区', 89, NULL, NULL),
(869, '龙湾区', 89, NULL, NULL),
(870, '瓯海区', 89, NULL, NULL),
(871, '洞头县', 89, NULL, NULL),
(872, '永嘉县', 89, NULL, NULL),
(873, '平阳县', 89, NULL, NULL),
(874, '苍南县', 89, NULL, NULL),
(875, '文成县', 89, NULL, NULL),
(876, '泰顺县', 89, NULL, NULL),
(877, '瑞安市', 89, NULL, NULL),
(878, '乐清市', 89, NULL, NULL),
(879, '秀城区', 90, NULL, NULL),
(880, '秀洲区', 90, NULL, NULL),
(881, '嘉善县', 90, NULL, NULL),
(882, '海盐县', 90, NULL, NULL),
(883, '海宁市', 90, NULL, NULL),
(884, '平湖市', 90, NULL, NULL),
(885, '桐乡市', 90, NULL, NULL),
(886, '吴兴区', 91, NULL, NULL),
(887, '南浔区', 91, NULL, NULL),
(888, '德清县', 91, NULL, NULL),
(889, '长兴县', 91, NULL, NULL),
(890, '安吉县', 91, NULL, NULL),
(891, '越城区', 92, NULL, NULL),
(892, '绍兴县', 92, NULL, NULL),
(893, '新昌县', 92, NULL, NULL),
(894, '诸暨市', 92, NULL, NULL),
(895, '上虞市', 92, NULL, NULL),
(896, '嵊州市', 92, NULL, NULL),
(897, '婺城区', 93, NULL, NULL),
(898, '金东区', 93, NULL, NULL),
(899, '武义县', 93, NULL, NULL),
(900, '浦江县', 93, NULL, NULL),
(901, '磐安县', 93, NULL, NULL),
(902, '兰溪市', 93, NULL, NULL),
(903, '义乌市', 93, NULL, NULL),
(904, '东阳市', 93, NULL, NULL),
(905, '永康市', 93, NULL, NULL),
(906, '柯城区', 94, NULL, NULL),
(907, '衢江区', 94, NULL, NULL),
(908, '常山县', 94, NULL, NULL),
(909, '开化县', 94, NULL, NULL),
(910, '龙游县', 94, NULL, NULL),
(911, '江山市', 94, NULL, NULL),
(912, '定海区', 95, NULL, NULL),
(913, '普陀区', 95, NULL, NULL),
(914, '岱山县', 95, NULL, NULL),
(915, '嵊泗县', 95, NULL, NULL),
(916, '椒江区', 96, NULL, NULL),
(917, '黄岩区', 96, NULL, NULL),
(918, '路桥区', 96, NULL, NULL),
(919, '玉环县', 96, NULL, NULL),
(920, '三门县', 96, NULL, NULL),
(921, '天台县', 96, NULL, NULL),
(922, '仙居县', 96, NULL, NULL),
(923, '温岭市', 96, NULL, NULL),
(924, '临海市', 96, NULL, NULL),
(925, '莲都区', 97, NULL, NULL),
(926, '青田县', 97, NULL, NULL),
(927, '缙云县', 97, NULL, NULL),
(928, '遂昌县', 97, NULL, NULL),
(929, '松阳县', 97, NULL, NULL),
(930, '云和县', 97, NULL, NULL),
(931, '庆元县', 97, NULL, NULL),
(932, '景宁畲族自治县', 97, NULL, NULL),
(933, '龙泉市', 97, NULL, NULL),
(934, '瑶海区', 98, NULL, NULL),
(935, '庐阳区', 98, NULL, NULL),
(936, '蜀山区', 98, NULL, NULL),
(937, '包河区', 98, NULL, NULL),
(938, '长丰县', 98, NULL, NULL),
(939, '肥东县', 98, NULL, NULL),
(940, '肥西县', 98, NULL, NULL),
(941, '镜湖区', 99, NULL, NULL),
(942, '马塘区', 99, NULL, NULL),
(943, '新芜区', 99, NULL, NULL),
(944, '鸠江区', 99, NULL, NULL),
(945, '芜湖县', 99, NULL, NULL),
(946, '繁昌县', 99, NULL, NULL),
(947, '南陵县', 99, NULL, NULL),
(948, '龙子湖区', 100, NULL, NULL),
(949, '蚌山区', 100, NULL, NULL),
(950, '禹会区', 100, NULL, NULL),
(951, '淮上区', 100, NULL, NULL),
(952, '怀远县', 100, NULL, NULL),
(953, '五河县', 100, NULL, NULL),
(954, '固镇县', 100, NULL, NULL),
(955, '大通区', 101, NULL, NULL),
(956, '田家庵区', 101, NULL, NULL),
(957, '谢家集区', 101, NULL, NULL),
(958, '八公山区', 101, NULL, NULL),
(959, '潘集区', 101, NULL, NULL),
(960, '凤台县', 101, NULL, NULL),
(961, '金家庄区', 102, NULL, NULL),
(962, '花山区', 102, NULL, NULL),
(963, '雨山区', 102, NULL, NULL),
(964, '当涂县', 102, NULL, NULL),
(965, '杜集区', 103, NULL, NULL),
(966, '相山区', 103, NULL, NULL),
(967, '烈山区', 103, NULL, NULL),
(968, '濉溪县', 103, NULL, NULL),
(969, '铜官山区', 104, NULL, NULL),
(970, '狮子山区', 104, NULL, NULL),
(971, '郊区', 104, NULL, NULL),
(972, '铜陵县', 104, NULL, NULL),
(973, '迎江区', 105, NULL, NULL),
(974, '大观区', 105, NULL, NULL),
(975, '郊区', 105, NULL, NULL),
(976, '怀宁县', 105, NULL, NULL),
(977, '枞阳县', 105, NULL, NULL),
(978, '潜山县', 105, NULL, NULL),
(979, '太湖县', 105, NULL, NULL),
(980, '宿松县', 105, NULL, NULL),
(981, '望江县', 105, NULL, NULL),
(982, '岳西县', 105, NULL, NULL),
(983, '桐城市', 105, NULL, NULL),
(984, '屯溪区', 106, NULL, NULL),
(985, '黄山区', 106, NULL, NULL),
(986, '徽州区', 106, NULL, NULL),
(987, '歙县', 106, NULL, NULL),
(988, '休宁县', 106, NULL, NULL),
(989, '黟县', 106, NULL, NULL),
(990, '祁门县', 106, NULL, NULL),
(991, '琅琊区', 107, NULL, NULL),
(992, '南谯区', 107, NULL, NULL),
(993, '来安县', 107, NULL, NULL),
(994, '全椒县', 107, NULL, NULL),
(995, '定远县', 107, NULL, NULL),
(996, '凤阳县', 107, NULL, NULL),
(997, '天长市', 107, NULL, NULL),
(998, '明光市', 107, NULL, NULL),
(999, '颍州区', 108, NULL, NULL),
(1000, '颍东区', 108, NULL, NULL),
(1001, '颍泉区', 108, NULL, NULL),
(1002, '临泉县', 108, NULL, NULL),
(1003, '太和县', 108, NULL, NULL),
(1004, '阜南县', 108, NULL, NULL),
(1005, '颍上县', 108, NULL, NULL),
(1006, '界首市', 108, NULL, NULL),
(1007, '埇桥区', 109, NULL, NULL),
(1008, '砀山县', 109, NULL, NULL),
(1009, '萧县', 109, NULL, NULL),
(1010, '灵璧县', 109, NULL, NULL),
(1011, '泗县', 109, NULL, NULL),
(1012, '居巢区', 110, NULL, NULL),
(1013, '庐江县', 110, NULL, NULL),
(1014, '无为县', 110, NULL, NULL),
(1015, '含山县', 110, NULL, NULL),
(1016, '和县', 110, NULL, NULL),
(1017, '金安区', 111, NULL, NULL),
(1018, '裕安区', 111, NULL, NULL),
(1019, '寿县', 111, NULL, NULL),
(1020, '霍邱县', 111, NULL, NULL),
(1021, '舒城县', 111, NULL, NULL),
(1022, '金寨县', 111, NULL, NULL),
(1023, '霍山县', 111, NULL, NULL),
(1024, '谯城区', 112, NULL, NULL),
(1025, '涡阳县', 112, NULL, NULL),
(1026, '蒙城县', 112, NULL, NULL),
(1027, '利辛县', 112, NULL, NULL),
(1028, '贵池区', 113, NULL, NULL),
(1029, '东至县', 113, NULL, NULL),
(1030, '石台县', 113, NULL, NULL),
(1031, '青阳县', 113, NULL, NULL),
(1032, '宣州区', 114, NULL, NULL),
(1033, '郎溪县', 114, NULL, NULL),
(1034, '广德县', 114, NULL, NULL),
(1035, '泾县', 114, NULL, NULL),
(1036, '绩溪县', 114, NULL, NULL),
(1037, '旌德县', 114, NULL, NULL),
(1038, '宁国市', 114, NULL, NULL),
(1039, '鼓楼区', 115, NULL, NULL),
(1040, '台江区', 115, NULL, NULL),
(1041, '仓山区', 115, NULL, NULL),
(1042, '马尾区', 115, NULL, NULL),
(1043, '晋安区', 115, NULL, NULL),
(1044, '闽侯县', 115, NULL, NULL),
(1045, '连江县', 115, NULL, NULL),
(1046, '罗源县', 115, NULL, NULL),
(1047, '闽清县', 115, NULL, NULL),
(1048, '永泰县', 115, NULL, NULL),
(1049, '平潭县', 115, NULL, NULL),
(1050, '福清市', 115, NULL, NULL),
(1051, '长乐市', 115, NULL, NULL),
(1052, '思明区', 116, NULL, NULL),
(1053, '海沧区', 116, NULL, NULL),
(1054, '湖里区', 116, NULL, NULL),
(1055, '集美区', 116, NULL, NULL),
(1056, '同安区', 116, NULL, NULL),
(1057, '翔安区', 116, NULL, NULL),
(1058, '城厢区', 117, NULL, NULL),
(1059, '涵江区', 117, NULL, NULL),
(1060, '荔城区', 117, NULL, NULL),
(1061, '秀屿区', 117, NULL, NULL),
(1062, '仙游县', 117, NULL, NULL),
(1063, '梅列区', 118, NULL, NULL),
(1064, '三元区', 118, NULL, NULL),
(1065, '明溪县', 118, NULL, NULL),
(1066, '清流县', 118, NULL, NULL),
(1067, '宁化县', 118, NULL, NULL),
(1068, '大田县', 118, NULL, NULL),
(1069, '尤溪县', 118, NULL, NULL),
(1070, '沙县', 118, NULL, NULL),
(1071, '将乐县', 118, NULL, NULL),
(1072, '泰宁县', 118, NULL, NULL),
(1073, '建宁县', 118, NULL, NULL),
(1074, '永安市', 118, NULL, NULL),
(1075, '鲤城区', 119, NULL, NULL),
(1076, '丰泽区', 119, NULL, NULL),
(1077, '洛江区', 119, NULL, NULL),
(1078, '泉港区', 119, NULL, NULL),
(1079, '惠安县', 119, NULL, NULL),
(1080, '安溪县', 119, NULL, NULL),
(1081, '永春县', 119, NULL, NULL),
(1082, '德化县', 119, NULL, NULL),
(1083, '金门县', 119, NULL, NULL),
(1084, '石狮市', 119, NULL, NULL),
(1085, '晋江市', 119, NULL, NULL),
(1086, '南安市', 119, NULL, NULL),
(1087, '芗城区', 120, NULL, NULL),
(1088, '龙文区', 120, NULL, NULL),
(1089, '云霄县', 120, NULL, NULL),
(1090, '漳浦县', 120, NULL, NULL),
(1091, '诏安县', 120, NULL, NULL),
(1092, '长泰县', 120, NULL, NULL),
(1093, '东山县', 120, NULL, NULL),
(1094, '南靖县', 120, NULL, NULL),
(1095, '平和县', 120, NULL, NULL),
(1096, '华安县', 120, NULL, NULL),
(1097, '龙海市', 120, NULL, NULL),
(1098, '延平区', 121, NULL, NULL),
(1099, '顺昌县', 121, NULL, NULL),
(1100, '浦城县', 121, NULL, NULL),
(1101, '光泽县', 121, NULL, NULL),
(1102, '松溪县', 121, NULL, NULL),
(1103, '政和县', 121, NULL, NULL),
(1104, '邵武市', 121, NULL, NULL),
(1105, '武夷山市', 121, NULL, NULL),
(1106, '建瓯市', 121, NULL, NULL),
(1107, '建阳市', 121, NULL, NULL),
(1108, '新罗区', 122, NULL, NULL),
(1109, '长汀县', 122, NULL, NULL),
(1110, '永定县', 122, NULL, NULL),
(1111, '上杭县', 122, NULL, NULL),
(1112, '武平县', 122, NULL, NULL),
(1113, '连城县', 122, NULL, NULL),
(1114, '漳平市', 122, NULL, NULL),
(1115, '蕉城区', 123, NULL, NULL),
(1116, '霞浦县', 123, NULL, NULL),
(1117, '古田县', 123, NULL, NULL),
(1118, '屏南县', 123, NULL, NULL),
(1119, '寿宁县', 123, NULL, NULL),
(1120, '周宁县', 123, NULL, NULL),
(1121, '柘荣县', 123, NULL, NULL),
(1122, '福安市', 123, NULL, NULL),
(1123, '福鼎市', 123, NULL, NULL),
(1124, '东湖区', 124, NULL, NULL),
(1125, '西湖区', 124, NULL, NULL),
(1126, '青云谱区', 124, NULL, NULL),
(1127, '湾里区', 124, NULL, NULL),
(1128, '青山湖区', 124, NULL, NULL),
(1129, '南昌县', 124, NULL, NULL),
(1130, '新建县', 124, NULL, NULL),
(1131, '安义县', 124, NULL, NULL),
(1132, '进贤县', 124, NULL, NULL),
(1133, '昌江区', 125, NULL, NULL),
(1134, '珠山区', 125, NULL, NULL),
(1135, '浮梁县', 125, NULL, NULL),
(1136, '乐平市', 125, NULL, NULL),
(1137, '安源区', 126, NULL, NULL),
(1138, '湘东区', 126, NULL, NULL),
(1139, '莲花县', 126, NULL, NULL),
(1140, '上栗县', 126, NULL, NULL),
(1141, '芦溪县', 126, NULL, NULL),
(1142, '庐山区', 127, NULL, NULL),
(1143, '浔阳区', 127, NULL, NULL),
(1144, '九江县', 127, NULL, NULL),
(1145, '武宁县', 127, NULL, NULL),
(1146, '修水县', 127, NULL, NULL),
(1147, '永修县', 127, NULL, NULL),
(1148, '德安县', 127, NULL, NULL),
(1149, '星子县', 127, NULL, NULL),
(1150, '都昌县', 127, NULL, NULL),
(1151, '湖口县', 127, NULL, NULL),
(1152, '彭泽县', 127, NULL, NULL),
(1153, '瑞昌市', 127, NULL, NULL),
(1154, '渝水区', 128, NULL, NULL),
(1155, '分宜县', 128, NULL, NULL),
(1156, '月湖区', 129, NULL, NULL),
(1157, '余江县', 129, NULL, NULL),
(1158, '贵溪市', 129, NULL, NULL),
(1159, '章贡区', 130, NULL, NULL),
(1160, '赣县', 130, NULL, NULL),
(1161, '信丰县', 130, NULL, NULL),
(1162, '大余县', 130, NULL, NULL),
(1163, '上犹县', 130, NULL, NULL),
(1164, '崇义县', 130, NULL, NULL),
(1165, '安远县', 130, NULL, NULL),
(1166, '龙南县', 130, NULL, NULL),
(1167, '定南县', 130, NULL, NULL),
(1168, '全南县', 130, NULL, NULL),
(1169, '宁都县', 130, NULL, NULL),
(1170, '于都县', 130, NULL, NULL),
(1171, '兴国县', 130, NULL, NULL),
(1172, '会昌县', 130, NULL, NULL),
(1173, '寻乌县', 130, NULL, NULL),
(1174, '石城县', 130, NULL, NULL),
(1175, '瑞金市', 130, NULL, NULL),
(1176, '南康市', 130, NULL, NULL),
(1177, '吉州区', 131, NULL, NULL),
(1178, '青原区', 131, NULL, NULL),
(1179, '吉安县', 131, NULL, NULL),
(1180, '吉水县', 131, NULL, NULL),
(1181, '峡江县', 131, NULL, NULL),
(1182, '新干县', 131, NULL, NULL),
(1183, '永丰县', 131, NULL, NULL),
(1184, '泰和县', 131, NULL, NULL),
(1185, '遂川县', 131, NULL, NULL),
(1186, '万安县', 131, NULL, NULL),
(1187, '安福县', 131, NULL, NULL),
(1188, '永新县', 131, NULL, NULL),
(1189, '井冈山市', 131, NULL, NULL),
(1190, '袁州区', 132, NULL, NULL),
(1191, '奉新县', 132, NULL, NULL),
(1192, '万载县', 132, NULL, NULL),
(1193, '上高县', 132, NULL, NULL),
(1194, '宜丰县', 132, NULL, NULL),
(1195, '靖安县', 132, NULL, NULL),
(1196, '铜鼓县', 132, NULL, NULL),
(1197, '丰城市', 132, NULL, NULL),
(1198, '樟树市', 132, NULL, NULL),
(1199, '高安市', 132, NULL, NULL),
(1200, '临川区', 133, NULL, NULL),
(1201, '南城县', 133, NULL, NULL),
(1202, '黎川县', 133, NULL, NULL),
(1203, '南丰县', 133, NULL, NULL),
(1204, '崇仁县', 133, NULL, NULL),
(1205, '乐安县', 133, NULL, NULL),
(1206, '宜黄县', 133, NULL, NULL),
(1207, '金溪县', 133, NULL, NULL),
(1208, '资溪县', 133, NULL, NULL),
(1209, '东乡县', 133, NULL, NULL),
(1210, '广昌县', 133, NULL, NULL),
(1211, '信州区', 134, NULL, NULL),
(1212, '上饶县', 134, NULL, NULL),
(1213, '广丰县', 134, NULL, NULL),
(1214, '玉山县', 134, NULL, NULL),
(1215, '铅山县', 134, NULL, NULL),
(1216, '横峰县', 134, NULL, NULL),
(1217, '弋阳县', 134, NULL, NULL),
(1218, '余干县', 134, NULL, NULL),
(1219, '鄱阳县', 134, NULL, NULL),
(1220, '万年县', 134, NULL, NULL),
(1221, '婺源县', 134, NULL, NULL),
(1222, '德兴市', 134, NULL, NULL),
(1223, '历下区', 135, NULL, NULL),
(1224, '市中区', 135, NULL, NULL),
(1225, '槐荫区', 135, NULL, NULL),
(1226, '天桥区', 135, NULL, NULL),
(1227, '历城区', 135, NULL, NULL),
(1228, '长清区', 135, NULL, NULL),
(1229, '平阴县', 135, NULL, NULL),
(1230, '济阳县', 135, NULL, NULL),
(1231, '商河县', 135, NULL, NULL),
(1232, '章丘市', 135, NULL, NULL),
(1233, '市南区', 136, NULL, NULL),
(1234, '市北区', 136, NULL, NULL),
(1235, '四方区', 136, NULL, NULL),
(1236, '黄岛区', 136, NULL, NULL),
(1237, '崂山区', 136, NULL, NULL),
(1238, '李沧区', 136, NULL, NULL),
(1239, '城阳区', 136, NULL, NULL),
(1240, '胶州市', 136, NULL, NULL),
(1241, '即墨市', 136, NULL, NULL),
(1242, '平度市', 136, NULL, NULL),
(1243, '胶南市', 136, NULL, NULL),
(1244, '莱西市', 136, NULL, NULL),
(1245, '淄川区', 137, NULL, NULL),
(1246, '张店区', 137, NULL, NULL),
(1247, '博山区', 137, NULL, NULL),
(1248, '临淄区', 137, NULL, NULL),
(1249, '周村区', 137, NULL, NULL),
(1250, '桓台县', 137, NULL, NULL),
(1251, '高青县', 137, NULL, NULL),
(1252, '沂源县', 137, NULL, NULL),
(1253, '市中区', 138, NULL, NULL),
(1254, '薛城区', 138, NULL, NULL),
(1255, '峄城区', 138, NULL, NULL),
(1256, '台儿庄区', 138, NULL, NULL),
(1257, '山亭区', 138, NULL, NULL),
(1258, '滕州市', 138, NULL, NULL),
(1259, '东营区', 139, NULL, NULL),
(1260, '河口区', 139, NULL, NULL),
(1261, '垦利县', 139, NULL, NULL),
(1262, '利津县', 139, NULL, NULL),
(1263, '广饶县', 139, NULL, NULL),
(1264, '芝罘区', 140, NULL, NULL),
(1265, '福山区', 140, NULL, NULL),
(1266, '牟平区', 140, NULL, NULL),
(1267, '莱山区', 140, NULL, NULL),
(1268, '长岛县', 140, NULL, NULL),
(1269, '龙口市', 140, NULL, NULL),
(1270, '莱阳市', 140, NULL, NULL),
(1271, '莱州市', 140, NULL, NULL),
(1272, '蓬莱市', 140, NULL, NULL),
(1273, '招远市', 140, NULL, NULL),
(1274, '栖霞市', 140, NULL, NULL),
(1275, '海阳市', 140, NULL, NULL),
(1276, '潍城区', 141, NULL, NULL),
(1277, '寒亭区', 141, NULL, NULL),
(1278, '坊子区', 141, NULL, NULL),
(1279, '奎文区', 141, NULL, NULL),
(1280, '临朐县', 141, NULL, NULL),
(1281, '昌乐县', 141, NULL, NULL),
(1282, '青州市', 141, NULL, NULL),
(1283, '诸城市', 141, NULL, NULL),
(1284, '寿光市', 141, NULL, NULL),
(1285, '安丘市', 141, NULL, NULL),
(1286, '高密市', 141, NULL, NULL),
(1287, '昌邑市', 141, NULL, NULL),
(1288, '市中区', 142, NULL, NULL),
(1289, '任城区', 142, NULL, NULL),
(1290, '微山县', 142, NULL, NULL),
(1291, '鱼台县', 142, NULL, NULL),
(1292, '金乡县', 142, NULL, NULL),
(1293, '嘉祥县', 142, NULL, NULL),
(1294, '汶上县', 142, NULL, NULL),
(1295, '泗水县', 142, NULL, NULL),
(1296, '梁山县', 142, NULL, NULL),
(1297, '曲阜市', 142, NULL, NULL),
(1298, '兖州市', 142, NULL, NULL),
(1299, '邹城市', 142, NULL, NULL),
(1300, '泰山区', 143, NULL, NULL),
(1301, '岱岳区', 143, NULL, NULL),
(1302, '宁阳县', 143, NULL, NULL),
(1303, '东平县', 143, NULL, NULL),
(1304, '新泰市', 143, NULL, NULL),
(1305, '肥城市', 143, NULL, NULL),
(1306, '环翠区', 144, NULL, NULL),
(1307, '文登市', 144, NULL, NULL),
(1308, '荣成市', 144, NULL, NULL),
(1309, '乳山市', 144, NULL, NULL),
(1310, '东港区', 145, NULL, NULL),
(1311, '岚山区', 145, NULL, NULL),
(1312, '五莲县', 145, NULL, NULL),
(1313, '莒县', 145, NULL, NULL),
(1314, '莱城区', 146, NULL, NULL),
(1315, '钢城区', 146, NULL, NULL),
(1316, '兰山区', 147, NULL, NULL),
(1317, '罗庄区', 147, NULL, NULL),
(1318, '河东区', 147, NULL, NULL),
(1319, '沂南县', 147, NULL, NULL),
(1320, '郯城县', 147, NULL, NULL),
(1321, '沂水县', 147, NULL, NULL),
(1322, '苍山县', 147, NULL, NULL),
(1323, '费县', 147, NULL, NULL),
(1324, '平邑县', 147, NULL, NULL),
(1325, '莒南县', 147, NULL, NULL),
(1326, '蒙阴县', 147, NULL, NULL),
(1327, '临沭县', 147, NULL, NULL),
(1328, '德城区', 148, NULL, NULL),
(1329, '陵县', 148, NULL, NULL),
(1330, '宁津县', 148, NULL, NULL),
(1331, '庆云县', 148, NULL, NULL),
(1332, '临邑县', 148, NULL, NULL),
(1333, '齐河县', 148, NULL, NULL),
(1334, '平原县', 148, NULL, NULL),
(1335, '夏津县', 148, NULL, NULL),
(1336, '武城县', 148, NULL, NULL),
(1337, '乐陵市', 148, NULL, NULL),
(1338, '禹城市', 148, NULL, NULL),
(1339, '东昌府区', 149, NULL, NULL),
(1340, '阳谷县', 149, NULL, NULL),
(1341, '莘县', 149, NULL, NULL),
(1342, '茌平县', 149, NULL, NULL),
(1343, '东阿县', 149, NULL, NULL),
(1344, '冠县', 149, NULL, NULL),
(1345, '高唐县', 149, NULL, NULL),
(1346, '临清市', 149, NULL, NULL),
(1347, '滨城区', 150, NULL, NULL),
(1348, '惠民县', 150, NULL, NULL),
(1349, '阳信县', 150, NULL, NULL),
(1350, '无棣县', 150, NULL, NULL),
(1351, '沾化县', 150, NULL, NULL),
(1352, '博兴县', 150, NULL, NULL),
(1353, '邹平县', 150, NULL, NULL),
(1354, '牡丹区', 151, NULL, NULL),
(1355, '曹县', 151, NULL, NULL),
(1356, '单县', 151, NULL, NULL),
(1357, '成武县', 151, NULL, NULL),
(1358, '巨野县', 151, NULL, NULL),
(1359, '郓城县', 151, NULL, NULL),
(1360, '鄄城县', 151, NULL, NULL),
(1361, '定陶县', 151, NULL, NULL),
(1362, '东明县', 151, NULL, NULL),
(1363, '中原区', 152, NULL, NULL),
(1364, '二七区', 152, NULL, NULL),
(1365, '管城回族区', 152, NULL, NULL),
(1366, '金水区', 152, NULL, NULL),
(1367, '上街区', 152, NULL, NULL),
(1368, '惠济区', 152, NULL, NULL),
(1369, '中牟县', 152, NULL, NULL),
(1370, '巩义市', 152, NULL, NULL),
(1371, '荥阳市', 152, NULL, NULL),
(1372, '新密市', 152, NULL, NULL),
(1373, '新郑市', 152, NULL, NULL),
(1374, '登封市', 152, NULL, NULL),
(1375, '龙亭区', 153, NULL, NULL),
(1376, '顺河回族区', 153, NULL, NULL),
(1377, '鼓楼区', 153, NULL, NULL),
(1378, '南关区', 153, NULL, NULL),
(1379, '郊区', 153, NULL, NULL),
(1380, '杞县', 153, NULL, NULL),
(1381, '通许县', 153, NULL, NULL),
(1382, '尉氏县', 153, NULL, NULL),
(1383, '开封县', 153, NULL, NULL),
(1384, '兰考县', 153, NULL, NULL),
(1385, '老城区', 154, NULL, NULL),
(1386, '西工区', 154, NULL, NULL),
(1387, '廛河回族区', 154, NULL, NULL),
(1388, '涧西区', 154, NULL, NULL),
(1389, '吉利区', 154, NULL, NULL),
(1390, '洛龙区', 154, NULL, NULL),
(1391, '孟津县', 154, NULL, NULL),
(1392, '新安县', 154, NULL, NULL),
(1393, '栾川县', 154, NULL, NULL),
(1394, '嵩县', 154, NULL, NULL),
(1395, '汝阳县', 154, NULL, NULL),
(1396, '宜阳县', 154, NULL, NULL),
(1397, '洛宁县', 154, NULL, NULL),
(1398, '伊川县', 154, NULL, NULL),
(1399, '偃师市', 154, NULL, NULL),
(1400, '新华区', 155, NULL, NULL),
(1401, '卫东区', 155, NULL, NULL),
(1402, '石龙区', 155, NULL, NULL),
(1403, '湛河区', 155, NULL, NULL),
(1404, '宝丰县', 155, NULL, NULL),
(1405, '叶县', 155, NULL, NULL),
(1406, '鲁山县', 155, NULL, NULL),
(1407, '郏县', 155, NULL, NULL),
(1408, '舞钢市', 155, NULL, NULL),
(1409, '汝州市', 155, NULL, NULL),
(1410, '文峰区', 156, NULL, NULL),
(1411, '北关区', 156, NULL, NULL),
(1412, '殷都区', 156, NULL, NULL),
(1413, '龙安区', 156, NULL, NULL),
(1414, '安阳县', 156, NULL, NULL),
(1415, '汤阴县', 156, NULL, NULL),
(1416, '滑县', 156, NULL, NULL),
(1417, '内黄县', 156, NULL, NULL),
(1418, '林州市', 156, NULL, NULL),
(1419, '鹤山区', 157, NULL, NULL),
(1420, '山城区', 157, NULL, NULL),
(1421, '淇滨区', 157, NULL, NULL),
(1422, '浚县', 157, NULL, NULL),
(1423, '淇县', 157, NULL, NULL),
(1424, '红旗区', 158, NULL, NULL),
(1425, '卫滨区', 158, NULL, NULL),
(1426, '凤泉区', 158, NULL, NULL),
(1427, '牧野区', 158, NULL, NULL),
(1428, '新乡县', 158, NULL, NULL);
INSERT INTO `s_district` (`DistrictID`, `DistrictName`, `CityID`, `DateCreated`, `DateUpdated`) VALUES
(1429, '获嘉县', 158, NULL, NULL),
(1430, '原阳县', 158, NULL, NULL),
(1431, '延津县', 158, NULL, NULL),
(1432, '封丘县', 158, NULL, NULL),
(1433, '长垣县', 158, NULL, NULL),
(1434, '卫辉市', 158, NULL, NULL),
(1435, '辉县市', 158, NULL, NULL),
(1436, '解放区', 159, NULL, NULL),
(1437, '中站区', 159, NULL, NULL),
(1438, '马村区', 159, NULL, NULL),
(1439, '山阳区', 159, NULL, NULL),
(1440, '修武县', 159, NULL, NULL),
(1441, '博爱县', 159, NULL, NULL),
(1442, '武陟县', 159, NULL, NULL),
(1443, '温县', 159, NULL, NULL),
(1444, '济源市', 159, NULL, NULL),
(1445, '沁阳市', 159, NULL, NULL),
(1446, '孟州市', 159, NULL, NULL),
(1447, '华龙区', 160, NULL, NULL),
(1448, '清丰县', 160, NULL, NULL),
(1449, '南乐县', 160, NULL, NULL),
(1450, '范县', 160, NULL, NULL),
(1451, '台前县', 160, NULL, NULL),
(1452, '濮阳县', 160, NULL, NULL),
(1453, '魏都区', 161, NULL, NULL),
(1454, '许昌县', 161, NULL, NULL),
(1455, '鄢陵县', 161, NULL, NULL),
(1456, '襄城县', 161, NULL, NULL),
(1457, '禹州市', 161, NULL, NULL),
(1458, '长葛市', 161, NULL, NULL),
(1459, '源汇区', 162, NULL, NULL),
(1460, '郾城区', 162, NULL, NULL),
(1461, '召陵区', 162, NULL, NULL),
(1462, '舞阳县', 162, NULL, NULL),
(1463, '临颍县', 162, NULL, NULL),
(1464, '市辖区', 163, NULL, NULL),
(1465, '湖滨区', 163, NULL, NULL),
(1466, '渑池县', 163, NULL, NULL),
(1467, '陕县', 163, NULL, NULL),
(1468, '卢氏县', 163, NULL, NULL),
(1469, '义马市', 163, NULL, NULL),
(1470, '灵宝市', 163, NULL, NULL),
(1471, '宛城区', 164, NULL, NULL),
(1472, '卧龙区', 164, NULL, NULL),
(1473, '南召县', 164, NULL, NULL),
(1474, '方城县', 164, NULL, NULL),
(1475, '西峡县', 164, NULL, NULL),
(1476, '镇平县', 164, NULL, NULL),
(1477, '内乡县', 164, NULL, NULL),
(1478, '淅川县', 164, NULL, NULL),
(1479, '社旗县', 164, NULL, NULL),
(1480, '唐河县', 164, NULL, NULL),
(1481, '新野县', 164, NULL, NULL),
(1482, '桐柏县', 164, NULL, NULL),
(1483, '邓州市', 164, NULL, NULL),
(1484, '梁园区', 165, NULL, NULL),
(1485, '睢阳区', 165, NULL, NULL),
(1486, '民权县', 165, NULL, NULL),
(1487, '睢县', 165, NULL, NULL),
(1488, '宁陵县', 165, NULL, NULL),
(1489, '柘城县', 165, NULL, NULL),
(1490, '虞城县', 165, NULL, NULL),
(1491, '夏邑县', 165, NULL, NULL),
(1492, '永城市', 165, NULL, NULL),
(1493, '浉河区', 166, NULL, NULL),
(1494, '平桥区', 166, NULL, NULL),
(1495, '罗山县', 166, NULL, NULL),
(1496, '光山县', 166, NULL, NULL),
(1497, '新县', 166, NULL, NULL),
(1498, '商城县', 166, NULL, NULL),
(1499, '固始县', 166, NULL, NULL),
(1500, '潢川县', 166, NULL, NULL),
(1501, '淮滨县', 166, NULL, NULL),
(1502, '息县', 166, NULL, NULL),
(1503, '川汇区', 167, NULL, NULL),
(1504, '扶沟县', 167, NULL, NULL),
(1505, '西华县', 167, NULL, NULL),
(1506, '商水县', 167, NULL, NULL),
(1507, '沈丘县', 167, NULL, NULL),
(1508, '郸城县', 167, NULL, NULL),
(1509, '淮阳县', 167, NULL, NULL),
(1510, '太康县', 167, NULL, NULL),
(1511, '鹿邑县', 167, NULL, NULL),
(1512, '项城市', 167, NULL, NULL),
(1513, '驿城区', 168, NULL, NULL),
(1514, '西平县', 168, NULL, NULL),
(1515, '上蔡县', 168, NULL, NULL),
(1516, '平舆县', 168, NULL, NULL),
(1517, '正阳县', 168, NULL, NULL),
(1518, '确山县', 168, NULL, NULL),
(1519, '泌阳县', 168, NULL, NULL),
(1520, '汝南县', 168, NULL, NULL),
(1521, '遂平县', 168, NULL, NULL),
(1522, '新蔡县', 168, NULL, NULL),
(1523, '江岸区', 169, NULL, NULL),
(1524, '江汉区', 169, NULL, NULL),
(1525, '硚口区', 169, NULL, NULL),
(1526, '汉阳区', 169, NULL, NULL),
(1527, '武昌区', 169, NULL, NULL),
(1528, '青山区', 169, NULL, NULL),
(1529, '洪山区', 169, NULL, NULL),
(1530, '东西湖区', 169, NULL, NULL),
(1531, '汉南区', 169, NULL, NULL),
(1532, '蔡甸区', 169, NULL, NULL),
(1533, '江夏区', 169, NULL, NULL),
(1534, '黄陂区', 169, NULL, NULL),
(1535, '新洲区', 169, NULL, NULL),
(1536, '黄石港区', 170, NULL, NULL),
(1537, '西塞山区', 170, NULL, NULL),
(1538, '下陆区', 170, NULL, NULL),
(1539, '铁山区', 170, NULL, NULL),
(1540, '阳新县', 170, NULL, NULL),
(1541, '大冶市', 170, NULL, NULL),
(1542, '茅箭区', 171, NULL, NULL),
(1543, '张湾区', 171, NULL, NULL),
(1544, '郧县', 171, NULL, NULL),
(1545, '郧西县', 171, NULL, NULL),
(1546, '竹山县', 171, NULL, NULL),
(1547, '竹溪县', 171, NULL, NULL),
(1548, '房县', 171, NULL, NULL),
(1549, '丹江口市', 171, NULL, NULL),
(1550, '西陵区', 172, NULL, NULL),
(1551, '伍家岗区', 172, NULL, NULL),
(1552, '点军区', 172, NULL, NULL),
(1553, '猇亭区', 172, NULL, NULL),
(1554, '夷陵区', 172, NULL, NULL),
(1555, '远安县', 172, NULL, NULL),
(1556, '兴山县', 172, NULL, NULL),
(1557, '秭归县', 172, NULL, NULL),
(1558, '长阳土家族自治县', 172, NULL, NULL),
(1559, '五峰土家族自治县', 172, NULL, NULL),
(1560, '宜都市', 172, NULL, NULL),
(1561, '当阳市', 172, NULL, NULL),
(1562, '枝江市', 172, NULL, NULL),
(1563, '襄城区', 173, NULL, NULL),
(1564, '樊城区', 173, NULL, NULL),
(1565, '襄阳区', 173, NULL, NULL),
(1566, '南漳县', 173, NULL, NULL),
(1567, '谷城县', 173, NULL, NULL),
(1568, '保康县', 173, NULL, NULL),
(1569, '老河口市', 173, NULL, NULL),
(1570, '枣阳市', 173, NULL, NULL),
(1571, '宜城市', 173, NULL, NULL),
(1572, '梁子湖区', 174, NULL, NULL),
(1573, '华容区', 174, NULL, NULL),
(1574, '鄂城区', 174, NULL, NULL),
(1575, '东宝区', 175, NULL, NULL),
(1576, '掇刀区', 175, NULL, NULL),
(1577, '京山县', 175, NULL, NULL),
(1578, '沙洋县', 175, NULL, NULL),
(1579, '钟祥市', 175, NULL, NULL),
(1580, '孝南区', 176, NULL, NULL),
(1581, '孝昌县', 176, NULL, NULL),
(1582, '大悟县', 176, NULL, NULL),
(1583, '云梦县', 176, NULL, NULL),
(1584, '应城市', 176, NULL, NULL),
(1585, '安陆市', 176, NULL, NULL),
(1586, '汉川市', 176, NULL, NULL),
(1587, '沙市区', 177, NULL, NULL),
(1588, '荆州区', 177, NULL, NULL),
(1589, '公安县', 177, NULL, NULL),
(1590, '监利县', 177, NULL, NULL),
(1591, '江陵县', 177, NULL, NULL),
(1592, '石首市', 177, NULL, NULL),
(1593, '洪湖市', 177, NULL, NULL),
(1594, '松滋市', 177, NULL, NULL),
(1595, '黄州区', 178, NULL, NULL),
(1596, '团风县', 178, NULL, NULL),
(1597, '红安县', 178, NULL, NULL),
(1598, '罗田县', 178, NULL, NULL),
(1599, '英山县', 178, NULL, NULL),
(1600, '浠水县', 178, NULL, NULL),
(1601, '蕲春县', 178, NULL, NULL),
(1602, '黄梅县', 178, NULL, NULL),
(1603, '麻城市', 178, NULL, NULL),
(1604, '武穴市', 178, NULL, NULL),
(1605, '咸安区', 179, NULL, NULL),
(1606, '嘉鱼县', 179, NULL, NULL),
(1607, '通城县', 179, NULL, NULL),
(1608, '崇阳县', 179, NULL, NULL),
(1609, '通山县', 179, NULL, NULL),
(1610, '赤壁市', 179, NULL, NULL),
(1611, '曾都区', 180, NULL, NULL),
(1612, '广水市', 180, NULL, NULL),
(1613, '恩施市', 181, NULL, NULL),
(1614, '利川市', 181, NULL, NULL),
(1615, '建始县', 181, NULL, NULL),
(1616, '巴东县', 181, NULL, NULL),
(1617, '宣恩县', 181, NULL, NULL),
(1618, '咸丰县', 181, NULL, NULL),
(1619, '来凤县', 181, NULL, NULL),
(1620, '鹤峰县', 181, NULL, NULL),
(1621, '仙桃市', 182, NULL, NULL),
(1622, '潜江市', 182, NULL, NULL),
(1623, '天门市', 182, NULL, NULL),
(1624, '神农架林区', 182, NULL, NULL),
(1625, '芙蓉区', 183, NULL, NULL),
(1626, '天心区', 183, NULL, NULL),
(1627, '岳麓区', 183, NULL, NULL),
(1628, '开福区', 183, NULL, NULL),
(1629, '雨花区', 183, NULL, NULL),
(1630, '长沙县', 183, NULL, NULL),
(1631, '望城县', 183, NULL, NULL),
(1632, '宁乡县', 183, NULL, NULL),
(1633, '浏阳市', 183, NULL, NULL),
(1634, '荷塘区', 184, NULL, NULL),
(1635, '芦淞区', 184, NULL, NULL),
(1636, '石峰区', 184, NULL, NULL),
(1637, '天元区', 184, NULL, NULL),
(1638, '株洲县', 184, NULL, NULL),
(1639, '攸县', 184, NULL, NULL),
(1640, '茶陵县', 184, NULL, NULL),
(1641, '炎陵县', 184, NULL, NULL),
(1642, '醴陵市', 184, NULL, NULL),
(1643, '雨湖区', 185, NULL, NULL),
(1644, '岳塘区', 185, NULL, NULL),
(1645, '湘潭县', 185, NULL, NULL),
(1646, '湘乡市', 185, NULL, NULL),
(1647, '韶山市', 185, NULL, NULL),
(1648, '珠晖区', 186, NULL, NULL),
(1649, '雁峰区', 186, NULL, NULL),
(1650, '石鼓区', 186, NULL, NULL),
(1651, '蒸湘区', 186, NULL, NULL),
(1652, '南岳区', 186, NULL, NULL),
(1653, '衡阳县', 186, NULL, NULL),
(1654, '衡南县', 186, NULL, NULL),
(1655, '衡山县', 186, NULL, NULL),
(1656, '衡东县', 186, NULL, NULL),
(1657, '祁东县', 186, NULL, NULL),
(1658, '耒阳市', 186, NULL, NULL),
(1659, '常宁市', 186, NULL, NULL),
(1660, '双清区', 187, NULL, NULL),
(1661, '大祥区', 187, NULL, NULL),
(1662, '北塔区', 187, NULL, NULL),
(1663, '邵东县', 187, NULL, NULL),
(1664, '新邵县', 187, NULL, NULL),
(1665, '邵阳县', 187, NULL, NULL),
(1666, '隆回县', 187, NULL, NULL),
(1667, '洞口县', 187, NULL, NULL),
(1668, '绥宁县', 187, NULL, NULL),
(1669, '新宁县', 187, NULL, NULL),
(1670, '城步苗族自治县', 187, NULL, NULL),
(1671, '武冈市', 187, NULL, NULL),
(1672, '岳阳楼区', 188, NULL, NULL),
(1673, '云溪区', 188, NULL, NULL),
(1674, '君山区', 188, NULL, NULL),
(1675, '岳阳县', 188, NULL, NULL),
(1676, '华容县', 188, NULL, NULL),
(1677, '湘阴县', 188, NULL, NULL),
(1678, '平江县', 188, NULL, NULL),
(1679, '汨罗市', 188, NULL, NULL),
(1680, '临湘市', 188, NULL, NULL),
(1681, '武陵区', 189, NULL, NULL),
(1682, '鼎城区', 189, NULL, NULL),
(1683, '安乡县', 189, NULL, NULL),
(1684, '汉寿县', 189, NULL, NULL),
(1685, '澧县', 189, NULL, NULL),
(1686, '临澧县', 189, NULL, NULL),
(1687, '桃源县', 189, NULL, NULL),
(1688, '石门县', 189, NULL, NULL),
(1689, '津市市', 189, NULL, NULL),
(1690, '永定区', 190, NULL, NULL),
(1691, '武陵源区', 190, NULL, NULL),
(1692, '慈利县', 190, NULL, NULL),
(1693, '桑植县', 190, NULL, NULL),
(1694, '资阳区', 191, NULL, NULL),
(1695, '赫山区', 191, NULL, NULL),
(1696, '南县', 191, NULL, NULL),
(1697, '桃江县', 191, NULL, NULL),
(1698, '安化县', 191, NULL, NULL),
(1699, '沅江市', 191, NULL, NULL),
(1700, '北湖区', 192, NULL, NULL),
(1701, '苏仙区', 192, NULL, NULL),
(1702, '桂阳县', 192, NULL, NULL),
(1703, '宜章县', 192, NULL, NULL),
(1704, '永兴县', 192, NULL, NULL),
(1705, '嘉禾县', 192, NULL, NULL),
(1706, '临武县', 192, NULL, NULL),
(1707, '汝城县', 192, NULL, NULL),
(1708, '桂东县', 192, NULL, NULL),
(1709, '安仁县', 192, NULL, NULL),
(1710, '资兴市', 192, NULL, NULL),
(1711, '芝山区', 193, NULL, NULL),
(1712, '冷水滩区', 193, NULL, NULL),
(1713, '祁阳县', 193, NULL, NULL),
(1714, '东安县', 193, NULL, NULL),
(1715, '双牌县', 193, NULL, NULL),
(1716, '道县', 193, NULL, NULL),
(1717, '江永县', 193, NULL, NULL),
(1718, '宁远县', 193, NULL, NULL),
(1719, '蓝山县', 193, NULL, NULL),
(1720, '新田县', 193, NULL, NULL),
(1721, '江华瑶族自治县', 193, NULL, NULL),
(1722, '鹤城区', 194, NULL, NULL),
(1723, '中方县', 194, NULL, NULL),
(1724, '沅陵县', 194, NULL, NULL),
(1725, '辰溪县', 194, NULL, NULL),
(1726, '溆浦县', 194, NULL, NULL),
(1727, '会同县', 194, NULL, NULL),
(1728, '麻阳苗族自治县', 194, NULL, NULL),
(1729, '新晃侗族自治县', 194, NULL, NULL),
(1730, '芷江侗族自治县', 194, NULL, NULL),
(1731, '靖州苗族侗族自治县', 194, NULL, NULL),
(1732, '通道侗族自治县', 194, NULL, NULL),
(1733, '洪江市', 194, NULL, NULL),
(1734, '娄星区', 195, NULL, NULL),
(1735, '双峰县', 195, NULL, NULL),
(1736, '新化县', 195, NULL, NULL),
(1737, '冷水江市', 195, NULL, NULL),
(1738, '涟源市', 195, NULL, NULL),
(1739, '吉首市', 196, NULL, NULL),
(1740, '泸溪县', 196, NULL, NULL),
(1741, '凤凰县', 196, NULL, NULL),
(1742, '花垣县', 196, NULL, NULL),
(1743, '保靖县', 196, NULL, NULL),
(1744, '古丈县', 196, NULL, NULL),
(1745, '永顺县', 196, NULL, NULL),
(1746, '龙山县', 196, NULL, NULL),
(1747, '东山区', 197, NULL, NULL),
(1748, '荔湾区', 197, NULL, NULL),
(1749, '越秀区', 197, NULL, NULL),
(1750, '海珠区', 197, NULL, NULL),
(1751, '天河区', 197, NULL, NULL),
(1752, '芳村区', 197, NULL, NULL),
(1753, '白云区', 197, NULL, NULL),
(1754, '黄埔区', 197, NULL, NULL),
(1755, '番禺区', 197, NULL, NULL),
(1756, '花都区', 197, NULL, NULL),
(1757, '增城市', 197, NULL, NULL),
(1758, '从化市', 197, NULL, NULL),
(1759, '武江区', 198, NULL, NULL),
(1760, '浈江区', 198, NULL, NULL),
(1761, '曲江区', 198, NULL, NULL),
(1762, '始兴县', 198, NULL, NULL),
(1763, '仁化县', 198, NULL, NULL),
(1764, '翁源县', 198, NULL, NULL),
(1765, '乳源瑶族自治县', 198, NULL, NULL),
(1766, '新丰县', 198, NULL, NULL),
(1767, '乐昌市', 198, NULL, NULL),
(1768, '南雄市', 198, NULL, NULL),
(1769, '罗湖区', 199, NULL, NULL),
(1770, '福田区', 199, NULL, NULL),
(1771, '南山区', 199, NULL, NULL),
(1772, '宝安区', 199, NULL, NULL),
(1773, '龙岗区', 199, NULL, NULL),
(1774, '盐田区', 199, NULL, NULL),
(1775, '香洲区', 200, NULL, NULL),
(1776, '斗门区', 200, NULL, NULL),
(1777, '金湾区', 200, NULL, NULL),
(1778, '龙湖区', 201, NULL, NULL),
(1779, '金平区', 201, NULL, NULL),
(1780, '濠江区', 201, NULL, NULL),
(1781, '潮阳区', 201, NULL, NULL),
(1782, '潮南区', 201, NULL, NULL),
(1783, '澄海区', 201, NULL, NULL),
(1784, '南澳县', 201, NULL, NULL),
(1785, '禅城区', 202, NULL, NULL),
(1786, '南海区', 202, NULL, NULL),
(1787, '顺德区', 202, NULL, NULL),
(1788, '三水区', 202, NULL, NULL),
(1789, '高明区', 202, NULL, NULL),
(1790, '蓬江区', 203, NULL, NULL),
(1791, '江海区', 203, NULL, NULL),
(1792, '新会区', 203, NULL, NULL),
(1793, '台山市', 203, NULL, NULL),
(1794, '开平市', 203, NULL, NULL),
(1795, '鹤山市', 203, NULL, NULL),
(1796, '恩平市', 203, NULL, NULL),
(1797, '赤坎区', 204, NULL, NULL),
(1798, '霞山区', 204, NULL, NULL),
(1799, '坡头区', 204, NULL, NULL),
(1800, '麻章区', 204, NULL, NULL),
(1801, '遂溪县', 204, NULL, NULL),
(1802, '徐闻县', 204, NULL, NULL),
(1803, '廉江市', 204, NULL, NULL),
(1804, '雷州市', 204, NULL, NULL),
(1805, '吴川市', 204, NULL, NULL),
(1806, '茂南区', 205, NULL, NULL),
(1807, '茂港区', 205, NULL, NULL),
(1808, '电白县', 205, NULL, NULL),
(1809, '高州市', 205, NULL, NULL),
(1810, '化州市', 205, NULL, NULL),
(1811, '信宜市', 205, NULL, NULL),
(1812, '端州区', 206, NULL, NULL),
(1813, '鼎湖区', 206, NULL, NULL),
(1814, '广宁县', 206, NULL, NULL),
(1815, '怀集县', 206, NULL, NULL),
(1816, '封开县', 206, NULL, NULL),
(1817, '德庆县', 206, NULL, NULL),
(1818, '高要市', 206, NULL, NULL),
(1819, '四会市', 206, NULL, NULL),
(1820, '惠城区', 207, NULL, NULL),
(1821, '惠阳区', 207, NULL, NULL),
(1822, '博罗县', 207, NULL, NULL),
(1823, '惠东县', 207, NULL, NULL),
(1824, '龙门县', 207, NULL, NULL),
(1825, '梅江区', 208, NULL, NULL),
(1826, '梅县', 208, NULL, NULL),
(1827, '大埔县', 208, NULL, NULL),
(1828, '丰顺县', 208, NULL, NULL),
(1829, '五华县', 208, NULL, NULL),
(1830, '平远县', 208, NULL, NULL),
(1831, '蕉岭县', 208, NULL, NULL),
(1832, '兴宁市', 208, NULL, NULL),
(1833, '城区', 209, NULL, NULL),
(1834, '海丰县', 209, NULL, NULL),
(1835, '陆河县', 209, NULL, NULL),
(1836, '陆丰市', 209, NULL, NULL),
(1837, '源城区', 210, NULL, NULL),
(1838, '紫金县', 210, NULL, NULL),
(1839, '龙川县', 210, NULL, NULL),
(1840, '连平县', 210, NULL, NULL),
(1841, '和平县', 210, NULL, NULL),
(1842, '东源县', 210, NULL, NULL),
(1843, '江城区', 211, NULL, NULL),
(1844, '阳西县', 211, NULL, NULL),
(1845, '阳东县', 211, NULL, NULL),
(1846, '阳春市', 211, NULL, NULL),
(1847, '清城区', 212, NULL, NULL),
(1848, '佛冈县', 212, NULL, NULL),
(1849, '阳山县', 212, NULL, NULL),
(1850, '连山壮族瑶族自治县', 212, NULL, NULL),
(1851, '连南瑶族自治县', 212, NULL, NULL),
(1852, '清新县', 212, NULL, NULL),
(1853, '英德市', 212, NULL, NULL),
(1854, '连州市', 212, NULL, NULL),
(1855, '湘桥区', 215, NULL, NULL),
(1856, '潮安县', 215, NULL, NULL),
(1857, '饶平县', 215, NULL, NULL),
(1858, '榕城区', 216, NULL, NULL),
(1859, '揭东县', 216, NULL, NULL),
(1860, '揭西县', 216, NULL, NULL),
(1861, '惠来县', 216, NULL, NULL),
(1862, '普宁市', 216, NULL, NULL),
(1863, '云城区', 217, NULL, NULL),
(1864, '新兴县', 217, NULL, NULL),
(1865, '郁南县', 217, NULL, NULL),
(1866, '云安县', 217, NULL, NULL),
(1867, '罗定市', 217, NULL, NULL),
(1868, '兴宁区', 218, NULL, NULL),
(1869, '青秀区', 218, NULL, NULL),
(1870, '江南区', 218, NULL, NULL),
(1871, '西乡塘区', 218, NULL, NULL),
(1872, '良庆区', 218, NULL, NULL),
(1873, '邕宁区', 218, NULL, NULL),
(1874, '武鸣县', 218, NULL, NULL),
(1875, '隆安县', 218, NULL, NULL),
(1876, '马山县', 218, NULL, NULL),
(1877, '上林县', 218, NULL, NULL),
(1878, '宾阳县', 218, NULL, NULL),
(1879, '横县', 218, NULL, NULL),
(1880, '城中区', 219, NULL, NULL),
(1881, '鱼峰区', 219, NULL, NULL),
(1882, '柳南区', 219, NULL, NULL),
(1883, '柳北区', 219, NULL, NULL),
(1884, '柳江县', 219, NULL, NULL),
(1885, '柳城县', 219, NULL, NULL),
(1886, '鹿寨县', 219, NULL, NULL),
(1887, '融安县', 219, NULL, NULL),
(1888, '融水苗族自治县', 219, NULL, NULL),
(1889, '三江侗族自治县', 219, NULL, NULL),
(1890, '秀峰区', 220, NULL, NULL),
(1891, '叠彩区', 220, NULL, NULL),
(1892, '象山区', 220, NULL, NULL),
(1893, '七星区', 220, NULL, NULL),
(1894, '雁山区', 220, NULL, NULL),
(1895, '阳朔县', 220, NULL, NULL),
(1896, '临桂县', 220, NULL, NULL),
(1897, '灵川县', 220, NULL, NULL),
(1898, '全州县', 220, NULL, NULL),
(1899, '兴安县', 220, NULL, NULL),
(1900, '永福县', 220, NULL, NULL),
(1901, '灌阳县', 220, NULL, NULL),
(1902, '龙胜各族自治县', 220, NULL, NULL),
(1903, '资源县', 220, NULL, NULL),
(1904, '平乐县', 220, NULL, NULL),
(1905, '荔蒲县', 220, NULL, NULL),
(1906, '恭城瑶族自治县', 220, NULL, NULL),
(1907, '万秀区', 221, NULL, NULL),
(1908, '蝶山区', 221, NULL, NULL),
(1909, '长洲区', 221, NULL, NULL),
(1910, '苍梧县', 221, NULL, NULL),
(1911, '藤县', 221, NULL, NULL),
(1912, '蒙山县', 221, NULL, NULL),
(1913, '岑溪市', 221, NULL, NULL),
(1914, '海城区', 222, NULL, NULL),
(1915, '银海区', 222, NULL, NULL),
(1916, '铁山港区', 222, NULL, NULL),
(1917, '合浦县', 222, NULL, NULL),
(1918, '港口区', 223, NULL, NULL),
(1919, '防城区', 223, NULL, NULL),
(1920, '上思县', 223, NULL, NULL),
(1921, '东兴市', 223, NULL, NULL),
(1922, '钦南区', 224, NULL, NULL),
(1923, '钦北区', 224, NULL, NULL),
(1924, '灵山县', 224, NULL, NULL),
(1925, '浦北县', 224, NULL, NULL),
(1926, '港北区', 225, NULL, NULL),
(1927, '港南区', 225, NULL, NULL),
(1928, '覃塘区', 225, NULL, NULL),
(1929, '平南县', 225, NULL, NULL),
(1930, '桂平市', 225, NULL, NULL),
(1931, '玉州区', 226, NULL, NULL),
(1932, '容县', 226, NULL, NULL),
(1933, '陆川县', 226, NULL, NULL),
(1934, '博白县', 226, NULL, NULL),
(1935, '兴业县', 226, NULL, NULL),
(1936, '北流市', 226, NULL, NULL),
(1937, '右江区', 227, NULL, NULL),
(1938, '田阳县', 227, NULL, NULL),
(1939, '田东县', 227, NULL, NULL),
(1940, '平果县', 227, NULL, NULL),
(1941, '德保县', 227, NULL, NULL),
(1942, '靖西县', 227, NULL, NULL),
(1943, '那坡县', 227, NULL, NULL),
(1944, '凌云县', 227, NULL, NULL),
(1945, '乐业县', 227, NULL, NULL),
(1946, '田林县', 227, NULL, NULL),
(1947, '西林县', 227, NULL, NULL),
(1948, '隆林各族自治县', 227, NULL, NULL),
(1949, '八步区', 228, NULL, NULL),
(1950, '昭平县', 228, NULL, NULL),
(1951, '钟山县', 228, NULL, NULL),
(1952, '富川瑶族自治县', 228, NULL, NULL),
(1953, '金城江区', 229, NULL, NULL),
(1954, '南丹县', 229, NULL, NULL),
(1955, '天峨县', 229, NULL, NULL),
(1956, '凤山县', 229, NULL, NULL),
(1957, '东兰县', 229, NULL, NULL),
(1958, '罗城仫佬族自治县', 229, NULL, NULL),
(1959, '环江毛南族自治县', 229, NULL, NULL),
(1960, '巴马瑶族自治县', 229, NULL, NULL),
(1961, '都安瑶族自治县', 229, NULL, NULL),
(1962, '大化瑶族自治县', 229, NULL, NULL),
(1963, '宜州市', 229, NULL, NULL),
(1964, '兴宾区', 230, NULL, NULL),
(1965, '忻城县', 230, NULL, NULL),
(1966, '象州县', 230, NULL, NULL),
(1967, '武宣县', 230, NULL, NULL),
(1968, '金秀瑶族自治县', 230, NULL, NULL),
(1969, '合山市', 230, NULL, NULL),
(1970, '江洲区', 231, NULL, NULL),
(1971, '扶绥县', 231, NULL, NULL),
(1972, '宁明县', 231, NULL, NULL),
(1973, '龙州县', 231, NULL, NULL),
(1974, '大新县', 231, NULL, NULL),
(1975, '天等县', 231, NULL, NULL),
(1976, '凭祥市', 231, NULL, NULL),
(1977, '秀英区', 232, NULL, NULL),
(1978, '龙华区', 232, NULL, NULL),
(1979, '琼山区', 232, NULL, NULL),
(1980, '美兰区', 232, NULL, NULL),
(1981, '五指山市', 233, NULL, NULL),
(1982, '琼海市', 233, NULL, NULL),
(1983, '儋州市', 233, NULL, NULL),
(1984, '文昌市', 233, NULL, NULL),
(1985, '万宁市', 233, NULL, NULL),
(1986, '东方市', 233, NULL, NULL),
(1987, '定安县', 233, NULL, NULL),
(1988, '屯昌县', 233, NULL, NULL),
(1989, '澄迈县', 233, NULL, NULL),
(1990, '临高县', 233, NULL, NULL),
(1991, '白沙黎族自治县', 233, NULL, NULL),
(1992, '昌江黎族自治县', 233, NULL, NULL),
(1993, '乐东黎族自治县', 233, NULL, NULL),
(1994, '陵水黎族自治县', 233, NULL, NULL),
(1995, '保亭黎族苗族自治县', 233, NULL, NULL),
(1996, '琼中黎族苗族自治县', 233, NULL, NULL),
(1997, '西沙群岛', 233, NULL, NULL),
(1998, '南沙群岛', 233, NULL, NULL),
(1999, '中沙群岛的岛礁及其海域', 233, NULL, NULL),
(2000, '万州区', 234, NULL, NULL),
(2001, '涪陵区', 234, NULL, NULL),
(2002, '渝中区', 234, NULL, NULL),
(2003, '大渡口区', 234, NULL, NULL),
(2004, '江北区', 234, NULL, NULL),
(2005, '沙坪坝区', 234, NULL, NULL),
(2006, '九龙坡区', 234, NULL, NULL),
(2007, '南岸区', 234, NULL, NULL),
(2008, '北碚区', 234, NULL, NULL),
(2009, '万盛区', 234, NULL, NULL),
(2010, '双桥区', 234, NULL, NULL),
(2011, '渝北区', 234, NULL, NULL),
(2012, '巴南区', 234, NULL, NULL),
(2013, '黔江区', 234, NULL, NULL),
(2014, '长寿区', 234, NULL, NULL),
(2015, '綦江县', 234, NULL, NULL),
(2016, '潼南县', 234, NULL, NULL),
(2017, '铜梁县', 234, NULL, NULL),
(2018, '大足县', 234, NULL, NULL),
(2019, '荣昌县', 234, NULL, NULL),
(2020, '璧山县', 234, NULL, NULL),
(2021, '梁平县', 234, NULL, NULL),
(2022, '城口县', 234, NULL, NULL),
(2023, '丰都县', 234, NULL, NULL),
(2024, '垫江县', 234, NULL, NULL),
(2025, '武隆县', 234, NULL, NULL),
(2026, '忠县', 234, NULL, NULL),
(2027, '开县', 234, NULL, NULL),
(2028, '云阳县', 234, NULL, NULL),
(2029, '奉节县', 234, NULL, NULL),
(2030, '巫山县', 234, NULL, NULL),
(2031, '巫溪县', 234, NULL, NULL),
(2032, '石柱土家族自治县', 234, NULL, NULL),
(2033, '秀山土家族苗族自治县', 234, NULL, NULL),
(2034, '酉阳土家族苗族自治县', 234, NULL, NULL),
(2035, '彭水苗族土家族自治县', 234, NULL, NULL),
(2036, '江津市', 234, NULL, NULL),
(2037, '合川市', 234, NULL, NULL),
(2038, '永川市', 234, NULL, NULL),
(2039, '南川市', 234, NULL, NULL),
(2040, '锦江区', 235, NULL, NULL),
(2041, '青羊区', 235, NULL, NULL),
(2042, '金牛区', 235, NULL, NULL),
(2043, '武侯区', 235, NULL, NULL),
(2044, '成华区', 235, NULL, NULL),
(2045, '龙泉驿区', 235, NULL, NULL),
(2046, '青白江区', 235, NULL, NULL),
(2047, '新都区', 235, NULL, NULL),
(2048, '温江区', 235, NULL, NULL),
(2049, '金堂县', 235, NULL, NULL),
(2050, '双流县', 235, NULL, NULL),
(2051, '郫县', 235, NULL, NULL),
(2052, '大邑县', 235, NULL, NULL),
(2053, '蒲江县', 235, NULL, NULL),
(2054, '新津县', 235, NULL, NULL),
(2055, '都江堰市', 235, NULL, NULL),
(2056, '彭州市', 235, NULL, NULL),
(2057, '邛崃市', 235, NULL, NULL),
(2058, '崇州市', 235, NULL, NULL),
(2059, '自流井区', 236, NULL, NULL),
(2060, '贡井区', 236, NULL, NULL),
(2061, '大安区', 236, NULL, NULL),
(2062, '沿滩区', 236, NULL, NULL),
(2063, '荣县', 236, NULL, NULL),
(2064, '富顺县', 236, NULL, NULL),
(2065, '东区', 237, NULL, NULL),
(2066, '西区', 237, NULL, NULL),
(2067, '仁和区', 237, NULL, NULL),
(2068, '米易县', 237, NULL, NULL),
(2069, '盐边县', 237, NULL, NULL),
(2070, '江阳区', 238, NULL, NULL),
(2071, '纳溪区', 238, NULL, NULL),
(2072, '龙马潭区', 238, NULL, NULL),
(2073, '泸县', 238, NULL, NULL),
(2074, '合江县', 238, NULL, NULL),
(2075, '叙永县', 238, NULL, NULL),
(2076, '古蔺县', 238, NULL, NULL),
(2077, '旌阳区', 239, NULL, NULL),
(2078, '中江县', 239, NULL, NULL),
(2079, '罗江县', 239, NULL, NULL),
(2080, '广汉市', 239, NULL, NULL),
(2081, '什邡市', 239, NULL, NULL),
(2082, '绵竹市', 239, NULL, NULL),
(2083, '涪城区', 240, NULL, NULL),
(2084, '游仙区', 240, NULL, NULL),
(2085, '三台县', 240, NULL, NULL),
(2086, '盐亭县', 240, NULL, NULL),
(2087, '安县', 240, NULL, NULL),
(2088, '梓潼县', 240, NULL, NULL),
(2089, '北川羌族自治县', 240, NULL, NULL),
(2090, '平武县', 240, NULL, NULL),
(2091, '江油市', 240, NULL, NULL),
(2092, '市中区', 241, NULL, NULL),
(2093, '元坝区', 241, NULL, NULL),
(2094, '朝天区', 241, NULL, NULL),
(2095, '旺苍县', 241, NULL, NULL),
(2096, '青川县', 241, NULL, NULL),
(2097, '剑阁县', 241, NULL, NULL),
(2098, '苍溪县', 241, NULL, NULL),
(2099, '船山区', 242, NULL, NULL),
(2100, '安居区', 242, NULL, NULL),
(2101, '蓬溪县', 242, NULL, NULL),
(2102, '射洪县', 242, NULL, NULL),
(2103, '大英县', 242, NULL, NULL),
(2104, '市中区', 243, NULL, NULL),
(2105, '东兴区', 243, NULL, NULL),
(2106, '威远县', 243, NULL, NULL),
(2107, '资中县', 243, NULL, NULL),
(2108, '隆昌县', 243, NULL, NULL),
(2109, '市中区', 244, NULL, NULL),
(2110, '沙湾区', 244, NULL, NULL),
(2111, '五通桥区', 244, NULL, NULL),
(2112, '金口河区', 244, NULL, NULL),
(2113, '犍为县', 244, NULL, NULL),
(2114, '井研县', 244, NULL, NULL),
(2115, '夹江县', 244, NULL, NULL),
(2116, '沐川县', 244, NULL, NULL),
(2117, '峨边彝族自治县', 244, NULL, NULL),
(2118, '马边彝族自治县', 244, NULL, NULL),
(2119, '峨眉山市', 244, NULL, NULL),
(2120, '顺庆区', 245, NULL, NULL),
(2121, '高坪区', 245, NULL, NULL),
(2122, '嘉陵区', 245, NULL, NULL),
(2123, '南部县', 245, NULL, NULL),
(2124, '营山县', 245, NULL, NULL),
(2125, '蓬安县', 245, NULL, NULL),
(2126, '仪陇县', 245, NULL, NULL),
(2127, '西充县', 245, NULL, NULL),
(2128, '阆中市', 245, NULL, NULL),
(2129, '东坡区', 246, NULL, NULL),
(2130, '仁寿县', 246, NULL, NULL),
(2131, '彭山县', 246, NULL, NULL),
(2132, '洪雅县', 246, NULL, NULL),
(2133, '丹棱县', 246, NULL, NULL),
(2134, '青神县', 246, NULL, NULL),
(2135, '翠屏区', 247, NULL, NULL),
(2136, '宜宾县', 247, NULL, NULL),
(2137, '南溪县', 247, NULL, NULL),
(2138, '江安县', 247, NULL, NULL),
(2139, '长宁县', 247, NULL, NULL),
(2140, '高县', 247, NULL, NULL),
(2141, '珙县', 247, NULL, NULL),
(2142, '筠连县', 247, NULL, NULL),
(2143, '兴文县', 247, NULL, NULL),
(2144, '屏山县', 247, NULL, NULL),
(2145, '广安区', 248, NULL, NULL),
(2146, '岳池县', 248, NULL, NULL),
(2147, '武胜县', 248, NULL, NULL),
(2148, '邻水县', 248, NULL, NULL),
(2149, '华蓥市', 248, NULL, NULL),
(2150, '通川区', 249, NULL, NULL),
(2151, '达县', 249, NULL, NULL),
(2152, '宣汉县', 249, NULL, NULL),
(2153, '开江县', 249, NULL, NULL),
(2154, '大竹县', 249, NULL, NULL),
(2155, '渠县', 249, NULL, NULL),
(2156, '万源市', 249, NULL, NULL),
(2157, '雨城区', 250, NULL, NULL),
(2158, '名山县', 250, NULL, NULL),
(2159, '荥经县', 250, NULL, NULL),
(2160, '汉源县', 250, NULL, NULL),
(2161, '石棉县', 250, NULL, NULL),
(2162, '天全县', 250, NULL, NULL),
(2163, '芦山县', 250, NULL, NULL),
(2164, '宝兴县', 250, NULL, NULL),
(2165, '巴州区', 251, NULL, NULL),
(2166, '通江县', 251, NULL, NULL),
(2167, '南江县', 251, NULL, NULL),
(2168, '平昌县', 251, NULL, NULL),
(2169, '雁江区', 252, NULL, NULL),
(2170, '安岳县', 252, NULL, NULL),
(2171, '乐至县', 252, NULL, NULL),
(2172, '简阳市', 252, NULL, NULL),
(2173, '汶川县', 253, NULL, NULL),
(2174, '理县', 253, NULL, NULL),
(2175, '茂县', 253, NULL, NULL),
(2176, '松潘县', 253, NULL, NULL),
(2177, '九寨沟县', 253, NULL, NULL),
(2178, '金川县', 253, NULL, NULL),
(2179, '小金县', 253, NULL, NULL),
(2180, '黑水县', 253, NULL, NULL),
(2181, '马尔康县', 253, NULL, NULL),
(2182, '壤塘县', 253, NULL, NULL),
(2183, '阿坝县', 253, NULL, NULL),
(2184, '若尔盖县', 253, NULL, NULL),
(2185, '红原县', 253, NULL, NULL),
(2186, '康定县', 254, NULL, NULL),
(2187, '泸定县', 254, NULL, NULL),
(2188, '丹巴县', 254, NULL, NULL),
(2189, '九龙县', 254, NULL, NULL),
(2190, '雅江县', 254, NULL, NULL),
(2191, '道孚县', 254, NULL, NULL),
(2192, '炉霍县', 254, NULL, NULL),
(2193, '甘孜县', 254, NULL, NULL),
(2194, '新龙县', 254, NULL, NULL),
(2195, '德格县', 254, NULL, NULL),
(2196, '白玉县', 254, NULL, NULL),
(2197, '石渠县', 254, NULL, NULL),
(2198, '色达县', 254, NULL, NULL),
(2199, '理塘县', 254, NULL, NULL),
(2200, '巴塘县', 254, NULL, NULL),
(2201, '乡城县', 254, NULL, NULL),
(2202, '稻城县', 254, NULL, NULL),
(2203, '得荣县', 254, NULL, NULL),
(2204, '西昌市', 255, NULL, NULL),
(2205, '木里藏族自治县', 255, NULL, NULL),
(2206, '盐源县', 255, NULL, NULL),
(2207, '德昌县', 255, NULL, NULL),
(2208, '会理县', 255, NULL, NULL),
(2209, '会东县', 255, NULL, NULL),
(2210, '宁南县', 255, NULL, NULL),
(2211, '普格县', 255, NULL, NULL),
(2212, '布拖县', 255, NULL, NULL),
(2213, '金阳县', 255, NULL, NULL),
(2214, '昭觉县', 255, NULL, NULL),
(2215, '喜德县', 255, NULL, NULL),
(2216, '冕宁县', 255, NULL, NULL),
(2217, '越西县', 255, NULL, NULL),
(2218, '甘洛县', 255, NULL, NULL),
(2219, '美姑县', 255, NULL, NULL),
(2220, '雷波县', 255, NULL, NULL),
(2221, '南明区', 256, NULL, NULL),
(2222, '云岩区', 256, NULL, NULL),
(2223, '花溪区', 256, NULL, NULL),
(2224, '乌当区', 256, NULL, NULL),
(2225, '白云区', 256, NULL, NULL),
(2226, '小河区', 256, NULL, NULL),
(2227, '开阳县', 256, NULL, NULL),
(2228, '息烽县', 256, NULL, NULL),
(2229, '修文县', 256, NULL, NULL),
(2230, '清镇市', 256, NULL, NULL),
(2231, '钟山区', 257, NULL, NULL),
(2232, '六枝特区', 257, NULL, NULL),
(2233, '水城县', 257, NULL, NULL),
(2234, '盘县', 257, NULL, NULL),
(2235, '红花岗区', 258, NULL, NULL),
(2236, '汇川区', 258, NULL, NULL),
(2237, '遵义县', 258, NULL, NULL),
(2238, '桐梓县', 258, NULL, NULL),
(2239, '绥阳县', 258, NULL, NULL),
(2240, '正安县', 258, NULL, NULL),
(2241, '道真仡佬族苗族自治县', 258, NULL, NULL),
(2242, '务川仡佬族苗族自治县', 258, NULL, NULL),
(2243, '凤冈县', 258, NULL, NULL),
(2244, '湄潭县', 258, NULL, NULL),
(2245, '余庆县', 258, NULL, NULL),
(2246, '习水县', 258, NULL, NULL),
(2247, '赤水市', 258, NULL, NULL),
(2248, '仁怀市', 258, NULL, NULL),
(2249, '西秀区', 259, NULL, NULL),
(2250, '平坝县', 259, NULL, NULL),
(2251, '普定县', 259, NULL, NULL),
(2252, '镇宁布依族苗族自治县', 259, NULL, NULL),
(2253, '关岭布依族苗族自治县', 259, NULL, NULL),
(2254, '紫云苗族布依族自治县', 259, NULL, NULL),
(2255, '铜仁市', 260, NULL, NULL),
(2256, '江口县', 260, NULL, NULL),
(2257, '玉屏侗族自治县', 260, NULL, NULL),
(2258, '石阡县', 260, NULL, NULL),
(2259, '思南县', 260, NULL, NULL),
(2260, '印江土家族苗族自治县', 260, NULL, NULL),
(2261, '德江县', 260, NULL, NULL),
(2262, '沿河土家族自治县', 260, NULL, NULL),
(2263, '松桃苗族自治县', 260, NULL, NULL),
(2264, '万山特区', 260, NULL, NULL),
(2265, '兴义市', 261, NULL, NULL),
(2266, '兴仁县', 261, NULL, NULL),
(2267, '普安县', 261, NULL, NULL),
(2268, '晴隆县', 261, NULL, NULL),
(2269, '贞丰县', 261, NULL, NULL),
(2270, '望谟县', 261, NULL, NULL),
(2271, '册亨县', 261, NULL, NULL),
(2272, '安龙县', 261, NULL, NULL),
(2273, '毕节市', 262, NULL, NULL),
(2274, '大方县', 262, NULL, NULL),
(2275, '黔西县', 262, NULL, NULL),
(2276, '金沙县', 262, NULL, NULL),
(2277, '织金县', 262, NULL, NULL),
(2278, '纳雍县', 262, NULL, NULL),
(2279, '威宁彝族回族苗族自治县', 262, NULL, NULL),
(2280, '赫章县', 262, NULL, NULL),
(2281, '凯里市', 263, NULL, NULL),
(2282, '黄平县', 263, NULL, NULL),
(2283, '施秉县', 263, NULL, NULL),
(2284, '三穗县', 263, NULL, NULL),
(2285, '镇远县', 263, NULL, NULL),
(2286, '岑巩县', 263, NULL, NULL),
(2287, '天柱县', 263, NULL, NULL),
(2288, '锦屏县', 263, NULL, NULL),
(2289, '剑河县', 263, NULL, NULL),
(2290, '台江县', 263, NULL, NULL),
(2291, '黎平县', 263, NULL, NULL),
(2292, '榕江县', 263, NULL, NULL),
(2293, '从江县', 263, NULL, NULL),
(2294, '雷山县', 263, NULL, NULL),
(2295, '麻江县', 263, NULL, NULL),
(2296, '丹寨县', 263, NULL, NULL),
(2297, '都匀市', 264, NULL, NULL),
(2298, '福泉市', 264, NULL, NULL),
(2299, '荔波县', 264, NULL, NULL),
(2300, '贵定县', 264, NULL, NULL),
(2301, '瓮安县', 264, NULL, NULL),
(2302, '独山县', 264, NULL, NULL),
(2303, '平塘县', 264, NULL, NULL),
(2304, '罗甸县', 264, NULL, NULL),
(2305, '长顺县', 264, NULL, NULL),
(2306, '龙里县', 264, NULL, NULL),
(2307, '惠水县', 264, NULL, NULL),
(2308, '三都水族自治县', 264, NULL, NULL),
(2309, '五华区', 265, NULL, NULL),
(2310, '盘龙区', 265, NULL, NULL),
(2311, '官渡区', 265, NULL, NULL),
(2312, '西山区', 265, NULL, NULL),
(2313, '东川区', 265, NULL, NULL),
(2314, '呈贡县', 265, NULL, NULL),
(2315, '晋宁县', 265, NULL, NULL),
(2316, '富民县', 265, NULL, NULL),
(2317, '宜良县', 265, NULL, NULL),
(2318, '石林彝族自治县', 265, NULL, NULL),
(2319, '嵩明县', 265, NULL, NULL),
(2320, '禄劝彝族苗族自治县', 265, NULL, NULL),
(2321, '寻甸回族彝族自治县', 265, NULL, NULL),
(2322, '安宁市', 265, NULL, NULL),
(2323, '麒麟区', 266, NULL, NULL),
(2324, '马龙县', 266, NULL, NULL),
(2325, '陆良县', 266, NULL, NULL),
(2326, '师宗县', 266, NULL, NULL),
(2327, '罗平县', 266, NULL, NULL),
(2328, '富源县', 266, NULL, NULL),
(2329, '会泽县', 266, NULL, NULL),
(2330, '沾益县', 266, NULL, NULL),
(2331, '宣威市', 266, NULL, NULL),
(2332, '红塔区', 267, NULL, NULL),
(2333, '江川县', 267, NULL, NULL),
(2334, '澄江县', 267, NULL, NULL),
(2335, '通海县', 267, NULL, NULL),
(2336, '华宁县', 267, NULL, NULL),
(2337, '易门县', 267, NULL, NULL),
(2338, '峨山彝族自治县', 267, NULL, NULL),
(2339, '新平彝族傣族自治县', 267, NULL, NULL),
(2340, '元江哈尼族彝族傣族自治县', 267, NULL, NULL),
(2341, '隆阳区', 268, NULL, NULL),
(2342, '施甸县', 268, NULL, NULL),
(2343, '腾冲县', 268, NULL, NULL),
(2344, '龙陵县', 268, NULL, NULL),
(2345, '昌宁县', 268, NULL, NULL),
(2346, '昭阳区', 269, NULL, NULL),
(2347, '鲁甸县', 269, NULL, NULL),
(2348, '巧家县', 269, NULL, NULL),
(2349, '盐津县', 269, NULL, NULL),
(2350, '大关县', 269, NULL, NULL),
(2351, '永善县', 269, NULL, NULL),
(2352, '绥江县', 269, NULL, NULL),
(2353, '镇雄县', 269, NULL, NULL),
(2354, '彝良县', 269, NULL, NULL),
(2355, '威信县', 269, NULL, NULL),
(2356, '水富县', 269, NULL, NULL),
(2357, '古城区', 270, NULL, NULL),
(2358, '玉龙纳西族自治县', 270, NULL, NULL),
(2359, '永胜县', 270, NULL, NULL),
(2360, '华坪县', 270, NULL, NULL),
(2361, '宁蒗彝族自治县', 270, NULL, NULL),
(2362, '翠云区', 271, NULL, NULL),
(2363, '普洱哈尼族彝族自治县', 271, NULL, NULL),
(2364, '墨江哈尼族自治县', 271, NULL, NULL),
(2365, '景东彝族自治县', 271, NULL, NULL),
(2366, '景谷傣族彝族自治县', 271, NULL, NULL),
(2367, '镇沅彝族哈尼族拉祜族自治县', 271, NULL, NULL),
(2368, '江城哈尼族彝族自治县', 271, NULL, NULL),
(2369, '孟连傣族拉祜族佤族自治县', 271, NULL, NULL),
(2370, '澜沧拉祜族自治县', 271, NULL, NULL),
(2371, '西盟佤族自治县', 271, NULL, NULL),
(2372, '临翔区', 272, NULL, NULL),
(2373, '凤庆县', 272, NULL, NULL),
(2374, '云县', 272, NULL, NULL),
(2375, '永德县', 272, NULL, NULL),
(2376, '镇康县', 272, NULL, NULL),
(2377, '双江拉祜族佤族布朗族傣族自治县', 272, NULL, NULL),
(2378, '耿马傣族佤族自治县', 272, NULL, NULL),
(2379, '沧源佤族自治县', 272, NULL, NULL),
(2380, '楚雄市', 273, NULL, NULL),
(2381, '双柏县', 273, NULL, NULL),
(2382, '牟定县', 273, NULL, NULL),
(2383, '南华县', 273, NULL, NULL),
(2384, '姚安县', 273, NULL, NULL),
(2385, '大姚县', 273, NULL, NULL),
(2386, '永仁县', 273, NULL, NULL),
(2387, '元谋县', 273, NULL, NULL),
(2388, '武定县', 273, NULL, NULL),
(2389, '禄丰县', 273, NULL, NULL),
(2390, '个旧市', 274, NULL, NULL),
(2391, '开远市', 274, NULL, NULL),
(2392, '蒙自县', 274, NULL, NULL),
(2393, '屏边苗族自治县', 274, NULL, NULL),
(2394, '建水县', 274, NULL, NULL),
(2395, '石屏县', 274, NULL, NULL),
(2396, '弥勒县', 274, NULL, NULL),
(2397, '泸西县', 274, NULL, NULL),
(2398, '元阳县', 274, NULL, NULL),
(2399, '红河县', 274, NULL, NULL),
(2400, '金平苗族瑶族傣族自治县', 274, NULL, NULL),
(2401, '绿春县', 274, NULL, NULL),
(2402, '河口瑶族自治县', 274, NULL, NULL),
(2403, '文山县', 275, NULL, NULL),
(2404, '砚山县', 275, NULL, NULL),
(2405, '西畴县', 275, NULL, NULL),
(2406, '麻栗坡县', 275, NULL, NULL),
(2407, '马关县', 275, NULL, NULL),
(2408, '丘北县', 275, NULL, NULL),
(2409, '广南县', 275, NULL, NULL),
(2410, '富宁县', 275, NULL, NULL),
(2411, '景洪市', 276, NULL, NULL),
(2412, '勐海县', 276, NULL, NULL),
(2413, '勐腊县', 276, NULL, NULL),
(2414, '大理市', 277, NULL, NULL),
(2415, '漾濞彝族自治县', 277, NULL, NULL),
(2416, '祥云县', 277, NULL, NULL),
(2417, '宾川县', 277, NULL, NULL),
(2418, '弥渡县', 277, NULL, NULL),
(2419, '南涧彝族自治县', 277, NULL, NULL),
(2420, '巍山彝族回族自治县', 277, NULL, NULL),
(2421, '永平县', 277, NULL, NULL),
(2422, '云龙县', 277, NULL, NULL),
(2423, '洱源县', 277, NULL, NULL),
(2424, '剑川县', 277, NULL, NULL),
(2425, '鹤庆县', 277, NULL, NULL),
(2426, '瑞丽市', 278, NULL, NULL),
(2427, '潞西市', 278, NULL, NULL),
(2428, '梁河县', 278, NULL, NULL),
(2429, '盈江县', 278, NULL, NULL),
(2430, '陇川县', 278, NULL, NULL),
(2431, '泸水县', 279, NULL, NULL),
(2432, '福贡县', 279, NULL, NULL),
(2433, '贡山独龙族怒族自治县', 279, NULL, NULL),
(2434, '兰坪白族普米族自治县', 279, NULL, NULL),
(2435, '香格里拉县', 280, NULL, NULL),
(2436, '德钦县', 280, NULL, NULL),
(2437, '维西傈僳族自治县', 280, NULL, NULL),
(2438, '城关区', 281, NULL, NULL),
(2439, '林周县', 281, NULL, NULL),
(2440, '当雄县', 281, NULL, NULL),
(2441, '尼木县', 281, NULL, NULL),
(2442, '曲水县', 281, NULL, NULL),
(2443, '堆龙德庆县', 281, NULL, NULL),
(2444, '达孜县', 281, NULL, NULL),
(2445, '墨竹工卡县', 281, NULL, NULL),
(2446, '昌都县', 282, NULL, NULL),
(2447, '江达县', 282, NULL, NULL),
(2448, '贡觉县', 282, NULL, NULL),
(2449, '类乌齐县', 282, NULL, NULL),
(2450, '丁青县', 282, NULL, NULL),
(2451, '察雅县', 282, NULL, NULL),
(2452, '八宿县', 282, NULL, NULL),
(2453, '左贡县', 282, NULL, NULL),
(2454, '芒康县', 282, NULL, NULL),
(2455, '洛隆县', 282, NULL, NULL),
(2456, '边坝县', 282, NULL, NULL),
(2457, '乃东县', 283, NULL, NULL),
(2458, '扎囊县', 283, NULL, NULL),
(2459, '贡嘎县', 283, NULL, NULL),
(2460, '桑日县', 283, NULL, NULL),
(2461, '琼结县', 283, NULL, NULL),
(2462, '曲松县', 283, NULL, NULL),
(2463, '措美县', 283, NULL, NULL),
(2464, '洛扎县', 283, NULL, NULL),
(2465, '加查县', 283, NULL, NULL),
(2466, '隆子县', 283, NULL, NULL),
(2467, '错那县', 283, NULL, NULL),
(2468, '浪卡子县', 283, NULL, NULL),
(2469, '日喀则市', 284, NULL, NULL),
(2470, '南木林县', 284, NULL, NULL),
(2471, '江孜县', 284, NULL, NULL),
(2472, '定日县', 284, NULL, NULL),
(2473, '萨迦县', 284, NULL, NULL),
(2474, '拉孜县', 284, NULL, NULL),
(2475, '昂仁县', 284, NULL, NULL),
(2476, '谢通门县', 284, NULL, NULL),
(2477, '白朗县', 284, NULL, NULL),
(2478, '仁布县', 284, NULL, NULL),
(2479, '康马县', 284, NULL, NULL),
(2480, '定结县', 284, NULL, NULL),
(2481, '仲巴县', 284, NULL, NULL),
(2482, '亚东县', 284, NULL, NULL),
(2483, '吉隆县', 284, NULL, NULL),
(2484, '聂拉木县', 284, NULL, NULL),
(2485, '萨嘎县', 284, NULL, NULL),
(2486, '岗巴县', 284, NULL, NULL),
(2487, '那曲县', 285, NULL, NULL),
(2488, '嘉黎县', 285, NULL, NULL),
(2489, '比如县', 285, NULL, NULL),
(2490, '聂荣县', 285, NULL, NULL),
(2491, '安多县', 285, NULL, NULL),
(2492, '申扎县', 285, NULL, NULL),
(2493, '索县', 285, NULL, NULL),
(2494, '班戈县', 285, NULL, NULL),
(2495, '巴青县', 285, NULL, NULL),
(2496, '尼玛县', 285, NULL, NULL),
(2497, '普兰县', 286, NULL, NULL),
(2498, '札达县', 286, NULL, NULL),
(2499, '噶尔县', 286, NULL, NULL),
(2500, '日土县', 286, NULL, NULL),
(2501, '革吉县', 286, NULL, NULL),
(2502, '改则县', 286, NULL, NULL),
(2503, '措勤县', 286, NULL, NULL),
(2504, '林芝县', 287, NULL, NULL),
(2505, '工布江达县', 287, NULL, NULL),
(2506, '米林县', 287, NULL, NULL),
(2507, '墨脱县', 287, NULL, NULL),
(2508, '波密县', 287, NULL, NULL),
(2509, '察隅县', 287, NULL, NULL),
(2510, '朗县', 287, NULL, NULL),
(2511, '新城区', 288, NULL, NULL),
(2512, '碑林区', 288, NULL, NULL),
(2513, '莲湖区', 288, NULL, NULL),
(2514, '灞桥区', 288, NULL, NULL),
(2515, '未央区', 288, NULL, NULL),
(2516, '雁塔区', 288, NULL, NULL),
(2517, '阎良区', 288, NULL, NULL),
(2518, '临潼区', 288, NULL, NULL),
(2519, '长安区', 288, NULL, NULL),
(2520, '蓝田县', 288, NULL, NULL),
(2521, '周至县', 288, NULL, NULL),
(2522, '户县', 288, NULL, NULL),
(2523, '高陵县', 288, NULL, NULL),
(2524, '王益区', 289, NULL, NULL),
(2525, '印台区', 289, NULL, NULL),
(2526, '耀州区', 289, NULL, NULL),
(2527, '宜君县', 289, NULL, NULL),
(2528, '渭滨区', 290, NULL, NULL),
(2529, '金台区', 290, NULL, NULL),
(2530, '陈仓区', 290, NULL, NULL),
(2531, '凤翔县', 290, NULL, NULL),
(2532, '岐山县', 290, NULL, NULL),
(2533, '扶风县', 290, NULL, NULL),
(2534, '眉县', 290, NULL, NULL),
(2535, '陇县', 290, NULL, NULL),
(2536, '千阳县', 290, NULL, NULL),
(2537, '麟游县', 290, NULL, NULL),
(2538, '凤县', 290, NULL, NULL),
(2539, '太白县', 290, NULL, NULL),
(2540, '秦都区', 291, NULL, NULL),
(2541, '杨凌区', 291, NULL, NULL),
(2542, '渭城区', 291, NULL, NULL),
(2543, '三原县', 291, NULL, NULL),
(2544, '泾阳县', 291, NULL, NULL),
(2545, '乾县', 291, NULL, NULL),
(2546, '礼泉县', 291, NULL, NULL),
(2547, '永寿县', 291, NULL, NULL),
(2548, '彬县', 291, NULL, NULL),
(2549, '长武县', 291, NULL, NULL),
(2550, '旬邑县', 291, NULL, NULL),
(2551, '淳化县', 291, NULL, NULL),
(2552, '武功县', 291, NULL, NULL),
(2553, '兴平市', 291, NULL, NULL),
(2554, '临渭区', 292, NULL, NULL),
(2555, '华县', 292, NULL, NULL),
(2556, '潼关县', 292, NULL, NULL),
(2557, '大荔县', 292, NULL, NULL),
(2558, '合阳县', 292, NULL, NULL),
(2559, '澄城县', 292, NULL, NULL),
(2560, '蒲城县', 292, NULL, NULL),
(2561, '白水县', 292, NULL, NULL),
(2562, '富平县', 292, NULL, NULL),
(2563, '韩城市', 292, NULL, NULL),
(2564, '华阴市', 292, NULL, NULL),
(2565, '宝塔区', 293, NULL, NULL),
(2566, '延长县', 293, NULL, NULL),
(2567, '延川县', 293, NULL, NULL),
(2568, '子长县', 293, NULL, NULL),
(2569, '安塞县', 293, NULL, NULL),
(2570, '志丹县', 293, NULL, NULL),
(2571, '吴旗县', 293, NULL, NULL),
(2572, '甘泉县', 293, NULL, NULL),
(2573, '富县', 293, NULL, NULL),
(2574, '洛川县', 293, NULL, NULL),
(2575, '宜川县', 293, NULL, NULL),
(2576, '黄龙县', 293, NULL, NULL),
(2577, '黄陵县', 293, NULL, NULL),
(2578, '汉台区', 294, NULL, NULL),
(2579, '南郑县', 294, NULL, NULL),
(2580, '城固县', 294, NULL, NULL),
(2581, '洋县', 294, NULL, NULL),
(2582, '西乡县', 294, NULL, NULL),
(2583, '勉县', 294, NULL, NULL),
(2584, '宁强县', 294, NULL, NULL),
(2585, '略阳县', 294, NULL, NULL),
(2586, '镇巴县', 294, NULL, NULL),
(2587, '留坝县', 294, NULL, NULL),
(2588, '佛坪县', 294, NULL, NULL),
(2589, '榆阳区', 295, NULL, NULL),
(2590, '神木县', 295, NULL, NULL),
(2591, '府谷县', 295, NULL, NULL),
(2592, '横山县', 295, NULL, NULL),
(2593, '靖边县', 295, NULL, NULL),
(2594, '定边县', 295, NULL, NULL),
(2595, '绥德县', 295, NULL, NULL),
(2596, '米脂县', 295, NULL, NULL),
(2597, '佳县', 295, NULL, NULL),
(2598, '吴堡县', 295, NULL, NULL),
(2599, '清涧县', 295, NULL, NULL),
(2600, '子洲县', 295, NULL, NULL),
(2601, '汉滨区', 296, NULL, NULL),
(2602, '汉阴县', 296, NULL, NULL),
(2603, '石泉县', 296, NULL, NULL),
(2604, '宁陕县', 296, NULL, NULL),
(2605, '紫阳县', 296, NULL, NULL),
(2606, '岚皋县', 296, NULL, NULL),
(2607, '平利县', 296, NULL, NULL),
(2608, '镇坪县', 296, NULL, NULL),
(2609, '旬阳县', 296, NULL, NULL),
(2610, '白河县', 296, NULL, NULL),
(2611, '商州区', 297, NULL, NULL),
(2612, '洛南县', 297, NULL, NULL),
(2613, '丹凤县', 297, NULL, NULL),
(2614, '商南县', 297, NULL, NULL),
(2615, '山阳县', 297, NULL, NULL),
(2616, '镇安县', 297, NULL, NULL),
(2617, '柞水县', 297, NULL, NULL),
(2618, '城关区', 298, NULL, NULL),
(2619, '七里河区', 298, NULL, NULL),
(2620, '西固区', 298, NULL, NULL),
(2621, '安宁区', 298, NULL, NULL),
(2622, '红古区', 298, NULL, NULL),
(2623, '永登县', 298, NULL, NULL),
(2624, '皋兰县', 298, NULL, NULL),
(2625, '榆中县', 298, NULL, NULL),
(2626, '金川区', 300, NULL, NULL),
(2627, '永昌县', 300, NULL, NULL),
(2628, '白银区', 301, NULL, NULL),
(2629, '平川区', 301, NULL, NULL),
(2630, '靖远县', 301, NULL, NULL),
(2631, '会宁县', 301, NULL, NULL),
(2632, '景泰县', 301, NULL, NULL),
(2633, '秦城区', 302, NULL, NULL),
(2634, '北道区', 302, NULL, NULL),
(2635, '清水县', 302, NULL, NULL),
(2636, '秦安县', 302, NULL, NULL),
(2637, '甘谷县', 302, NULL, NULL),
(2638, '武山县', 302, NULL, NULL),
(2639, '张家川回族自治县', 302, NULL, NULL),
(2640, '凉州区', 303, NULL, NULL),
(2641, '民勤县', 303, NULL, NULL),
(2642, '古浪县', 303, NULL, NULL),
(2643, '天祝藏族自治县', 303, NULL, NULL),
(2644, '甘州区', 304, NULL, NULL),
(2645, '肃南裕固族自治县', 304, NULL, NULL),
(2646, '民乐县', 304, NULL, NULL),
(2647, '临泽县', 304, NULL, NULL),
(2648, '高台县', 304, NULL, NULL),
(2649, '山丹县', 304, NULL, NULL),
(2650, '崆峒区', 305, NULL, NULL),
(2651, '泾川县', 305, NULL, NULL),
(2652, '灵台县', 305, NULL, NULL),
(2653, '崇信县', 305, NULL, NULL),
(2654, '华亭县', 305, NULL, NULL),
(2655, '庄浪县', 305, NULL, NULL),
(2656, '静宁县', 305, NULL, NULL),
(2657, '肃州区', 306, NULL, NULL),
(2658, '金塔县', 306, NULL, NULL),
(2659, '安西县', 306, NULL, NULL),
(2660, '肃北蒙古族自治县', 306, NULL, NULL),
(2661, '阿克塞哈萨克族自治县', 306, NULL, NULL),
(2662, '玉门市', 306, NULL, NULL),
(2663, '敦煌市', 306, NULL, NULL),
(2664, '西峰区', 307, NULL, NULL),
(2665, '庆城县', 307, NULL, NULL),
(2666, '环县', 307, NULL, NULL),
(2667, '华池县', 307, NULL, NULL),
(2668, '合水县', 307, NULL, NULL),
(2669, '正宁县', 307, NULL, NULL),
(2670, '宁县', 307, NULL, NULL),
(2671, '镇原县', 307, NULL, NULL),
(2672, '安定区', 308, NULL, NULL),
(2673, '通渭县', 308, NULL, NULL),
(2674, '陇西县', 308, NULL, NULL),
(2675, '渭源县', 308, NULL, NULL),
(2676, '临洮县', 308, NULL, NULL),
(2677, '漳县', 308, NULL, NULL),
(2678, '岷县', 308, NULL, NULL),
(2679, '武都区', 309, NULL, NULL),
(2680, '成县', 309, NULL, NULL),
(2681, '文县', 309, NULL, NULL),
(2682, '宕昌县', 309, NULL, NULL),
(2683, '康县', 309, NULL, NULL),
(2684, '西和县', 309, NULL, NULL),
(2685, '礼县', 309, NULL, NULL),
(2686, '徽县', 309, NULL, NULL),
(2687, '两当县', 309, NULL, NULL),
(2688, '临夏市', 310, NULL, NULL),
(2689, '临夏县', 310, NULL, NULL),
(2690, '康乐县', 310, NULL, NULL),
(2691, '永靖县', 310, NULL, NULL),
(2692, '广河县', 310, NULL, NULL),
(2693, '和政县', 310, NULL, NULL),
(2694, '东乡族自治县', 310, NULL, NULL),
(2695, '积石山保安族东乡族撒拉族自治县', 310, NULL, NULL),
(2696, '合作市', 311, NULL, NULL),
(2697, '临潭县', 311, NULL, NULL),
(2698, '卓尼县', 311, NULL, NULL),
(2699, '舟曲县', 311, NULL, NULL),
(2700, '迭部县', 311, NULL, NULL),
(2701, '玛曲县', 311, NULL, NULL),
(2702, '碌曲县', 311, NULL, NULL),
(2703, '夏河县', 311, NULL, NULL),
(2704, '城东区', 312, NULL, NULL),
(2705, '城中区', 312, NULL, NULL),
(2706, '城西区', 312, NULL, NULL),
(2707, '城北区', 312, NULL, NULL),
(2708, '大通回族土族自治县', 312, NULL, NULL),
(2709, '湟中县', 312, NULL, NULL),
(2710, '湟源县', 312, NULL, NULL),
(2711, '平安县', 313, NULL, NULL),
(2712, '民和回族土族自治县', 313, NULL, NULL),
(2713, '乐都县', 313, NULL, NULL),
(2714, '互助土族自治县', 313, NULL, NULL),
(2715, '化隆回族自治县', 313, NULL, NULL),
(2716, '循化撒拉族自治县', 313, NULL, NULL),
(2717, '门源回族自治县', 314, NULL, NULL),
(2718, '祁连县', 314, NULL, NULL),
(2719, '海晏县', 314, NULL, NULL),
(2720, '刚察县', 314, NULL, NULL),
(2721, '同仁县', 315, NULL, NULL),
(2722, '尖扎县', 315, NULL, NULL),
(2723, '泽库县', 315, NULL, NULL),
(2724, '河南蒙古族自治县', 315, NULL, NULL),
(2725, '共和县', 316, NULL, NULL),
(2726, '同德县', 316, NULL, NULL),
(2727, '贵德县', 316, NULL, NULL),
(2728, '兴海县', 316, NULL, NULL),
(2729, '贵南县', 316, NULL, NULL),
(2730, '玛沁县', 317, NULL, NULL),
(2731, '班玛县', 317, NULL, NULL),
(2732, '甘德县', 317, NULL, NULL),
(2733, '达日县', 317, NULL, NULL),
(2734, '久治县', 317, NULL, NULL),
(2735, '玛多县', 317, NULL, NULL),
(2736, '玉树县', 318, NULL, NULL),
(2737, '杂多县', 318, NULL, NULL),
(2738, '称多县', 318, NULL, NULL),
(2739, '治多县', 318, NULL, NULL),
(2740, '囊谦县', 318, NULL, NULL),
(2741, '曲麻莱县', 318, NULL, NULL),
(2742, '格尔木市', 319, NULL, NULL),
(2743, '德令哈市', 319, NULL, NULL),
(2744, '乌兰县', 319, NULL, NULL),
(2745, '都兰县', 319, NULL, NULL),
(2746, '天峻县', 319, NULL, NULL),
(2747, '兴庆区', 320, NULL, NULL),
(2748, '西夏区', 320, NULL, NULL),
(2749, '金凤区', 320, NULL, NULL),
(2750, '永宁县', 320, NULL, NULL),
(2751, '贺兰县', 320, NULL, NULL),
(2752, '灵武市', 320, NULL, NULL),
(2753, '大武口区', 321, NULL, NULL),
(2754, '惠农区', 321, NULL, NULL),
(2755, '平罗县', 321, NULL, NULL),
(2756, '利通区', 322, NULL, NULL),
(2757, '盐池县', 322, NULL, NULL),
(2758, '同心县', 322, NULL, NULL),
(2759, '青铜峡市', 322, NULL, NULL),
(2760, '原州区', 323, NULL, NULL),
(2761, '西吉县', 323, NULL, NULL),
(2762, '隆德县', 323, NULL, NULL),
(2763, '泾源县', 323, NULL, NULL),
(2764, '彭阳县', 323, NULL, NULL),
(2765, '沙坡头区', 324, NULL, NULL),
(2766, '中宁县', 324, NULL, NULL),
(2767, '海原县', 324, NULL, NULL),
(2768, '天山区', 325, NULL, NULL),
(2769, '沙依巴克区', 325, NULL, NULL),
(2770, '新市区', 325, NULL, NULL),
(2771, '水磨沟区', 325, NULL, NULL),
(2772, '头屯河区', 325, NULL, NULL);
INSERT INTO `s_district` (`DistrictID`, `DistrictName`, `CityID`, `DateCreated`, `DateUpdated`) VALUES
(2773, '达坂城区', 325, NULL, NULL),
(2774, '东山区', 325, NULL, NULL),
(2775, '乌鲁木齐县', 325, NULL, NULL),
(2776, '独山子区', 326, NULL, NULL),
(2777, '克拉玛依区', 326, NULL, NULL),
(2778, '白碱滩区', 326, NULL, NULL),
(2779, '乌尔禾区', 326, NULL, NULL),
(2780, '吐鲁番市', 327, NULL, NULL),
(2781, '鄯善县', 327, NULL, NULL),
(2782, '托克逊县', 327, NULL, NULL),
(2783, '哈密市', 328, NULL, NULL),
(2784, '巴里坤哈萨克自治县', 328, NULL, NULL),
(2785, '伊吾县', 328, NULL, NULL),
(2786, '昌吉市', 329, NULL, NULL),
(2787, '阜康市', 329, NULL, NULL),
(2788, '米泉市', 329, NULL, NULL),
(2789, '呼图壁县', 329, NULL, NULL),
(2790, '玛纳斯县', 329, NULL, NULL),
(2791, '奇台县', 329, NULL, NULL),
(2792, '吉木萨尔县', 329, NULL, NULL),
(2793, '木垒哈萨克自治县', 329, NULL, NULL),
(2794, '博乐市', 330, NULL, NULL),
(2795, '精河县', 330, NULL, NULL),
(2796, '温泉县', 330, NULL, NULL),
(2797, '库尔勒市', 331, NULL, NULL),
(2798, '轮台县', 331, NULL, NULL),
(2799, '尉犁县', 331, NULL, NULL),
(2800, '若羌县', 331, NULL, NULL),
(2801, '且末县', 331, NULL, NULL),
(2802, '焉耆回族自治县', 331, NULL, NULL),
(2803, '和静县', 331, NULL, NULL),
(2804, '和硕县', 331, NULL, NULL),
(2805, '博湖县', 331, NULL, NULL),
(2806, '阿克苏市', 332, NULL, NULL),
(2807, '温宿县', 332, NULL, NULL),
(2808, '库车县', 332, NULL, NULL),
(2809, '沙雅县', 332, NULL, NULL),
(2810, '新和县', 332, NULL, NULL),
(2811, '拜城县', 332, NULL, NULL),
(2812, '乌什县', 332, NULL, NULL),
(2813, '阿瓦提县', 332, NULL, NULL),
(2814, '柯坪县', 332, NULL, NULL),
(2815, '阿图什市', 333, NULL, NULL),
(2816, '阿克陶县', 333, NULL, NULL),
(2817, '阿合奇县', 333, NULL, NULL),
(2818, '乌恰县', 333, NULL, NULL),
(2819, '喀什市', 334, NULL, NULL),
(2820, '疏附县', 334, NULL, NULL),
(2821, '疏勒县', 334, NULL, NULL),
(2822, '英吉沙县', 334, NULL, NULL),
(2823, '泽普县', 334, NULL, NULL),
(2824, '莎车县', 334, NULL, NULL),
(2825, '叶城县', 334, NULL, NULL),
(2826, '麦盖提县', 334, NULL, NULL),
(2827, '岳普湖县', 334, NULL, NULL),
(2828, '伽师县', 334, NULL, NULL),
(2829, '巴楚县', 334, NULL, NULL),
(2830, '塔什库尔干塔吉克自治县', 334, NULL, NULL),
(2831, '和田市', 335, NULL, NULL),
(2832, '和田县', 335, NULL, NULL),
(2833, '墨玉县', 335, NULL, NULL),
(2834, '皮山县', 335, NULL, NULL),
(2835, '洛浦县', 335, NULL, NULL),
(2836, '策勒县', 335, NULL, NULL),
(2837, '于田县', 335, NULL, NULL),
(2838, '民丰县', 335, NULL, NULL),
(2839, '伊宁市', 336, NULL, NULL),
(2840, '奎屯市', 336, NULL, NULL),
(2841, '伊宁县', 336, NULL, NULL),
(2842, '察布查尔锡伯自治县', 336, NULL, NULL),
(2843, '霍城县', 336, NULL, NULL),
(2844, '巩留县', 336, NULL, NULL),
(2845, '新源县', 336, NULL, NULL),
(2846, '昭苏县', 336, NULL, NULL),
(2847, '特克斯县', 336, NULL, NULL),
(2848, '尼勒克县', 336, NULL, NULL),
(2849, '塔城市', 337, NULL, NULL),
(2850, '乌苏市', 337, NULL, NULL),
(2851, '额敏县', 337, NULL, NULL),
(2852, '沙湾县', 337, NULL, NULL),
(2853, '托里县', 337, NULL, NULL),
(2854, '裕民县', 337, NULL, NULL),
(2855, '和布克赛尔蒙古自治县', 337, NULL, NULL),
(2856, '阿勒泰市', 338, NULL, NULL),
(2857, '布尔津县', 338, NULL, NULL),
(2858, '富蕴县', 338, NULL, NULL),
(2859, '福海县', 338, NULL, NULL),
(2860, '哈巴河县', 338, NULL, NULL),
(2861, '青河县', 338, NULL, NULL),
(2862, '吉木乃县', 338, NULL, NULL);

-- --------------------------------------------------------

--
-- Table structure for table `s_province`
--

CREATE TABLE IF NOT EXISTS `s_province` (
  `ProvinceID` bigint(20) NOT NULL,
  `ProvinceName` varchar(50) DEFAULT NULL,
  `DateCreated` datetime DEFAULT NULL,
  `DateUpdated` datetime DEFAULT NULL,
  PRIMARY KEY (`ProvinceID`)
) ENGINE=MyISAM DEFAULT CHARSET=utf8;

--
-- Dumping data for table `s_province`
--

INSERT INTO `s_province` (`ProvinceID`, `ProvinceName`, `DateCreated`, `DateUpdated`) VALUES
(1, '北京市', NULL, NULL),
(2, '天津市', NULL, NULL),
(3, '河北省', NULL, NULL),
(4, '山西省', NULL, NULL),
(5, '内蒙古自治区', NULL, NULL),
(6, '辽宁省', NULL, NULL),
(7, '吉林省', NULL, NULL),
(8, '黑龙江省', NULL, NULL),
(9, '上海市', NULL, NULL),
(10, '江苏省', NULL, NULL),
(11, '浙江省', NULL, NULL),
(12, '安徽省', NULL, NULL),
(13, '福建省', NULL, NULL),
(14, '江西省', NULL, NULL),
(15, '山东省', NULL, NULL),
(16, '河南省', NULL, NULL),
(17, '湖北省', NULL, NULL),
(18, '湖南省', NULL, NULL),
(19, '广东省', NULL, NULL),
(20, '广西壮族自治区', NULL, NULL),
(21, '海南省', NULL, NULL),
(22, '重庆市', NULL, NULL),
(23, '四川省', NULL, NULL),
(24, '贵州省', NULL, NULL),
(25, '云南省', NULL, NULL),
(26, '西藏自治区', NULL, NULL),
(27, '陕西省', NULL, NULL),
(28, '甘肃省', NULL, NULL),
(29, '青海省', NULL, NULL),
(30, '宁夏回族自治区', NULL, NULL),
(31, '新疆维吾尔自治区', NULL, NULL),
(32, '香港特别行政区', NULL, NULL),
(33, '澳门特别行政区', NULL, NULL),
(34, '台湾省', NULL, NULL);

-- --------------------------------------------------------

--
-- Table structure for table `user_withdraw`
--

CREATE TABLE IF NOT EXISTS `user_withdraw` (
  `user_withdraw_id` int(10) unsigned NOT NULL AUTO_INCREMENT,
  `identity` varchar(16) COLLATE utf8_unicode_ci NOT NULL DEFAULT 'user' COMMENT 'user/staff/store 用户员工或者商家',
  `identity_id` int(10) unsigned NOT NULL COMMENT '对应身份的ID',
  `store_id` int(10) unsigned NOT NULL DEFAULT '0' COMMENT '如果是用户对商家提现，则此处为商家ID,否则为0',
  `withdraw_amount` decimal(12,2) NOT NULL DEFAULT '0.00' COMMENT '提现金额',
  `status` int(11) NOT NULL DEFAULT '0' COMMENT '提现状态,0:未审核/1:审核通过/2:审核失败/3:提现成功/4:提现失败',
  `created_at` timestamp NULL DEFAULT NULL,
  `updated_at` timestamp NULL DEFAULT CURRENT_TIMESTAMP COMMENT '提现记录更新时间',
  `withdraw_note` varchar(512) COLLATE utf8_unicode_ci NOT NULL DEFAULT '' COMMENT '对提现状态的备注，如审核失败原因，提现失败原因等',
  PRIMARY KEY (`user_withdraw_id`),
  KEY `idx_identity_id` (`identity`,`identity_id`) COMMENT '根据身份和ID查询提现记录',
  KEY `idx_created_at` (`created_at`),
  KEY `idx_updated_at` (`updated_at`)
) ENGINE=InnoDB  DEFAULT CHARSET=utf8 COLLATE=utf8_unicode_ci COMMENT='提现表(商家、用户、员工)' AUTO_INCREMENT=17 ;

--
-- Dumping data for table `user_withdraw`
--

INSERT INTO `user_withdraw` (`user_withdraw_id`, `identity`, `identity_id`, `store_id`, `withdraw_amount`, `status`, `created_at`, `updated_at`, `withdraw_note`) VALUES
(1, 'user', 1, 1, '50.00', 1, '2015-12-08 16:00:00', '2015-12-24 06:44:58', '提现成功，请注意查收'),
(2, 'user', 1, 1, '100.00', 3, '2015-12-14 08:00:00', '2015-12-14 08:39:35', ''),
(3, 'staff', 11, 2, '2.00', 2, '2015-12-15 15:07:44', '2016-01-12 13:59:35', '您的提现申请被驳回'),
(4, 'staff', 11, 2, '100.00', 1, '2015-12-15 15:28:55', '2016-01-12 14:05:36', '提现成功，请注意查收'),
(5, 'staff', 11, 2, '98.00', 0, '2015-12-16 02:44:22', '2015-12-16 02:44:22', ''),
(6, 'staff', 11, 2, '20.00', 0, '2015-12-16 09:37:57', '2015-12-16 09:37:57', ''),
(7, 'staff', 11, 2, '80.00', 2, '2015-12-16 11:55:47', '2015-12-16 11:55:47', ''),
(8, 'staff', 11, 2, '55.00', 1, '2015-12-16 12:46:35', '2015-12-16 12:46:35', ''),
(9, 'staff', 10, 2, '20.00', 0, '2015-12-16 13:32:31', '2015-12-16 13:32:31', ''),
(10, 'staff', 10, 2, '20.00', 0, '2015-12-16 13:33:04', '2015-12-16 13:33:04', ''),
(11, 'staff', 10, 2, '50.00', 0, '2015-12-16 13:48:40', '2015-12-16 13:48:40', ''),
(12, 'staff', 11, 2, '20.00', 0, '2015-12-17 04:20:15', '2015-12-17 04:20:15', ''),
(13, 'staff', 11, 2, '625.00', 0, '2015-12-19 01:38:36', '2015-12-19 01:38:36', ''),
(14, 'staff', 11, 2, '20.00', 0, '2015-12-19 10:35:05', '2015-12-19 10:35:05', ''),
(15, 'staff', 10, 2, '189.00', 1, '2015-12-25 14:01:02', '2015-12-25 14:02:19', '提现成功，请注意查收'),
(16, 'staff', 10, 2, '58.00', 0, '2015-12-30 03:53:16', '2015-12-30 03:53:16', '');

-- --------------------------------------------------------

--
-- Table structure for table `user_withdraw_status`
--

CREATE TABLE IF NOT EXISTS `user_withdraw_status` (
  `id` int(11) NOT NULL AUTO_INCREMENT COMMENT '自增ID',
  `withdraw_id` int(11) NOT NULL DEFAULT '0' COMMENT '提现ID',
  `withdraw_status` int(11) NOT NULL DEFAULT '0' COMMENT '用户提现申请的状态',
  `withdraw_note` varchar(512) NOT NULL DEFAULT '' COMMENT '备注信息',
  `created_at` timestamp NOT NULL DEFAULT CURRENT_TIMESTAMP COMMENT '生成此记录的时间',
  `operator` varchar(64) NOT NULL DEFAULT '' COMMENT '操作人员名称',
  PRIMARY KEY (`id`),
  KEY `idx_withdraw_id` (`withdraw_id`)
) ENGINE=InnoDB  DEFAULT CHARSET=utf8 COMMENT='用户提现申请的状态变更流水记录' AUTO_INCREMENT=8 ;

--
-- Dumping data for table `user_withdraw_status`
--

INSERT INTO `user_withdraw_status` (`id`, `withdraw_id`, `withdraw_status`, `withdraw_note`, `created_at`, `operator`) VALUES
(1, 2, 0, '申请提现', '2015-12-14 08:42:01', '10001'),
(2, 2, 1, '提现审核通过，等待打款', '2015-12-14 08:50:03', 'system'),
(3, 2, 3, '提现成功', '2015-12-14 08:43:02', 'system'),
(4, 1, 1, '提现成功，请注意查收', '2015-12-24 06:44:58', 'root'),
(5, 15, 1, '提现成功，请注意查收', '2015-12-25 14:02:19', 'root'),
(6, 3, 2, '您的提现申请被驳回', '2016-01-12 13:59:35', 'root'),
(7, 4, 1, '提现成功，请注意查收', '2016-01-12 14:05:36', 'root');

-- --------------------------------------------------------

--
-- Table structure for table `withdraw`
--

CREATE TABLE IF NOT EXISTS `withdraw` (
  `withdraw_id` int(10) NOT NULL DEFAULT '0' COMMENT '主键ID',
  `minimum_amount` decimal(12,2) unsigned NOT NULL DEFAULT '0.01' COMMENT '最小提现金额',
  `notice` varchar(256) COLLATE utf8_unicode_ci DEFAULT NULL COMMENT '提现的注意事项，json数据，或者序列化数据'
) ENGINE=InnoDB DEFAULT CHARSET=utf8 COLLATE=utf8_unicode_ci COMMENT='提现的一些限制和注意信息';

--
-- Constraints for dumped tables
--

--
-- Constraints for table `account_auth`
--
ALTER TABLE `account_auth`
  ADD CONSTRAINT `fk_account_auth_customer1` FOREIGN KEY (`customer_id`) REFERENCES `customer` (`customer_id`) ON DELETE NO ACTION ON UPDATE NO ACTION;

/*!40101 SET CHARACTER_SET_CLIENT=@OLD_CHARACTER_SET_CLIENT */;
/*!40101 SET CHARACTER_SET_RESULTS=@OLD_CHARACTER_SET_RESULTS */;
/*!40101 SET COLLATION_CONNECTION=@OLD_COLLATION_CONNECTION */;
